date_time,latitude,longitude,location,crime_type
2023-09-10 00:57:00,17.736724,83.176152,Kurmannapalem,Harassment
2023-01-23 09:11:00,17.808265,83.164092,Dwaraka Nagar,Harassment
2023-02-25 04:55:00,17.700026,83.348475,Jagadamba Junction,Burglary
2023-01-28 17:01:00,17.838804,83.222362,Jagadamba Junction,Vandalism
2023-11-17 20:00:00,17.815727,83.179549,Kurmannapalem,Harassment
2023-08-03 23:06:00,17.792574,83.196626,Madhurawada,Chain Snatching
2023-06-06 07:10:00,17.818487,83.299094,Jagadamba Junction,Theft
2023-03-18 17:51:00,17.794447,83.313165,Gajuwaka,Theft
2023-01-29 08:33:00,17.72328,83.231353,Beach Road,Drunk Driving
2023-05-03 06:12:00,17.73866,83.227469,Asilmetta,Theft
2023-12-20 20:48:00,17.736682,83.194899,NAD Junction,Harassment
2023-07-25 02:57:00,17.81879,83.286071,Kancharapalem,Assault
2023-10-20 01:04:00,17.722335,83.213643,NAD Junction,Theft
2023-05-02 15:20:00,17.722429,83.262924,Jagadamba Junction,Chain Snatching
2023-12-29 00:12:00,17.723679,83.183113,Gajuwaka,Theft
2023-09-02 11:06:00,17.822223,83.201894,Madhurawada,Theft
2023-08-06 13:20:00,17.719923,83.251067,Beach Road,Theft
2023-05-19 21:24:00,17.827354,83.250999,Gajuwaka,Theft
2023-05-28 22:44:00,17.709278,83.218217,Beach Road,Chain Snatching
2023-08-19 15:00:00,17.775617,83.248673,Beach Road,Vandalism
2023-11-04 03:59:00,17.774062,83.189355,Asilmetta,Vandalism
2023-05-16 18:49:00,17.72885,83.184254,Madhurawada,Harassment
2023-09-18 22:39:00,17.683859,83.308664,Beach Road,Theft
2023-02-20 15:05:00,17.809445,83.166543,Gopalapatnam,Harassment
2023-03-15 12:37:00,17.778032,83.1603,Asilmetta,Burglary
2023-07-25 12:10:00,17.796197,83.242268,KRM Colony,Harassment
2023-03-31 07:56:00,17.820922,83.341659,Pedda Waltair,Theft
2023-01-30 07:49:00,17.73191,83.237184,PM Palem,Theft
2023-02-07 13:40:00,17.737447,83.276548,NAD Junction,Burglary
2023-10-13 19:14:00,17.709661,83.255882,NAD Junction,Theft
2023-08-08 23:43:00,17.844895,83.176895,PM Palem,Assault
2023-09-10 06:03:00,17.802531,83.246469,Jagadamba Junction,Harassment
2023-06-03 04:42:00,17.76729,83.261118,Seethammadhara,Burglary
2023-10-30 12:35:00,17.72989,83.278145,Jagadamba Junction,Burglary
2023-11-16 09:08:00,17.701881,83.349605,PM Palem,Harassment
2023-01-18 00:57:00,17.769928,83.346788,Seethammadhara,Harassment
2023-12-20 10:37:00,17.837868,83.236877,Gopalapatnam,Theft
2023-03-06 21:50:00,17.717026,83.265582,Madhurawada,Harassment
2023-09-16 00:44:00,17.744406,83.267648,Kurmannapalem,Assault
2023-02-21 14:29:00,17.749101,83.255249,MVP Colony,Harassment
2023-01-11 14:46:00,17.775298,83.253862,Pedda Waltair,Theft
2023-10-19 09:58:00,17.815457,83.313062,KRM Colony,Assault
2023-12-17 11:33:00,17.842295,83.163801,Kurmannapalem,Theft
2023-09-01 01:11:00,17.758619,83.181427,Jagadamba Junction,Burglary
2023-08-08 03:10:00,17.786339,83.316044,Dwaraka Nagar,Theft
2023-09-12 00:42:00,17.822065,83.352976,Seethammadhara,Theft
2023-02-27 20:40:00,17.826242,83.252524,Beach Road,Chain Snatching
2023-02-15 00:56:00,17.748637,83.244354,KRM Colony,Assault
2023-05-14 02:03:00,17.810537,83.215673,Gajuwaka,Chain Snatching
2023-11-13 22:39:00,17.704631,83.358556,Madhurawada,Vandalism
2023-08-27 09:17:00,17.777994,83.354803,Gopalapatnam,Theft
2023-11-15 08:43:00,17.693645,83.259627,Kancharapalem,Vandalism
2023-05-06 09:02:00,17.7996,83.284308,MVP Colony,Burglary
2023-05-12 06:57:00,17.732975,83.234972,Dwaraka Nagar,Theft
2023-01-12 06:50:00,17.72427,83.176624,Madhurawada,Theft
2023-11-22 18:04:00,17.843579,83.203869,NAD Junction,Vandalism
2023-09-08 16:42:00,17.721369,83.286385,MVP Colony,Theft
2023-06-01 01:55:00,17.692614,83.309709,MVP Colony,Drunk Driving
2023-05-27 10:04:00,17.783521,83.226635,PM Palem,Burglary
2023-01-09 18:21:00,17.824763,83.350145,Dwaraka Nagar,Chain Snatching
2023-08-26 23:30:00,17.749193,83.320736,PM Palem,Assault
2023-03-23 05:16:00,17.730801,83.341476,KRM Colony,Harassment
2023-08-13 04:32:00,17.684964,83.295228,Pedda Waltair,Harassment
2023-08-13 10:37:00,17.780235,83.296932,PM Palem,Harassment
2023-06-29 04:44:00,17.760146,83.200989,PM Palem,Theft
2023-04-24 15:57:00,17.830645,83.269985,Dwaraka Nagar,Assault
2023-03-22 06:14:00,17.73985,83.252594,Asilmetta,Burglary
2023-02-21 09:23:00,17.754997,83.277812,Dwaraka Nagar,Chain Snatching
2023-11-27 23:41:00,17.775952,83.325051,Madhurawada,Harassment
2023-12-30 09:14:00,17.81371,83.186696,Kancharapalem,Drunk Driving
2023-12-05 00:03:00,17.820721,83.285434,Gajuwaka,Theft
2023-03-21 05:26:00,17.793259,83.184421,NAD Junction,Theft
2023-05-28 18:32:00,17.733808,83.335406,NAD Junction,Theft
2023-11-01 22:02:00,17.74374,83.220509,Madhurawada,Burglary
2023-05-13 21:42:00,17.769804,83.246969,Jagadamba Junction,Drunk Driving
2023-10-30 11:51:00,17.828271,83.234086,KRM Colony,Chain Snatching
2023-07-09 22:42:00,17.841738,83.231017,KRM Colony,Assault
2023-02-26 11:34:00,17.705305,83.263661,Gajuwaka,Drunk Driving
2023-01-25 04:42:00,17.751478,83.303832,Madhurawada,Harassment
2023-10-20 03:46:00,17.822915,83.168585,Kancharapalem,Harassment
2023-08-02 11:00:00,17.793515,83.173713,KRM Colony,Theft
2023-09-08 10:11:00,17.768788,83.34984,Gopalapatnam,Theft
2023-09-29 14:52:00,17.79455,83.213924,Asilmetta,Burglary
2023-12-30 14:58:00,17.81368,83.170183,Dwaraka Nagar,Theft
2023-12-06 04:59:00,17.697288,83.162666,Beach Road,Theft
2023-02-25 04:31:00,17.837212,83.196645,KRM Colony,Assault
2023-09-02 22:35:00,17.771742,83.189352,Jagadamba Junction,Drunk Driving
2023-11-04 19:14:00,17.845988,83.322212,Gajuwaka,Theft
2023-02-19 21:38:00,17.840789,83.351328,Beach Road,Theft
2023-01-20 17:21:00,17.734122,83.211347,Beach Road,Burglary
2023-07-09 14:12:00,17.727744,83.211069,Seethammadhara,Harassment
2023-10-23 19:21:00,17.759164,83.241969,Madhurawada,Theft
2023-05-02 20:35:00,17.815973,83.266361,Beach Road,Theft
2023-04-27 23:56:00,17.735134,83.288572,MVP Colony,Burglary
2023-11-11 06:26:00,17.79028,83.302492,Gajuwaka,Harassment
2023-07-27 16:28:00,17.801695,83.250857,Kancharapalem,Harassment
2023-12-22 09:09:00,17.723376,83.28675,NAD Junction,Chain Snatching
2023-11-28 19:59:00,17.716961,83.268796,Dwaraka Nagar,Chain Snatching
2023-01-14 14:17:00,17.831734,83.358406,Dwaraka Nagar,Assault
2023-04-05 19:49:00,17.737789,83.177564,Madhurawada,Theft
2023-05-06 21:34:00,17.806571,83.323671,Madhurawada,Harassment
2023-05-13 13:43:00,17.723214,83.245093,NAD Junction,Assault
2023-10-10 02:15:00,17.845051,83.197253,Kancharapalem,Assault
2023-05-22 22:21:00,17.813125,83.341995,Asilmetta,Theft
2023-07-03 22:00:00,17.791984,83.170247,KRM Colony,Theft
2023-06-12 04:42:00,17.775909,83.292213,Beach Road,Chain Snatching
2023-05-23 20:04:00,17.681251,83.254694,Madhurawada,Theft
2023-07-22 21:26:00,17.837578,83.207958,Dwaraka Nagar,Theft
2023-11-16 03:16:00,17.745201,83.355613,Dwaraka Nagar,Theft
2023-09-11 14:36:00,17.68679,83.320543,Seethammadhara,Theft
2023-03-16 07:32:00,17.775237,83.193322,Madhurawada,Chain Snatching
2023-11-23 01:58:00,17.75816,83.195174,NAD Junction,Burglary
2023-10-31 13:09:00,17.803895,83.218031,PM Palem,Theft
2023-01-11 10:56:00,17.712348,83.239969,Jagadamba Junction,Assault
2023-11-17 01:19:00,17.840633,83.349877,Dwaraka Nagar,Theft
2023-06-17 11:19:00,17.687724,83.299961,PM Palem,Vandalism
2023-10-08 18:09:00,17.705907,83.169499,Kurmannapalem,Theft
2023-07-21 19:13:00,17.765773,83.186139,Gopalapatnam,Assault
2023-01-09 03:06:00,17.703772,83.23293,NAD Junction,Theft
2023-08-22 16:55:00,17.841122,83.296665,Seethammadhara,Theft
2023-10-17 21:24:00,17.692483,83.240453,Kurmannapalem,Burglary
2023-10-06 13:44:00,17.785058,83.334054,Pedda Waltair,Chain Snatching
2023-06-23 07:43:00,17.737499,83.356914,Gopalapatnam,Theft
2023-01-30 10:05:00,17.733478,83.222807,Kancharapalem,Theft
2023-01-10 08:53:00,17.818148,83.204945,NAD Junction,Theft
2023-01-03 03:46:00,17.767384,83.281489,PM Palem,Chain Snatching
2023-09-19 13:16:00,17.682593,83.170762,Gopalapatnam,Assault
2023-01-09 17:41:00,17.790417,83.330564,KRM Colony,Vandalism
2023-09-20 11:19:00,17.784101,83.251792,Pedda Waltair,Vandalism
2023-10-14 18:29:00,17.732705,83.23282,MVP Colony,Theft
2023-10-16 22:05:00,17.697696,83.194041,Gopalapatnam,Theft
2023-06-01 09:46:00,17.842494,83.185825,KRM Colony,Assault
2023-05-20 15:18:00,17.724478,83.241977,Kancharapalem,Assault
2023-07-18 04:36:00,17.805616,83.193038,KRM Colony,Chain Snatching
2023-05-19 01:50:00,17.746001,83.263978,Kurmannapalem,Theft
2023-09-23 20:56:00,17.830719,83.346629,Beach Road,Theft
2023-04-02 01:54:00,17.733735,83.198273,Kancharapalem,Theft
2023-08-15 13:54:00,17.804794,83.271713,Beach Road,Harassment
2023-06-16 04:18:00,17.788434,83.342091,Madhurawada,Vandalism
2023-08-07 02:30:00,17.707706,83.189175,Dwaraka Nagar,Theft
2023-07-21 22:51:00,17.681174,83.249227,KRM Colony,Theft
2023-02-14 14:13:00,17.782939,83.294626,Beach Road,Burglary
2023-08-05 12:36:00,17.820453,83.200587,Kancharapalem,Burglary
2023-06-01 06:04:00,17.821868,83.310268,Madhurawada,Vandalism
2023-10-05 23:19:00,17.833466,83.336607,PM Palem,Drunk Driving
2023-08-26 03:08:00,17.696601,83.342976,Kancharapalem,Assault
2023-09-11 04:35:00,17.776577,83.285369,Jagadamba Junction,Theft
2023-07-17 19:29:00,17.716497,83.337951,Dwaraka Nagar,Theft
2023-11-06 12:30:00,17.8016,83.276303,Kurmannapalem,Theft
2023-01-23 20:11:00,17.705863,83.238102,Beach Road,Chain Snatching
2023-12-16 04:53:00,17.697622,83.196064,Kancharapalem,Theft
2023-05-31 18:27:00,17.815451,83.209423,Kurmannapalem,Vandalism
2023-12-10 00:42:00,17.760805,83.216809,MVP Colony,Chain Snatching
2023-07-20 15:00:00,17.718676,83.284671,Jagadamba Junction,Burglary
2023-11-08 17:26:00,17.737798,83.303541,MVP Colony,Assault
2023-09-24 22:36:00,17.722263,83.176016,Kurmannapalem,Burglary
2023-10-03 07:30:00,17.703028,83.210079,MVP Colony,Chain Snatching
2023-04-30 03:50:00,17.815805,83.169019,Dwaraka Nagar,Harassment
2023-02-18 18:35:00,17.770442,83.27409,NAD Junction,Chain Snatching
2023-12-03 13:51:00,17.769246,83.287514,Asilmetta,Theft
2023-12-12 09:09:00,17.699336,83.345997,Jagadamba Junction,Harassment
2023-04-25 08:32:00,17.70441,83.267672,Kancharapalem,Vandalism
2023-10-19 14:51:00,17.824359,83.225918,Dwaraka Nagar,Harassment
2023-02-14 18:50:00,17.694763,83.176622,Seethammadhara,Assault
2023-07-17 17:28:00,17.810498,83.262272,Asilmetta,Assault
2023-06-05 10:55:00,17.724972,83.286607,NAD Junction,Harassment
2023-03-19 16:02:00,17.84791,83.210103,Dwaraka Nagar,Burglary
2023-02-26 00:33:00,17.829962,83.279874,Jagadamba Junction,Theft
2023-09-12 14:52:00,17.814845,83.221859,Pedda Waltair,Harassment
2023-09-05 01:24:00,17.729187,83.327204,Jagadamba Junction,Assault
2023-07-29 08:51:00,17.735688,83.184493,MVP Colony,Chain Snatching
2023-06-19 13:56:00,17.775193,83.19066,Gopalapatnam,Theft
2023-10-31 23:04:00,17.713527,83.189587,PM Palem,Harassment
2023-05-16 22:43:00,17.794083,83.229014,Beach Road,Assault
2023-12-22 21:24:00,17.702434,83.257154,Gajuwaka,Vandalism
2023-06-16 16:01:00,17.812212,83.175185,Beach Road,Theft
2023-03-29 22:08:00,17.792944,83.192262,Dwaraka Nagar,Harassment
2023-06-16 20:23:00,17.800352,83.351734,Gajuwaka,Harassment
2023-12-03 03:32:00,17.840765,83.255162,Kancharapalem,Vandalism
2023-03-10 22:28:00,17.68621,83.311859,Jagadamba Junction,Theft
2023-07-16 21:46:00,17.846284,83.336337,Kancharapalem,Chain Snatching
2023-03-13 12:35:00,17.769258,83.24147,KRM Colony,Harassment
2023-09-03 12:49:00,17.785755,83.186018,PM Palem,Vandalism
2023-02-12 09:47:00,17.848199,83.233748,Madhurawada,Harassment
2023-11-09 08:36:00,17.689655,83.359192,Gopalapatnam,Theft
2023-09-10 12:05:00,17.843628,83.209591,Kurmannapalem,Assault
2023-06-10 00:40:00,17.788578,83.255594,Dwaraka Nagar,Drunk Driving
2023-03-10 15:37:00,17.777076,83.335189,Seethammadhara,Theft
2023-07-07 00:24:00,17.796733,83.342257,PM Palem,Vandalism
2023-08-07 20:40:00,17.783731,83.240628,Kancharapalem,Harassment
2023-09-07 21:30:00,17.685881,83.256155,Kancharapalem,Assault
2023-10-25 04:07:00,17.794077,83.212043,Pedda Waltair,Harassment
2023-06-20 02:14:00,17.787663,83.214778,Pedda Waltair,Theft
2023-06-24 04:21:00,17.786298,83.210904,Gopalapatnam,Assault
2023-07-24 06:53:00,17.822903,83.191232,PM Palem,Vandalism
2023-11-22 09:12:00,17.691109,83.199479,Jagadamba Junction,Chain Snatching
2023-12-24 15:24:00,17.825444,83.164438,Jagadamba Junction,Burglary
2023-07-29 22:41:00,17.749198,83.2221,Gajuwaka,Theft
2023-05-06 21:11:00,17.686933,83.264547,Jagadamba Junction,Harassment
2023-07-16 04:17:00,17.743357,83.299249,Gajuwaka,Assault
2023-04-13 11:12:00,17.839634,83.265452,Madhurawada,Vandalism
2023-04-20 07:02:00,17.818189,83.196746,Seethammadhara,Assault
2023-06-29 21:15:00,17.731054,83.173827,Seethammadhara,Vandalism
2023-12-20 15:59:00,17.839337,83.319721,Asilmetta,Assault
2023-08-23 13:28:00,17.736499,83.290908,Dwaraka Nagar,Harassment
2023-04-27 19:40:00,17.770093,83.182075,Dwaraka Nagar,Assault
2023-08-29 13:32:00,17.761342,83.171821,Dwaraka Nagar,Theft
2023-02-10 17:51:00,17.727814,83.324566,Jagadamba Junction,Burglary
2023-10-12 08:15:00,17.839199,83.175962,Kurmannapalem,Harassment
2023-09-01 08:21:00,17.719065,83.279275,Kurmannapalem,Theft
2023-07-08 19:37:00,17.78191,83.348153,Gopalapatnam,Theft
2023-12-10 06:41:00,17.782335,83.351064,KRM Colony,Theft
2023-06-17 08:01:00,17.788106,83.164129,Jagadamba Junction,Theft
2023-02-08 15:59:00,17.722038,83.322343,Seethammadhara,Drunk Driving
2023-01-15 12:48:00,17.683251,83.224004,Gopalapatnam,Assault
2023-03-16 19:49:00,17.737155,83.276103,Seethammadhara,Theft
2023-12-10 00:35:00,17.709664,83.164859,Seethammadhara,Drunk Driving
2023-04-21 10:58:00,17.74117,83.251158,PM Palem,Theft
2023-05-24 00:53:00,17.704318,83.235412,PM Palem,Harassment
2023-01-29 03:16:00,17.730536,83.21339,Gopalapatnam,Harassment
2023-04-23 11:30:00,17.763895,83.300347,MVP Colony,Vandalism
2023-04-21 12:18:00,17.772217,83.271597,Kancharapalem,Assault
2023-04-02 23:53:00,17.793569,83.288115,Beach Road,Theft
2023-01-08 06:24:00,17.714512,83.317675,Seethammadhara,Assault
2023-07-10 21:41:00,17.740094,83.327971,Kurmannapalem,Drunk Driving
2023-05-17 02:13:00,17.840088,83.267492,Jagadamba Junction,Assault
2023-02-22 14:29:00,17.835473,83.215974,Gopalapatnam,Chain Snatching
2023-11-21 02:26:00,17.846922,83.290629,Pedda Waltair,Burglary
2023-01-14 08:08:00,17.682866,83.253583,Asilmetta,Harassment
2023-10-10 15:28:00,17.792111,83.302168,PM Palem,Theft
2023-01-07 13:09:00,17.686367,83.251982,NAD Junction,Burglary
2023-02-09 08:35:00,17.786669,83.319313,NAD Junction,Vandalism
2023-01-02 21:17:00,17.681651,83.196511,Gajuwaka,Drunk Driving
2023-05-08 21:52:00,17.78081,83.161884,NAD Junction,Drunk Driving
2023-10-04 09:10:00,17.796128,83.161449,NAD Junction,Assault
2023-09-25 20:41:00,17.845078,83.178871,Seethammadhara,Burglary
2023-11-12 04:37:00,17.836175,83.324992,Seethammadhara,Chain Snatching
2023-06-04 07:40:00,17.801559,83.330567,Kurmannapalem,Theft
2023-12-07 03:07:00,17.784867,83.196959,Madhurawada,Harassment
2023-07-14 02:31:00,17.68982,83.192424,Kancharapalem,Vandalism
2023-01-11 02:45:00,17.703299,83.326455,Dwaraka Nagar,Theft
2023-10-21 16:39:00,17.828752,83.187949,MVP Colony,Burglary
2023-05-18 00:06:00,17.841805,83.286108,Seethammadhara,Assault
2023-12-03 04:17:00,17.715882,83.264975,Pedda Waltair,Assault
2023-09-26 23:03:00,17.722194,83.332282,Dwaraka Nagar,Chain Snatching
2023-12-19 12:51:00,17.814069,83.274955,Gajuwaka,Theft
2023-11-24 06:32:00,17.757167,83.349452,Seethammadhara,Burglary
2023-10-11 00:56:00,17.680929,83.315485,MVP Colony,Assault
2023-07-20 05:49:00,17.723557,83.354623,MVP Colony,Vandalism
2023-10-23 00:03:00,17.718901,83.314022,PM Palem,Burglary
2023-08-17 01:19:00,17.849081,83.299043,Gajuwaka,Harassment
2023-10-05 04:44:00,17.71427,83.35934,Gopalapatnam,Harassment
2023-07-07 21:10:00,17.754553,83.28997,Beach Road,Theft
2023-10-18 20:13:00,17.712537,83.174709,Asilmetta,Vandalism
2023-01-11 09:54:00,17.847107,83.211936,KRM Colony,Harassment
2023-09-03 18:23:00,17.724444,83.303178,Dwaraka Nagar,Theft
2023-07-08 04:06:00,17.716556,83.236047,NAD Junction,Vandalism
2023-07-30 21:48:00,17.732272,83.335406,Madhurawada,Harassment
2023-01-18 10:52:00,17.779238,83.291286,NAD Junction,Assault
2023-12-31 00:10:00,17.75364,83.309118,Jagadamba Junction,Harassment
2023-01-02 01:17:00,17.73101,83.241301,Gajuwaka,Theft
2023-10-13 04:03:00,17.70311,83.31895,Jagadamba Junction,Burglary
2023-05-05 02:10:00,17.805555,83.193549,Beach Road,Chain Snatching
2023-05-11 03:42:00,17.693214,83.198302,Gajuwaka,Burglary
2023-09-09 09:33:00,17.739654,83.163918,Madhurawada,Theft
2023-11-16 19:08:00,17.68156,83.339824,Dwaraka Nagar,Harassment
2023-07-14 05:06:00,17.821351,83.304912,NAD Junction,Burglary
2023-06-14 16:14:00,17.702951,83.262869,KRM Colony,Harassment
2023-01-08 12:05:00,17.828831,83.253382,Asilmetta,Harassment
2023-03-19 14:22:00,17.7507,83.29168,PM Palem,Assault
2023-05-03 08:44:00,17.684751,83.251598,NAD Junction,Vandalism
2023-06-29 06:14:00,17.848995,83.297372,Madhurawada,Vandalism
2023-12-06 10:44:00,17.815365,83.229216,Beach Road,Theft
2023-01-13 17:17:00,17.717712,83.279015,Pedda Waltair,Harassment
2023-12-19 15:58:00,17.683357,83.258685,PM Palem,Drunk Driving
2023-03-23 18:58:00,17.683981,83.249782,Dwaraka Nagar,Harassment
2023-03-24 00:00:00,17.716577,83.166655,Gopalapatnam,Vandalism
2023-03-05 07:35:00,17.739614,83.204741,MVP Colony,Harassment
2023-08-03 20:12:00,17.708678,83.299935,Gajuwaka,Chain Snatching
2023-03-13 06:52:00,17.847178,83.337326,Pedda Waltair,Assault
2023-11-30 12:17:00,17.843813,83.164238,Pedda Waltair,Chain Snatching
2023-08-23 00:49:00,17.818666,83.311697,Kurmannapalem,Chain Snatching
2023-01-27 01:08:00,17.727733,83.21876,Gajuwaka,Chain Snatching
2023-10-16 21:04:00,17.830372,83.161187,Dwaraka Nagar,Harassment
2023-07-08 02:46:00,17.702361,83.261443,Asilmetta,Assault
2023-05-19 05:48:00,17.823705,83.291844,Dwaraka Nagar,Assault
2023-09-07 22:37:00,17.824913,83.224269,MVP Colony,Harassment
2023-12-29 04:58:00,17.770918,83.278868,Gopalapatnam,Harassment
2023-05-09 11:19:00,17.815862,83.285798,Dwaraka Nagar,Theft
2023-12-23 14:34:00,17.690372,83.165881,Pedda Waltair,Harassment
2023-11-15 14:11:00,17.78119,83.219535,Seethammadhara,Theft
2023-08-09 20:21:00,17.82419,83.16475,Kurmannapalem,Burglary
2023-09-28 05:45:00,17.716518,83.3279,Pedda Waltair,Drunk Driving
2023-06-19 22:21:00,17.822812,83.25283,KRM Colony,Burglary
2023-04-30 00:38:00,17.71188,83.30254,Madhurawada,Vandalism
2023-12-12 12:02:00,17.796983,83.175602,Seethammadhara,Vandalism
2023-08-24 01:18:00,17.82621,83.241984,NAD Junction,Vandalism
2023-08-31 07:27:00,17.764579,83.350579,Asilmetta,Theft
2023-08-30 08:14:00,17.848733,83.191445,PM Palem,Harassment
2023-06-05 12:57:00,17.833997,83.330324,Gajuwaka,Assault
2023-02-02 12:19:00,17.793949,83.226956,Madhurawada,Harassment
2023-04-09 23:23:00,17.788145,83.233547,NAD Junction,Theft
2023-03-22 19:03:00,17.792855,83.355756,Gajuwaka,Assault
2023-10-08 05:16:00,17.789947,83.292856,Dwaraka Nagar,Chain Snatching
2023-07-25 06:55:00,17.730921,83.192852,Gajuwaka,Vandalism
2023-06-04 22:40:00,17.771674,83.260348,Dwaraka Nagar,Harassment
2023-12-15 10:42:00,17.770307,83.311751,MVP Colony,Vandalism
2023-02-08 08:20:00,17.780891,83.21694,Kancharapalem,Assault
2023-11-04 19:41:00,17.780941,83.186781,Seethammadhara,Drunk Driving
2023-02-01 16:21:00,17.707549,83.273893,Dwaraka Nagar,Harassment
2023-07-11 17:03:00,17.790254,83.197909,Jagadamba Junction,Theft
2023-01-05 22:33:00,17.764364,83.33147,Beach Road,Theft
2023-03-04 02:43:00,17.748709,83.319931,PM Palem,Assault
2023-09-23 14:26:00,17.78949,83.187427,Jagadamba Junction,Theft
2023-12-25 06:27:00,17.721874,83.256424,NAD Junction,Burglary
2023-03-30 08:21:00,17.704385,83.345772,PM Palem,Chain Snatching
2023-03-30 22:10:00,17.764943,83.353481,Kurmannapalem,Harassment
2023-08-08 00:42:00,17.712265,83.322265,PM Palem,Burglary
2023-10-24 11:48:00,17.758428,83.347071,Dwaraka Nagar,Assault
2023-02-23 16:53:00,17.841888,83.171091,Gajuwaka,Assault
2023-01-03 00:15:00,17.819493,83.296312,PM Palem,Theft
2023-06-14 10:29:00,17.820311,83.235016,Pedda Waltair,Chain Snatching
2023-12-07 05:19:00,17.77512,83.328075,MVP Colony,Harassment
2023-07-23 13:52:00,17.700842,83.332313,Gajuwaka,Drunk Driving
2023-08-30 11:59:00,17.683432,83.310763,Beach Road,Burglary
2023-05-05 15:17:00,17.752879,83.164396,Jagadamba Junction,Harassment
2023-07-09 19:36:00,17.813732,83.265494,KRM Colony,Theft
2023-07-03 17:35:00,17.83698,83.316745,Beach Road,Vandalism
2023-05-06 12:26:00,17.825582,83.327794,Seethammadhara,Vandalism
2023-07-26 07:12:00,17.764737,83.264957,PM Palem,Chain Snatching
2023-10-20 00:33:00,17.776584,83.214959,Kancharapalem,Assault
2023-07-16 01:27:00,17.821025,83.230101,NAD Junction,Harassment
2023-12-21 08:39:00,17.843836,83.304354,MVP Colony,Vandalism
2023-09-06 03:00:00,17.775154,83.178774,Kancharapalem,Vandalism
2023-11-20 21:01:00,17.683287,83.351734,Jagadamba Junction,Theft
2023-02-26 00:14:00,17.720175,83.194477,Madhurawada,Theft
2023-09-18 17:19:00,17.830425,83.27339,Madhurawada,Theft
2023-07-08 07:36:00,17.811563,83.324813,Dwaraka Nagar,Theft
2023-08-20 20:48:00,17.835564,83.276596,PM Palem,Assault
2023-06-01 18:08:00,17.790572,83.173157,Gopalapatnam,Vandalism
2023-05-31 19:57:00,17.809346,83.187505,Gopalapatnam,Assault
2023-10-22 17:26:00,17.738522,83.210954,Seethammadhara,Harassment
2023-01-25 22:32:00,17.798616,83.26182,NAD Junction,Chain Snatching
2023-11-15 18:59:00,17.758752,83.163909,Beach Road,Burglary
2023-10-31 02:09:00,17.75757,83.275449,Asilmetta,Theft
2023-06-24 17:36:00,17.758428,83.205612,MVP Colony,Vandalism
2023-04-22 22:07:00,17.847438,83.331446,Jagadamba Junction,Burglary
2023-12-23 23:31:00,17.698164,83.286053,Dwaraka Nagar,Burglary
2023-09-18 01:43:00,17.829149,83.309812,Asilmetta,Harassment
2023-11-15 02:58:00,17.810279,83.202831,NAD Junction,Theft
2023-07-19 20:19:00,17.706578,83.218751,MVP Colony,Harassment
2023-01-30 22:04:00,17.819311,83.26923,Dwaraka Nagar,Assault
2023-05-03 14:43:00,17.832132,83.33458,Jagadamba Junction,Vandalism
2023-01-11 11:05:00,17.792338,83.255613,NAD Junction,Harassment
2023-06-09 11:33:00,17.692549,83.227154,PM Palem,Assault
2023-02-02 03:56:00,17.834818,83.198218,PM Palem,Vandalism
2023-07-01 17:00:00,17.839122,83.309511,Asilmetta,Theft
2023-12-06 15:08:00,17.726438,83.222334,Kurmannapalem,Chain Snatching
2023-09-08 04:36:00,17.792989,83.175939,PM Palem,Drunk Driving
2023-07-01 20:00:00,17.722197,83.268515,NAD Junction,Harassment
2023-05-16 09:25:00,17.685823,83.205551,Beach Road,Assault
2023-02-05 05:56:00,17.821539,83.240837,KRM Colony,Assault
2023-05-14 18:09:00,17.769267,83.353023,Jagadamba Junction,Burglary
2023-09-12 04:00:00,17.710989,83.234127,Seethammadhara,Drunk Driving
2023-05-29 19:23:00,17.836685,83.275055,MVP Colony,Theft
2023-02-23 23:29:00,17.687976,83.301778,Dwaraka Nagar,Drunk Driving
2023-06-24 12:22:00,17.79805,83.288348,KRM Colony,Theft
2023-03-08 06:05:00,17.843181,83.305624,Seethammadhara,Theft
2023-11-21 04:49:00,17.780874,83.173182,Gopalapatnam,Assault
2023-12-20 16:55:00,17.725431,83.213488,PM Palem,Assault
2023-03-16 19:00:00,17.757094,83.160583,Asilmetta,Chain Snatching
2023-12-14 20:07:00,17.841024,83.281056,PM Palem,Burglary
2023-11-15 14:50:00,17.830484,83.273434,Pedda Waltair,Harassment
2023-07-14 01:05:00,17.793899,83.309206,NAD Junction,Vandalism
2023-05-31 00:31:00,17.819197,83.324269,Beach Road,Vandalism
2023-08-25 23:55:00,17.793076,83.339995,PM Palem,Drunk Driving
2023-12-28 04:23:00,17.715596,83.24372,Gopalapatnam,Theft
2023-08-12 18:23:00,17.778277,83.259965,Asilmetta,Drunk Driving
2023-09-06 21:22:00,17.792443,83.254287,Asilmetta,Assault
2023-06-23 00:50:00,17.683542,83.286005,PM Palem,Harassment
2023-01-28 11:24:00,17.834597,83.314417,NAD Junction,Theft
2023-06-14 15:45:00,17.753366,83.336408,NAD Junction,Theft
2023-07-23 10:11:00,17.759126,83.324261,Beach Road,Harassment
2023-08-11 07:35:00,17.703092,83.204148,Gajuwaka,Chain Snatching
2023-11-01 09:38:00,17.748648,83.188084,MVP Colony,Drunk Driving
2023-01-12 22:12:00,17.796337,83.185079,Jagadamba Junction,Burglary
2023-08-18 03:52:00,17.748857,83.193484,Asilmetta,Chain Snatching
2023-06-05 16:01:00,17.846458,83.185643,Gajuwaka,Harassment
2023-07-05 01:22:00,17.843934,83.164405,Pedda Waltair,Theft
2023-10-30 10:30:00,17.793477,83.252576,Madhurawada,Assault
2023-08-26 14:08:00,17.835832,83.25033,Jagadamba Junction,Harassment
2023-11-16 17:40:00,17.756281,83.35851,Gopalapatnam,Theft
2023-04-13 15:37:00,17.847486,83.28736,Asilmetta,Harassment
2023-01-09 23:13:00,17.691775,83.356416,Seethammadhara,Harassment
2023-08-05 23:11:00,17.787585,83.334718,Jagadamba Junction,Drunk Driving
2023-11-20 20:57:00,17.742577,83.198158,KRM Colony,Vandalism
2023-10-29 18:00:00,17.826943,83.339277,Kancharapalem,Drunk Driving
2023-06-06 11:02:00,17.786851,83.331297,Gopalapatnam,Drunk Driving
2023-09-24 11:13:00,17.70821,83.251018,MVP Colony,Assault
2023-06-13 09:44:00,17.745375,83.322788,Asilmetta,Harassment
2023-04-05 12:30:00,17.79513,83.192352,Gajuwaka,Chain Snatching
2023-11-01 06:46:00,17.730688,83.219599,NAD Junction,Harassment
2023-12-05 20:09:00,17.687215,83.226296,Asilmetta,Harassment
2023-04-07 00:40:00,17.731727,83.197837,Pedda Waltair,Assault
2023-06-07 18:03:00,17.832015,83.330188,Kancharapalem,Harassment
2023-09-04 21:06:00,17.81143,83.20227,NAD Junction,Theft
2023-10-23 19:34:00,17.746399,83.245436,KRM Colony,Vandalism
2023-04-22 21:08:00,17.72647,83.216371,Pedda Waltair,Vandalism
2023-12-15 10:41:00,17.708525,83.169317,Kurmannapalem,Theft
2023-12-16 23:20:00,17.721582,83.306696,Kancharapalem,Theft
2023-03-11 08:59:00,17.726665,83.242424,PM Palem,Theft
2023-02-02 11:36:00,17.840493,83.344192,Jagadamba Junction,Assault
2023-09-11 15:37:00,17.728496,83.23321,PM Palem,Assault
2023-06-02 04:30:00,17.758952,83.201058,Jagadamba Junction,Theft
2023-06-24 18:35:00,17.69322,83.228985,Jagadamba Junction,Harassment
2023-08-16 07:03:00,17.836977,83.175289,KRM Colony,Harassment
2023-07-19 20:12:00,17.807409,83.177557,Gopalapatnam,Theft
2023-08-23 19:33:00,17.845557,83.223736,Gopalapatnam,Theft
2023-07-25 10:42:00,17.757929,83.255323,Asilmetta,Drunk Driving
2023-09-19 07:37:00,17.803076,83.168794,KRM Colony,Harassment
2023-05-08 23:18:00,17.791012,83.315212,NAD Junction,Drunk Driving
2023-07-01 11:28:00,17.806743,83.277082,NAD Junction,Vandalism
2023-05-03 08:48:00,17.833175,83.243479,Gopalapatnam,Harassment
2023-10-12 22:41:00,17.835191,83.326985,MVP Colony,Theft
2023-08-03 21:04:00,17.841096,83.303991,Kancharapalem,Assault
2023-10-24 21:39:00,17.842923,83.168883,KRM Colony,Drunk Driving
2023-06-13 22:37:00,17.696623,83.253556,Gajuwaka,Theft
2023-10-22 08:13:00,17.698361,83.209377,Pedda Waltair,Assault
2023-07-28 16:29:00,17.800075,83.219797,Kurmannapalem,Chain Snatching
2023-08-21 19:27:00,17.758295,83.222137,NAD Junction,Assault
2023-07-07 16:03:00,17.772374,83.212627,Asilmetta,Burglary
2023-09-20 08:14:00,17.787423,83.299827,Jagadamba Junction,Theft
2023-03-29 10:58:00,17.783535,83.343365,Beach Road,Burglary
2023-12-06 20:47:00,17.816716,83.291096,Dwaraka Nagar,Theft
2023-10-30 17:18:00,17.704957,83.345661,Kurmannapalem,Theft
2023-06-01 01:21:00,17.759932,83.250966,PM Palem,Burglary
2023-09-18 13:33:00,17.81324,83.349178,Madhurawada,Theft
2023-01-30 23:09:00,17.846104,83.245212,PM Palem,Chain Snatching
2023-09-12 03:58:00,17.684801,83.323981,Gajuwaka,Vandalism
2023-02-03 19:44:00,17.713569,83.241456,Gopalapatnam,Vandalism
2023-02-15 07:41:00,17.841132,83.248305,Gajuwaka,Harassment
2023-12-18 19:31:00,17.765123,83.212154,Asilmetta,Chain Snatching
2023-09-04 23:05:00,17.701573,83.27484,Kancharapalem,Drunk Driving
2023-08-22 20:31:00,17.800104,83.322062,NAD Junction,Assault
2023-12-11 06:45:00,17.749567,83.213847,NAD Junction,Vandalism
2023-12-07 15:31:00,17.730127,83.331738,Madhurawada,Theft
2023-02-20 09:03:00,17.715953,83.284389,Gajuwaka,Harassment
2023-02-18 23:55:00,17.800454,83.346788,Pedda Waltair,Drunk Driving
2023-08-30 01:23:00,17.710485,83.295913,Pedda Waltair,Harassment
2023-02-09 05:06:00,17.779926,83.291445,MVP Colony,Harassment
2023-09-23 15:58:00,17.687529,83.269738,Gajuwaka,Burglary
2023-03-02 04:13:00,17.805166,83.164055,Kurmannapalem,Assault
2023-07-26 12:39:00,17.838098,83.331662,PM Palem,Chain Snatching
2023-02-01 01:58:00,17.710574,83.351382,Madhurawada,Theft
2023-12-16 22:01:00,17.794061,83.257069,Gajuwaka,Vandalism
2023-06-28 21:15:00,17.819925,83.344615,Dwaraka Nagar,Drunk Driving
2023-08-26 04:18:00,17.804363,83.322874,Kurmannapalem,Vandalism
2023-06-04 11:50:00,17.782946,83.238096,Madhurawada,Harassment
2023-01-25 15:27:00,17.695364,83.350823,Beach Road,Vandalism
2023-08-26 17:01:00,17.74084,83.224836,Gajuwaka,Theft
2023-07-20 10:17:00,17.75408,83.212386,Dwaraka Nagar,Theft
2023-10-22 22:05:00,17.84993,83.305853,Jagadamba Junction,Chain Snatching
2023-07-20 01:47:00,17.747513,83.21509,NAD Junction,Theft
2023-03-10 07:20:00,17.734583,83.297764,Madhurawada,Drunk Driving
2023-09-15 14:41:00,17.705356,83.188799,Kancharapalem,Vandalism
2023-12-20 13:16:00,17.698203,83.262734,Kurmannapalem,Theft
2023-03-15 07:08:00,17.81031,83.263426,Kancharapalem,Drunk Driving
2023-07-20 13:10:00,17.778669,83.34759,Pedda Waltair,Harassment
2023-01-16 13:13:00,17.773871,83.335357,Kancharapalem,Vandalism
2023-12-25 21:39:00,17.757841,83.342883,PM Palem,Chain Snatching
2023-02-09 16:01:00,17.70438,83.284247,PM Palem,Theft
2023-12-30 10:37:00,17.79757,83.290401,Seethammadhara,Drunk Driving
2023-04-07 01:23:00,17.838124,83.313561,PM Palem,Assault
2023-04-04 23:08:00,17.72895,83.269771,Seethammadhara,Chain Snatching
2023-11-04 20:02:00,17.745164,83.341797,Kancharapalem,Burglary
2023-10-17 16:46:00,17.728047,83.359861,Asilmetta,Harassment
2023-08-27 01:27:00,17.712995,83.185255,PM Palem,Theft
2023-06-21 15:21:00,17.789702,83.300188,Asilmetta,Theft
2023-09-12 16:30:00,17.691886,83.275353,Kurmannapalem,Assault
2023-07-01 11:30:00,17.751768,83.354936,Pedda Waltair,Theft
2023-09-03 05:27:00,17.726962,83.310458,MVP Colony,Assault
2023-09-14 01:57:00,17.758178,83.168146,Seethammadhara,Harassment
2023-07-26 11:53:00,17.838617,83.164098,Beach Road,Vandalism
2023-04-01 08:43:00,17.719663,83.176605,Gopalapatnam,Vandalism
2023-08-28 10:02:00,17.771119,83.209641,Gopalapatnam,Vandalism
2023-03-21 11:26:00,17.822713,83.281961,Gajuwaka,Vandalism
2023-04-22 21:28:00,17.791509,83.348916,Dwaraka Nagar,Harassment
2023-03-01 19:40:00,17.808954,83.295159,Dwaraka Nagar,Theft
2023-11-02 03:56:00,17.817204,83.285162,Asilmetta,Burglary
2023-06-17 02:55:00,17.748692,83.19841,Seethammadhara,Theft
2023-04-16 16:36:00,17.796962,83.302686,Gajuwaka,Theft
2023-06-21 09:03:00,17.820761,83.278154,Kurmannapalem,Chain Snatching
2023-10-22 04:40:00,17.834365,83.342218,NAD Junction,Theft
2023-06-15 07:39:00,17.827007,83.321497,Asilmetta,Burglary
2023-12-26 11:30:00,17.720748,83.336787,Kurmannapalem,Drunk Driving
2023-10-28 13:14:00,17.70165,83.219532,Gopalapatnam,Chain Snatching
2023-01-13 10:13:00,17.7312,83.247715,Madhurawada,Theft
2023-04-22 17:19:00,17.793114,83.241041,Pedda Waltair,Theft
2023-04-10 03:48:00,17.693858,83.320486,Seethammadhara,Harassment
2023-08-24 16:03:00,17.744395,83.349527,Kancharapalem,Vandalism
2023-08-22 11:33:00,17.818445,83.318897,KRM Colony,Vandalism
2023-12-29 03:46:00,17.802353,83.237396,Gajuwaka,Harassment
2023-03-14 19:12:00,17.726373,83.223616,Pedda Waltair,Assault
2023-03-22 16:42:00,17.761963,83.228098,KRM Colony,Assault
2023-09-03 08:02:00,17.750279,83.237393,NAD Junction,Burglary
2023-05-04 18:19:00,17.732502,83.352127,Gajuwaka,Burglary
2023-08-30 01:50:00,17.831861,83.315853,PM Palem,Vandalism
2023-04-02 21:14:00,17.749838,83.230982,KRM Colony,Theft
2023-12-17 08:00:00,17.832435,83.231698,NAD Junction,Burglary
2023-07-25 05:04:00,17.849452,83.187908,MVP Colony,Vandalism
2023-12-11 01:33:00,17.814108,83.272473,Asilmetta,Harassment
2023-11-04 00:04:00,17.828005,83.317459,Kancharapalem,Burglary
2023-01-12 07:11:00,17.79924,83.287334,Beach Road,Chain Snatching
2023-04-20 22:00:00,17.755332,83.30488,Seethammadhara,Theft
2023-01-19 14:02:00,17.815259,83.168641,Beach Road,Drunk Driving
2023-12-21 21:36:00,17.806121,83.178098,NAD Junction,Chain Snatching
2023-08-02 05:33:00,17.796216,83.276587,PM Palem,Harassment
2023-09-23 21:09:00,17.814837,83.296058,Gopalapatnam,Harassment
2023-02-05 11:18:00,17.837318,83.336602,Madhurawada,Assault
2023-04-03 15:41:00,17.685857,83.242855,NAD Junction,Theft
2023-06-29 15:00:00,17.788071,83.186547,Asilmetta,Theft
2023-10-19 05:48:00,17.792712,83.353757,Kancharapalem,Theft
2023-03-06 18:18:00,17.76738,83.201138,Beach Road,Drunk Driving
2023-10-04 23:44:00,17.755332,83.184444,Gopalapatnam,Harassment
2023-12-28 23:23:00,17.713724,83.356257,Beach Road,Harassment
2023-03-27 18:07:00,17.688528,83.223065,Dwaraka Nagar,Assault
2023-10-07 12:59:00,17.826531,83.174008,Madhurawada,Theft
2023-10-11 14:39:00,17.70525,83.289622,PM Palem,Drunk Driving
2023-03-05 15:36:00,17.762475,83.25805,Kurmannapalem,Chain Snatching
2023-03-02 00:03:00,17.84708,83.180962,Seethammadhara,Harassment
2023-10-01 22:50:00,17.686499,83.302325,Dwaraka Nagar,Chain Snatching
2023-02-18 04:29:00,17.818312,83.286975,KRM Colony,Theft
2023-11-01 14:04:00,17.7406,83.214065,Gopalapatnam,Assault
2023-03-05 12:28:00,17.786446,83.216404,Beach Road,Theft
2023-10-18 04:36:00,17.827411,83.298972,MVP Colony,Vandalism
2023-06-10 17:07:00,17.841533,83.326503,Kurmannapalem,Theft
2023-05-13 23:56:00,17.832683,83.26621,Jagadamba Junction,Theft
2023-06-13 18:45:00,17.804467,83.257524,Kurmannapalem,Vandalism
2023-10-09 18:06:00,17.737958,83.205343,Gajuwaka,Vandalism
2023-11-10 13:16:00,17.766977,83.289068,Jagadamba Junction,Theft
2023-01-03 12:31:00,17.686405,83.356635,Gajuwaka,Harassment
2023-09-10 07:55:00,17.728894,83.283961,NAD Junction,Vandalism
2023-09-12 01:40:00,17.791995,83.21989,Kancharapalem,Burglary
2023-06-13 22:01:00,17.68885,83.303276,Madhurawada,Theft
2023-03-03 04:13:00,17.696201,83.308589,PM Palem,Theft
2023-08-29 21:19:00,17.751132,83.191068,Gajuwaka,Harassment
2023-08-12 02:38:00,17.804592,83.18356,Seethammadhara,Harassment
2023-10-05 07:37:00,17.803469,83.341024,Kancharapalem,Burglary
2023-10-19 10:48:00,17.789656,83.274251,Seethammadhara,Drunk Driving
2023-09-14 20:11:00,17.719052,83.225609,MVP Colony,Harassment
2023-08-03 15:57:00,17.795564,83.195746,Kurmannapalem,Assault
2023-11-17 19:23:00,17.8416,83.298591,Jagadamba Junction,Harassment
2023-07-22 19:06:00,17.767668,83.199584,Madhurawada,Burglary
2023-07-11 21:03:00,17.712756,83.292406,Dwaraka Nagar,Harassment
2023-08-10 12:29:00,17.749544,83.21781,Jagadamba Junction,Drunk Driving
2023-07-17 13:40:00,17.718564,83.214585,Seethammadhara,Drunk Driving
2023-03-21 03:10:00,17.813363,83.316637,MVP Colony,Assault
2023-07-20 19:48:00,17.77692,83.20183,Seethammadhara,Harassment
2023-02-18 15:21:00,17.709033,83.198213,PM Palem,Theft
2023-11-10 11:24:00,17.744498,83.200033,Dwaraka Nagar,Drunk Driving
2023-12-17 11:07:00,17.814428,83.165175,NAD Junction,Theft
2023-06-03 10:43:00,17.71894,83.187295,MVP Colony,Theft
2023-07-22 00:57:00,17.703296,83.199463,Kurmannapalem,Assault
2023-10-24 07:16:00,17.820571,83.275403,Jagadamba Junction,Theft
2023-03-15 15:50:00,17.800106,83.349,Beach Road,Drunk Driving
2023-05-02 10:55:00,17.787687,83.232494,Dwaraka Nagar,Drunk Driving
2023-10-19 01:30:00,17.833235,83.201137,Gajuwaka,Theft
2023-01-07 09:03:00,17.693193,83.338439,Gajuwaka,Harassment
2023-11-21 11:28:00,17.683692,83.316652,Gopalapatnam,Theft
2023-04-07 01:55:00,17.788281,83.313728,NAD Junction,Drunk Driving
2023-10-14 21:49:00,17.760066,83.289142,Kancharapalem,Theft
2023-08-05 08:09:00,17.849021,83.203539,Beach Road,Harassment
2023-02-28 07:03:00,17.821985,83.199421,Kancharapalem,Burglary
2023-10-02 16:40:00,17.718332,83.308541,Kurmannapalem,Harassment
2023-09-19 20:22:00,17.787846,83.335792,Madhurawada,Assault
2023-06-07 10:14:00,17.766535,83.205975,NAD Junction,Drunk Driving
2023-09-23 23:29:00,17.793112,83.255432,Asilmetta,Harassment
2023-02-05 20:07:00,17.797358,83.329948,Gajuwaka,Burglary
2023-05-06 15:33:00,17.784989,83.191603,Dwaraka Nagar,Chain Snatching
2023-02-16 06:39:00,17.844004,83.314017,Kancharapalem,Drunk Driving
2023-06-23 09:39:00,17.728026,83.214369,PM Palem,Vandalism
2023-10-26 09:11:00,17.757052,83.352612,Seethammadhara,Assault
2023-09-30 13:38:00,17.81582,83.196582,KRM Colony,Theft
2023-05-27 11:51:00,17.79135,83.285441,Seethammadhara,Vandalism
2023-07-07 05:54:00,17.698666,83.208682,Gopalapatnam,Assault
2023-12-18 04:19:00,17.777691,83.323209,Gajuwaka,Harassment
2023-02-23 01:11:00,17.783992,83.333702,Jagadamba Junction,Vandalism
2023-08-16 21:48:00,17.685279,83.342989,Kancharapalem,Harassment
2023-12-12 08:51:00,17.730414,83.313308,Dwaraka Nagar,Burglary
2023-11-08 15:22:00,17.824764,83.278326,Gajuwaka,Harassment
2023-09-10 10:38:00,17.735151,83.289741,NAD Junction,Theft
2023-06-11 08:25:00,17.8475,83.355121,KRM Colony,Chain Snatching
2023-12-23 10:27:00,17.685185,83.2629,Kurmannapalem,Theft
2023-12-14 08:29:00,17.754786,83.176802,NAD Junction,Burglary
2023-06-23 22:28:00,17.800871,83.319683,Gajuwaka,Theft
2023-04-01 20:26:00,17.776306,83.342935,Jagadamba Junction,Drunk Driving
2023-11-08 08:13:00,17.759146,83.29814,Madhurawada,Theft
2023-09-27 03:04:00,17.781354,83.285054,Beach Road,Drunk Driving
2023-12-12 01:12:00,17.7002,83.188098,Gopalapatnam,Harassment
2023-01-22 11:44:00,17.751786,83.352462,Gopalapatnam,Harassment
2023-01-29 05:51:00,17.848783,83.353373,NAD Junction,Theft
2023-11-14 03:13:00,17.774456,83.248131,MVP Colony,Burglary
2023-07-20 20:08:00,17.729686,83.343667,Asilmetta,Theft
2023-02-24 17:56:00,17.839603,83.234595,Asilmetta,Assault
2023-09-29 13:41:00,17.791841,83.34327,Kurmannapalem,Theft
2023-04-24 12:45:00,17.778941,83.22458,Gajuwaka,Theft
2023-01-16 14:09:00,17.809209,83.162012,Pedda Waltair,Burglary
2023-07-23 05:21:00,17.716538,83.229816,Asilmetta,Theft
2023-03-24 23:30:00,17.704317,83.223931,Gajuwaka,Assault
2023-09-30 19:56:00,17.796974,83.334402,NAD Junction,Chain Snatching
2023-02-09 12:17:00,17.81195,83.322942,Kancharapalem,Theft
2023-12-14 04:43:00,17.70103,83.216296,Beach Road,Assault
2023-12-25 00:31:00,17.729124,83.303318,Dwaraka Nagar,Vandalism
2023-12-06 09:16:00,17.83393,83.192826,Gajuwaka,Assault
2023-04-16 04:05:00,17.781346,83.306038,MVP Colony,Theft
2023-12-25 05:25:00,17.722168,83.228573,Kancharapalem,Harassment
2023-10-21 21:17:00,17.813154,83.287522,Beach Road,Harassment
2023-11-16 22:17:00,17.728298,83.229674,KRM Colony,Harassment
2023-02-08 08:07:00,17.75654,83.303706,Beach Road,Harassment
2023-02-02 06:53:00,17.8011,83.177614,MVP Colony,Harassment
2023-05-04 03:15:00,17.742306,83.334824,Gopalapatnam,Harassment
2023-02-15 22:09:00,17.806357,83.18472,Dwaraka Nagar,Assault
2023-07-15 07:08:00,17.75001,83.256077,Dwaraka Nagar,Chain Snatching
2023-10-26 21:28:00,17.774644,83.253745,Madhurawada,Theft
2023-08-02 01:44:00,17.756351,83.294628,Gopalapatnam,Theft
2023-06-02 05:16:00,17.70991,83.20043,Kancharapalem,Burglary
2023-08-19 05:15:00,17.843866,83.258129,Seethammadhara,Burglary
2023-02-06 15:19:00,17.711459,83.221893,Kancharapalem,Theft
2023-10-03 11:39:00,17.766949,83.342503,Dwaraka Nagar,Theft
2023-11-22 23:40:00,17.739979,83.310831,Jagadamba Junction,Chain Snatching
2023-08-27 05:34:00,17.793098,83.274907,Gopalapatnam,Assault
2023-11-08 12:45:00,17.840921,83.28608,Pedda Waltair,Drunk Driving
2023-01-31 05:20:00,17.789621,83.306467,Jagadamba Junction,Drunk Driving
2023-03-28 03:05:00,17.70558,83.279405,Seethammadhara,Assault
2023-03-23 16:14:00,17.794501,83.29632,KRM Colony,Theft
2023-12-28 00:28:00,17.686287,83.348389,Madhurawada,Theft
2023-07-16 03:51:00,17.778636,83.330066,Gopalapatnam,Assault
2023-03-11 07:11:00,17.830847,83.224697,Seethammadhara,Burglary
2023-10-20 01:29:00,17.838064,83.318476,Pedda Waltair,Vandalism
2023-05-08 21:07:00,17.763236,83.357285,Pedda Waltair,Theft
2023-04-26 20:00:00,17.840391,83.293566,Jagadamba Junction,Theft
2023-01-13 00:05:00,17.745676,83.280108,Kurmannapalem,Burglary
2023-05-06 14:57:00,17.708666,83.294041,MVP Colony,Harassment
2023-04-09 21:52:00,17.734814,83.296682,Jagadamba Junction,Vandalism
2023-05-28 03:16:00,17.827118,83.26356,Jagadamba Junction,Harassment
2023-05-21 08:14:00,17.830747,83.262363,Seethammadhara,Vandalism
2023-03-06 02:59:00,17.709913,83.317195,Kurmannapalem,Theft
2023-12-23 00:10:00,17.800414,83.193683,Madhurawada,Theft
2023-07-06 06:44:00,17.764632,83.176256,Asilmetta,Burglary
2023-12-21 10:28:00,17.81003,83.180291,Dwaraka Nagar,Vandalism
2023-11-24 03:39:00,17.680289,83.352243,Asilmetta,Theft
2023-04-13 08:51:00,17.716079,83.189834,KRM Colony,Burglary
2023-10-28 01:57:00,17.825507,83.246394,Asilmetta,Chain Snatching
2023-10-30 10:01:00,17.795501,83.2931,Madhurawada,Vandalism
2023-05-03 16:14:00,17.720987,83.224141,Pedda Waltair,Drunk Driving
2023-10-01 13:05:00,17.73216,83.177919,KRM Colony,Assault
2023-11-25 09:11:00,17.849251,83.319045,PM Palem,Assault
2023-04-26 22:50:00,17.735715,83.354228,Jagadamba Junction,Theft
2023-08-07 17:20:00,17.800414,83.268051,Pedda Waltair,Harassment
2023-07-27 18:26:00,17.741265,83.31503,Gajuwaka,Vandalism
2023-08-25 12:13:00,17.710891,83.310031,Beach Road,Vandalism
2023-01-13 08:04:00,17.779398,83.173789,Pedda Waltair,Harassment
2023-09-14 12:54:00,17.783108,83.204129,Pedda Waltair,Assault
2023-08-13 06:18:00,17.801973,83.26854,Beach Road,Theft
2023-06-26 10:20:00,17.848534,83.335452,KRM Colony,Harassment
2023-06-01 14:58:00,17.718471,83.310646,Kancharapalem,Drunk Driving
2023-12-28 12:41:00,17.793896,83.183437,Kancharapalem,Theft
2023-11-03 09:42:00,17.738965,83.319922,Kancharapalem,Theft
2023-02-07 04:54:00,17.82235,83.350047,Gopalapatnam,Assault
2023-01-25 13:56:00,17.803988,83.230879,Asilmetta,Assault
2023-08-16 18:19:00,17.74612,83.284085,NAD Junction,Harassment
2023-03-26 14:13:00,17.714512,83.239228,Beach Road,Drunk Driving
2023-04-06 15:46:00,17.778783,83.278463,Kancharapalem,Theft
2023-01-02 21:59:00,17.791848,83.20747,Dwaraka Nagar,Assault
2023-04-20 17:42:00,17.769722,83.227255,Gopalapatnam,Assault
2023-08-28 11:16:00,17.719855,83.177345,Dwaraka Nagar,Theft
2023-10-25 08:53:00,17.848118,83.200899,Madhurawada,Burglary
2023-06-18 13:46:00,17.713698,83.227886,Jagadamba Junction,Harassment
2023-09-22 14:29:00,17.815632,83.354882,Kurmannapalem,Harassment
2023-07-14 01:32:00,17.733929,83.29942,Seethammadhara,Drunk Driving
2023-09-29 18:26:00,17.724406,83.317232,PM Palem,Harassment
2023-12-05 14:52:00,17.793012,83.163367,MVP Colony,Drunk Driving
2023-11-29 19:05:00,17.743343,83.297118,Gopalapatnam,Harassment
2023-01-27 20:36:00,17.848363,83.298263,Madhurawada,Theft
2023-08-16 23:12:00,17.732115,83.238522,Asilmetta,Burglary
2023-01-17 00:23:00,17.749601,83.275576,Gajuwaka,Assault
2023-02-27 23:03:00,17.817124,83.201132,KRM Colony,Drunk Driving
2023-12-23 05:14:00,17.694279,83.243066,Beach Road,Assault
2023-03-16 01:52:00,17.693061,83.20408,Seethammadhara,Theft
2023-11-11 11:31:00,17.737068,83.163615,Beach Road,Harassment
2023-08-13 07:16:00,17.792028,83.27855,PM Palem,Assault
2023-08-12 16:52:00,17.754883,83.327524,Asilmetta,Vandalism
2023-03-18 07:14:00,17.77219,83.222642,Beach Road,Theft
2023-02-26 03:54:00,17.705768,83.262021,Seethammadhara,Theft
2023-04-30 13:48:00,17.73031,83.2928,Asilmetta,Theft
2023-01-11 15:22:00,17.719446,83.237477,Asilmetta,Assault
2023-10-07 01:44:00,17.747877,83.264471,Seethammadhara,Burglary
2023-11-10 14:08:00,17.694525,83.312413,Madhurawada,Theft
2023-12-13 15:07:00,17.719544,83.319513,Asilmetta,Assault
2023-12-25 23:48:00,17.768243,83.285218,Pedda Waltair,Theft
2023-05-29 09:14:00,17.759908,83.329586,Dwaraka Nagar,Burglary
2023-12-15 11:07:00,17.75734,83.242695,MVP Colony,Drunk Driving
2023-04-02 02:19:00,17.769744,83.275933,Kancharapalem,Chain Snatching
2023-10-09 12:32:00,17.741812,83.318908,Kancharapalem,Theft
2023-11-13 04:50:00,17.747826,83.228009,Seethammadhara,Chain Snatching
2023-02-21 20:36:00,17.795135,83.177569,Asilmetta,Theft
2023-05-27 20:44:00,17.790002,83.242462,NAD Junction,Theft
2023-09-27 05:18:00,17.763456,83.306313,KRM Colony,Assault
2023-08-08 07:13:00,17.833684,83.211986,Madhurawada,Drunk Driving
2023-03-23 05:53:00,17.83018,83.344786,Gajuwaka,Drunk Driving
2023-08-11 22:36:00,17.803143,83.171475,PM Palem,Chain Snatching
2023-05-21 17:20:00,17.834252,83.295791,MVP Colony,Harassment
2023-05-03 11:34:00,17.842262,83.28661,Jagadamba Junction,Drunk Driving
2023-12-02 08:00:00,17.701731,83.28292,Seethammadhara,Burglary
2023-12-18 05:34:00,17.747718,83.205484,Seethammadhara,Chain Snatching
2023-12-03 02:33:00,17.79013,83.277572,Kancharapalem,Assault
2023-07-28 01:02:00,17.799709,83.263412,KRM Colony,Theft
2023-08-28 17:24:00,17.779473,83.265661,Dwaraka Nagar,Burglary
2023-11-07 16:53:00,17.771354,83.334153,Gajuwaka,Theft
2023-04-15 10:15:00,17.814315,83.23439,Pedda Waltair,Chain Snatching
2023-01-28 16:50:00,17.716001,83.160519,Kurmannapalem,Vandalism
2023-06-11 22:23:00,17.825335,83.188181,Madhurawada,Theft
2023-05-18 03:40:00,17.699584,83.351505,Kancharapalem,Harassment
2023-07-29 12:37:00,17.768842,83.312168,Gopalapatnam,Theft
2023-06-25 22:54:00,17.82931,83.213629,Beach Road,Assault
2023-02-05 23:29:00,17.828524,83.30565,PM Palem,Burglary
2023-10-16 06:31:00,17.742637,83.274212,Seethammadhara,Chain Snatching
2023-08-12 22:04:00,17.728279,83.238191,Seethammadhara,Vandalism
2023-07-10 02:13:00,17.759674,83.251184,MVP Colony,Theft
2023-12-01 11:47:00,17.814825,83.341823,Madhurawada,Harassment
2023-07-12 09:49:00,17.788302,83.204332,Gajuwaka,Theft
2023-08-24 23:11:00,17.747399,83.268315,Kancharapalem,Assault
2023-08-01 03:34:00,17.787184,83.200204,Asilmetta,Drunk Driving
2023-12-17 18:11:00,17.733756,83.178129,Madhurawada,Assault
2023-04-05 09:18:00,17.747123,83.323687,PM Palem,Assault
2023-10-23 09:34:00,17.768695,83.284142,Beach Road,Harassment
2023-01-13 06:05:00,17.686776,83.244027,Pedda Waltair,Assault
2023-05-08 01:03:00,17.737977,83.357271,Beach Road,Theft
2023-11-01 19:40:00,17.699523,83.262375,Asilmetta,Drunk Driving
2023-10-23 15:30:00,17.754632,83.252463,Gopalapatnam,Theft
2023-08-28 18:00:00,17.796234,83.24464,Kurmannapalem,Vandalism
2023-01-31 09:59:00,17.741662,83.302093,Jagadamba Junction,Burglary
2023-10-21 01:14:00,17.703865,83.269135,Seethammadhara,Burglary
2023-02-10 07:07:00,17.780534,83.312196,Beach Road,Theft
2023-11-03 01:08:00,17.747576,83.220247,Beach Road,Theft
2023-08-02 11:01:00,17.684785,83.31574,MVP Colony,Chain Snatching
2023-12-15 15:14:00,17.697977,83.345552,Kurmannapalem,Drunk Driving
2023-02-15 23:23:00,17.758232,83.325193,Gopalapatnam,Drunk Driving
2023-03-20 00:44:00,17.758639,83.175433,Jagadamba Junction,Assault
2023-02-24 23:59:00,17.74145,83.277156,Pedda Waltair,Assault
2023-09-12 22:24:00,17.75636,83.305202,Jagadamba Junction,Burglary
2023-11-15 00:33:00,17.745854,83.332321,Kancharapalem,Harassment
2023-04-23 03:53:00,17.705252,83.344095,Dwaraka Nagar,Chain Snatching
2023-06-24 12:33:00,17.714196,83.263897,Jagadamba Junction,Theft
2023-09-07 13:20:00,17.76921,83.213243,NAD Junction,Theft
2023-06-24 10:17:00,17.822696,83.190229,Kurmannapalem,Theft
2023-05-29 13:04:00,17.845969,83.220129,MVP Colony,Vandalism
2023-10-31 09:36:00,17.700586,83.164185,Kurmannapalem,Vandalism
2023-01-30 07:27:00,17.71659,83.269858,NAD Junction,Theft
2023-10-02 09:29:00,17.828139,83.176226,Beach Road,Chain Snatching
2023-10-03 07:10:00,17.840381,83.191515,Seethammadhara,Theft
2023-08-03 19:19:00,17.779402,83.320853,MVP Colony,Vandalism
2023-09-26 09:35:00,17.690641,83.354544,NAD Junction,Theft
2023-04-24 15:49:00,17.717232,83.221841,Pedda Waltair,Chain Snatching
2023-01-21 05:35:00,17.843126,83.253619,Gopalapatnam,Assault
2023-04-03 14:39:00,17.723539,83.165952,Kurmannapalem,Harassment
2023-04-21 08:54:00,17.835005,83.161357,Kurmannapalem,Harassment
2023-01-03 13:20:00,17.687039,83.180672,Gopalapatnam,Chain Snatching
2023-05-18 17:06:00,17.727179,83.221849,Beach Road,Harassment
2023-06-20 03:06:00,17.752553,83.225661,Kancharapalem,Harassment
2023-08-09 02:27:00,17.84876,83.346353,Asilmetta,Chain Snatching
2023-01-23 09:44:00,17.690767,83.232947,PM Palem,Harassment
2023-07-12 14:48:00,17.81675,83.326654,MVP Colony,Assault
2023-11-01 13:32:00,17.747476,83.178843,PM Palem,Harassment
2023-04-08 22:33:00,17.821856,83.349518,NAD Junction,Drunk Driving
2023-01-22 12:31:00,17.808312,83.274753,Gajuwaka,Theft
2023-05-25 15:41:00,17.80013,83.273844,Kurmannapalem,Harassment
2023-02-22 02:08:00,17.754771,83.323706,MVP Colony,Assault
2023-08-14 21:10:00,17.824752,83.305472,PM Palem,Vandalism
2023-12-19 06:55:00,17.804807,83.331044,Asilmetta,Chain Snatching
2023-05-04 18:55:00,17.688369,83.295845,PM Palem,Drunk Driving
2023-11-24 04:59:00,17.826877,83.31211,Kurmannapalem,Burglary
2023-11-07 02:53:00,17.843498,83.164274,NAD Junction,Theft
2023-04-03 10:05:00,17.684141,83.273202,Jagadamba Junction,Harassment
2023-09-15 09:45:00,17.820496,83.271672,Asilmetta,Harassment
2023-03-12 00:25:00,17.780342,83.35199,Gajuwaka,Drunk Driving
2023-08-17 03:10:00,17.75286,83.165643,Pedda Waltair,Theft
2023-07-26 22:57:00,17.814462,83.300007,Beach Road,Theft
2023-09-25 03:11:00,17.780237,83.289336,Gopalapatnam,Harassment
2023-07-19 19:59:00,17.824219,83.352584,Gopalapatnam,Drunk Driving
2023-08-16 14:30:00,17.748391,83.320312,Madhurawada,Drunk Driving
2023-08-10 14:00:00,17.728907,83.272763,Jagadamba Junction,Vandalism
2023-03-11 23:40:00,17.849491,83.318535,Seethammadhara,Chain Snatching
2023-06-26 00:38:00,17.772514,83.249305,Pedda Waltair,Harassment
2023-10-26 12:36:00,17.740678,83.243377,Jagadamba Junction,Harassment
2023-01-24 01:09:00,17.74925,83.240259,MVP Colony,Assault
2023-05-15 04:40:00,17.702463,83.332466,PM Palem,Theft
2023-11-13 00:52:00,17.775337,83.255267,Beach Road,Harassment
2023-04-15 19:34:00,17.813595,83.311198,Gopalapatnam,Chain Snatching
2023-08-07 06:09:00,17.762433,83.328547,Madhurawada,Assault
2023-08-09 16:28:00,17.707524,83.343893,Kurmannapalem,Drunk Driving
2023-08-28 07:38:00,17.790758,83.255441,Seethammadhara,Harassment
2023-10-15 14:14:00,17.779894,83.293028,Beach Road,Harassment
2023-12-11 22:41:00,17.751957,83.199636,Pedda Waltair,Theft
2023-09-10 01:29:00,17.690746,83.2745,PM Palem,Assault
2023-02-25 05:15:00,17.776879,83.229649,Asilmetta,Vandalism
2023-07-02 03:29:00,17.709417,83.253884,Madhurawada,Theft
2023-03-20 19:09:00,17.742787,83.311085,MVP Colony,Assault
2023-11-10 09:32:00,17.832417,83.29205,Beach Road,Vandalism
2023-02-18 18:28:00,17.751549,83.252166,Dwaraka Nagar,Burglary
2023-03-20 16:59:00,17.82785,83.252853,NAD Junction,Drunk Driving
2023-08-04 10:21:00,17.691192,83.232204,Kurmannapalem,Harassment
2023-10-20 20:48:00,17.784056,83.263178,KRM Colony,Theft
2023-08-12 18:54:00,17.708643,83.204224,Beach Road,Harassment
2023-02-25 03:42:00,17.704652,83.175484,Dwaraka Nagar,Harassment
2023-08-31 16:43:00,17.846807,83.323674,Madhurawada,Harassment
2023-07-01 19:37:00,17.802612,83.339534,Gopalapatnam,Burglary
2023-10-31 13:17:00,17.825241,83.230874,Pedda Waltair,Vandalism
2023-07-11 22:05:00,17.72299,83.170417,Kurmannapalem,Vandalism
2023-03-15 14:58:00,17.725268,83.265856,Gopalapatnam,Burglary
2023-11-10 23:37:00,17.715397,83.196897,Seethammadhara,Chain Snatching
2023-01-13 14:49:00,17.680183,83.340414,KRM Colony,Harassment
2023-10-15 11:27:00,17.687378,83.276895,Beach Road,Chain Snatching
2023-01-26 11:30:00,17.79251,83.302357,Kancharapalem,Vandalism
2023-03-29 17:47:00,17.741651,83.273993,KRM Colony,Burglary
2023-07-21 10:04:00,17.725188,83.296239,Dwaraka Nagar,Harassment
2023-12-20 03:52:00,17.785125,83.244996,Beach Road,Drunk Driving
2023-10-30 15:00:00,17.792034,83.176517,Kancharapalem,Theft
2023-11-08 19:08:00,17.775138,83.205165,Seethammadhara,Harassment
2023-05-25 05:49:00,17.845051,83.294528,Seethammadhara,Vandalism
2023-10-03 04:45:00,17.717166,83.347037,KRM Colony,Assault
2023-07-19 08:24:00,17.706135,83.354703,Kurmannapalem,Drunk Driving
2023-06-12 17:03:00,17.789144,83.222478,Gajuwaka,Vandalism
2023-07-30 16:45:00,17.800666,83.331817,Jagadamba Junction,Theft
2023-06-03 06:12:00,17.713063,83.171377,PM Palem,Assault
2023-08-24 20:41:00,17.735479,83.16294,Seethammadhara,Drunk Driving
2023-03-16 10:25:00,17.768011,83.167706,Asilmetta,Vandalism
2023-10-11 23:43:00,17.761706,83.353016,Seethammadhara,Burglary
2023-10-24 14:29:00,17.70845,83.346128,Gopalapatnam,Burglary
2023-10-30 18:31:00,17.801076,83.255766,Madhurawada,Vandalism
2023-07-25 08:20:00,17.833551,83.205106,Seethammadhara,Theft
2023-04-15 10:35:00,17.799934,83.356327,Kurmannapalem,Drunk Driving
2023-07-09 21:30:00,17.756732,83.309702,Gopalapatnam,Drunk Driving
2023-02-23 02:03:00,17.758607,83.262461,NAD Junction,Drunk Driving
2023-12-06 00:11:00,17.777254,83.310019,Kancharapalem,Theft
2023-01-15 23:20:00,17.690756,83.204402,Gopalapatnam,Harassment
2023-03-22 00:26:00,17.840488,83.258672,Gajuwaka,Theft
2023-11-09 23:47:00,17.815993,83.252434,Dwaraka Nagar,Theft
2023-08-09 00:41:00,17.712684,83.20581,Jagadamba Junction,Vandalism
2023-11-14 18:42:00,17.819687,83.193014,Asilmetta,Drunk Driving
2023-01-26 09:45:00,17.748023,83.18489,KRM Colony,Assault
2023-01-16 14:39:00,17.691528,83.289763,PM Palem,Assault
2023-08-27 05:27:00,17.797552,83.237379,Dwaraka Nagar,Vandalism
2023-06-20 10:10:00,17.683215,83.334649,Pedda Waltair,Assault
2023-08-09 23:34:00,17.779888,83.178177,Beach Road,Chain Snatching
2023-04-18 02:31:00,17.740607,83.166925,Jagadamba Junction,Burglary
2023-10-11 05:37:00,17.686398,83.347638,Kurmannapalem,Chain Snatching
2023-05-11 16:03:00,17.810586,83.250319,Kurmannapalem,Harassment
2023-11-21 22:36:00,17.747646,83.251275,MVP Colony,Theft
2023-09-09 02:36:00,17.746204,83.170475,Asilmetta,Assault
2023-07-21 00:51:00,17.746052,83.2732,KRM Colony,Theft
2023-05-03 06:18:00,17.783436,83.21616,Kancharapalem,Vandalism
2023-03-03 17:47:00,17.817256,83.270963,Beach Road,Assault
2023-02-03 14:28:00,17.75644,83.183236,MVP Colony,Theft
2023-12-24 23:46:00,17.779894,83.350494,Madhurawada,Vandalism
2023-02-05 08:17:00,17.828796,83.337172,Gajuwaka,Harassment
2023-05-22 11:45:00,17.847626,83.27732,Beach Road,Theft
2023-06-01 07:36:00,17.714291,83.219074,Gajuwaka,Assault
2023-03-10 08:59:00,17.818292,83.305648,Gajuwaka,Harassment
2023-02-10 06:33:00,17.691563,83.295981,Seethammadhara,Burglary
2023-03-24 04:27:00,17.770686,83.333251,Dwaraka Nagar,Assault
2023-02-08 19:59:00,17.833271,83.199861,Jagadamba Junction,Drunk Driving
2023-11-01 13:39:00,17.740092,83.211164,Beach Road,Burglary
2023-07-18 17:59:00,17.831341,83.303502,Beach Road,Assault
2023-04-17 13:14:00,17.753111,83.256515,Beach Road,Vandalism
2023-01-19 07:31:00,17.816054,83.255858,KRM Colony,Burglary
2023-09-23 11:47:00,17.841623,83.309725,Kurmannapalem,Drunk Driving
2023-07-24 19:59:00,17.813352,83.287563,KRM Colony,Drunk Driving
2023-03-22 23:57:00,17.775239,83.337841,Jagadamba Junction,Assault
2023-05-22 04:45:00,17.713054,83.261667,Pedda Waltair,Chain Snatching
2023-01-05 23:34:00,17.818629,83.347185,Jagadamba Junction,Vandalism
2023-12-15 03:31:00,17.823446,83.188037,Pedda Waltair,Assault
2023-04-30 17:02:00,17.834869,83.237148,Gopalapatnam,Assault
2023-07-10 13:49:00,17.773924,83.335034,NAD Junction,Assault
2023-09-14 03:42:00,17.846445,83.312882,PM Palem,Vandalism
2023-12-20 09:24:00,17.800057,83.357768,Dwaraka Nagar,Vandalism
2023-10-21 11:17:00,17.694174,83.205611,Beach Road,Vandalism
2023-10-09 19:37:00,17.710724,83.327746,NAD Junction,Theft
2023-07-08 00:14:00,17.762313,83.166976,Pedda Waltair,Vandalism
2023-06-06 06:12:00,17.802832,83.201068,Jagadamba Junction,Harassment
2023-07-17 08:11:00,17.775871,83.33125,MVP Colony,Burglary
2023-08-04 16:32:00,17.739219,83.161321,MVP Colony,Burglary
2023-08-31 02:42:00,17.799226,83.28704,KRM Colony,Burglary
2023-04-05 04:36:00,17.782467,83.357858,PM Palem,Assault
2023-03-02 10:08:00,17.68105,83.294312,Gopalapatnam,Assault
2023-07-19 13:31:00,17.754304,83.249832,Kancharapalem,Assault
2023-07-11 07:08:00,17.794447,83.319769,Kancharapalem,Theft
2023-08-11 10:32:00,17.70746,83.25041,MVP Colony,Burglary
2023-07-09 17:03:00,17.841061,83.295811,Madhurawada,Burglary
2023-03-25 15:21:00,17.753088,83.329445,KRM Colony,Theft
2023-08-13 01:51:00,17.802478,83.188659,Asilmetta,Theft
2023-03-17 19:59:00,17.763958,83.221767,Kancharapalem,Theft
2023-02-12 01:03:00,17.708317,83.348918,Asilmetta,Chain Snatching
2023-12-01 05:44:00,17.809326,83.290242,Asilmetta,Chain Snatching
2023-01-16 20:23:00,17.832563,83.160392,Jagadamba Junction,Theft
2023-08-04 01:05:00,17.804279,83.327017,PM Palem,Harassment
2023-03-19 03:58:00,17.84696,83.231707,NAD Junction,Theft
2023-08-13 05:03:00,17.702662,83.294444,Dwaraka Nagar,Harassment
2023-06-14 09:32:00,17.78102,83.258106,Gajuwaka,Burglary
2023-03-30 18:30:00,17.808388,83.301477,PM Palem,Theft
2023-12-04 03:49:00,17.750175,83.341325,Madhurawada,Drunk Driving
2023-06-28 10:29:00,17.74916,83.226888,Madhurawada,Drunk Driving
2023-01-22 04:00:00,17.835592,83.233625,NAD Junction,Assault
2023-03-03 08:24:00,17.707618,83.238596,Madhurawada,Harassment
2023-06-06 04:50:00,17.762923,83.212712,Seethammadhara,Theft
2023-02-06 12:27:00,17.804582,83.31561,Kurmannapalem,Harassment
2023-08-09 05:24:00,17.709189,83.198936,Pedda Waltair,Theft
2023-02-07 15:22:00,17.691232,83.305498,Asilmetta,Chain Snatching
2023-11-23 20:08:00,17.818796,83.183807,MVP Colony,Assault
2023-12-27 19:02:00,17.690757,83.266288,Pedda Waltair,Theft
2023-11-27 22:46:00,17.848516,83.32994,KRM Colony,Vandalism
2023-06-14 17:12:00,17.760219,83.232674,Jagadamba Junction,Assault
2023-10-26 04:36:00,17.779993,83.313067,NAD Junction,Drunk Driving
2023-10-24 17:19:00,17.832754,83.226925,Gajuwaka,Theft
2023-09-17 23:51:00,17.773839,83.258091,Beach Road,Theft
2023-01-13 18:26:00,17.730415,83.263007,Beach Road,Vandalism
2023-06-25 09:48:00,17.763507,83.17222,Asilmetta,Theft
2023-08-31 12:12:00,17.718976,83.31057,Madhurawada,Harassment
2023-02-09 01:54:00,17.814304,83.205623,Asilmetta,Chain Snatching
2023-01-05 09:41:00,17.764049,83.198966,NAD Junction,Harassment
2023-08-22 23:10:00,17.743133,83.163795,Kancharapalem,Theft
2023-03-15 18:57:00,17.820695,83.280162,Pedda Waltair,Vandalism
2023-01-22 23:29:00,17.827296,83.184792,MVP Colony,Drunk Driving
2023-12-16 04:22:00,17.703953,83.313369,Gopalapatnam,Theft
2023-10-31 14:59:00,17.736001,83.276618,Pedda Waltair,Harassment
2023-09-03 16:38:00,17.756481,83.350147,Beach Road,Drunk Driving
2023-12-16 10:45:00,17.813028,83.187928,Kancharapalem,Vandalism
2023-07-31 01:52:00,17.713903,83.293315,Beach Road,Burglary
2023-01-31 05:55:00,17.697991,83.18535,Gajuwaka,Burglary
2023-04-10 23:22:00,17.776589,83.239019,Kurmannapalem,Chain Snatching
2023-03-13 13:01:00,17.723413,83.216639,Asilmetta,Vandalism
2023-07-04 01:15:00,17.692521,83.201847,Beach Road,Theft
2023-10-29 22:38:00,17.752303,83.289892,NAD Junction,Assault
2023-05-23 21:46:00,17.743989,83.344557,Pedda Waltair,Drunk Driving
2023-10-07 05:12:00,17.827807,83.219818,PM Palem,Theft
2023-03-23 13:25:00,17.70154,83.299782,Dwaraka Nagar,Assault
2023-01-27 21:44:00,17.802155,83.256178,Jagadamba Junction,Theft
2023-09-08 21:57:00,17.810188,83.205736,MVP Colony,Assault
2023-04-09 15:09:00,17.824119,83.350978,Kancharapalem,Assault
2023-07-30 23:37:00,17.843987,83.314222,MVP Colony,Assault
2023-02-08 17:18:00,17.805927,83.204492,PM Palem,Theft
2023-04-20 23:49:00,17.813246,83.318937,MVP Colony,Harassment
2023-05-20 15:00:00,17.775139,83.183936,Seethammadhara,Theft
2023-03-23 16:05:00,17.745602,83.35684,KRM Colony,Assault
2023-07-18 09:25:00,17.737514,83.215062,Dwaraka Nagar,Chain Snatching
2023-06-14 18:05:00,17.736943,83.252692,Pedda Waltair,Drunk Driving
2023-08-12 18:26:00,17.827236,83.167515,Gajuwaka,Harassment
2023-05-16 18:51:00,17.801451,83.307231,Dwaraka Nagar,Burglary
2023-10-13 04:01:00,17.803087,83.359838,Gopalapatnam,Drunk Driving
2023-03-05 20:13:00,17.744514,83.359414,Kurmannapalem,Vandalism
2023-04-03 09:12:00,17.697201,83.196119,Gopalapatnam,Harassment
2023-07-18 10:52:00,17.755109,83.319606,MVP Colony,Assault
2023-12-21 08:10:00,17.702091,83.238387,Kancharapalem,Assault
2023-10-30 08:44:00,17.744241,83.299991,Seethammadhara,Theft
2023-04-30 21:25:00,17.836301,83.322564,KRM Colony,Burglary
2023-01-09 06:31:00,17.842552,83.266676,Seethammadhara,Assault
2023-08-25 21:51:00,17.696319,83.288912,PM Palem,Burglary
2023-06-17 03:33:00,17.824278,83.250409,Seethammadhara,Theft
2023-02-13 10:01:00,17.765404,83.336687,MVP Colony,Harassment
2023-07-02 07:57:00,17.772715,83.229631,Kancharapalem,Burglary
2023-06-22 13:58:00,17.726299,83.349046,Kancharapalem,Drunk Driving
2023-11-21 17:46:00,17.777217,83.294905,KRM Colony,Theft
2023-11-05 23:10:00,17.797703,83.195739,NAD Junction,Vandalism
2023-06-15 21:23:00,17.849804,83.297953,Madhurawada,Drunk Driving
2023-03-26 17:27:00,17.707402,83.293423,NAD Junction,Drunk Driving
2023-09-04 19:17:00,17.795158,83.328992,Gopalapatnam,Burglary
2023-03-16 09:09:00,17.77145,83.176187,Madhurawada,Theft
2023-06-10 07:39:00,17.775031,83.182789,Gajuwaka,Theft
2023-05-16 02:54:00,17.776081,83.223642,Dwaraka Nagar,Assault
2023-07-19 14:54:00,17.827893,83.231482,Kurmannapalem,Assault
2023-07-21 03:29:00,17.809666,83.265862,KRM Colony,Assault
2023-06-16 04:47:00,17.707457,83.165862,Kancharapalem,Chain Snatching
2023-06-15 17:26:00,17.684813,83.298158,Dwaraka Nagar,Harassment
2023-07-08 23:22:00,17.771474,83.286082,PM Palem,Theft
2023-05-25 00:45:00,17.742894,83.248605,MVP Colony,Theft
2023-09-17 21:29:00,17.834201,83.295205,Seethammadhara,Harassment
2023-02-14 17:50:00,17.72111,83.278775,Madhurawada,Assault
2023-08-10 16:51:00,17.708838,83.273602,Gajuwaka,Assault
2023-06-01 02:09:00,17.831513,83.258728,Kurmannapalem,Vandalism
2023-03-22 16:45:00,17.791118,83.346959,MVP Colony,Assault
2023-03-07 01:51:00,17.68312,83.205884,Gajuwaka,Assault
2023-10-08 20:50:00,17.697476,83.235457,Dwaraka Nagar,Chain Snatching
2023-09-05 08:49:00,17.733809,83.348287,Kurmannapalem,Harassment
2023-06-11 18:34:00,17.747213,83.262257,Pedda Waltair,Drunk Driving
2023-04-11 18:23:00,17.762147,83.319786,Beach Road,Theft
2023-05-11 19:22:00,17.827616,83.301765,Seethammadhara,Theft
2023-12-21 13:26:00,17.803136,83.310603,Madhurawada,Theft
2023-08-07 05:02:00,17.794806,83.173044,Dwaraka Nagar,Theft
2023-12-15 14:55:00,17.784363,83.195614,Madhurawada,Theft
2023-03-09 03:05:00,17.710073,83.203434,Kancharapalem,Theft
2023-12-22 08:47:00,17.776168,83.305844,Pedda Waltair,Assault
2023-08-11 07:47:00,17.836143,83.327692,KRM Colony,Chain Snatching
2023-09-22 23:53:00,17.75811,83.251511,NAD Junction,Drunk Driving
2023-09-14 18:06:00,17.686929,83.333475,Seethammadhara,Assault
2023-02-09 04:52:00,17.722014,83.263247,MVP Colony,Harassment
2023-03-28 10:55:00,17.76955,83.175428,NAD Junction,Chain Snatching
2023-02-01 00:58:00,17.841731,83.345401,PM Palem,Chain Snatching
2023-02-25 07:44:00,17.721862,83.174336,KRM Colony,Theft
2023-04-08 22:26:00,17.821079,83.199983,NAD Junction,Theft
2023-02-20 20:26:00,17.734177,83.320343,Madhurawada,Theft
2023-09-02 15:24:00,17.751563,83.308782,Madhurawada,Theft
2023-10-09 23:15:00,17.74823,83.315393,Kurmannapalem,Theft
2023-09-07 06:02:00,17.751403,83.173789,Kurmannapalem,Assault
2023-11-20 06:08:00,17.739488,83.301794,Dwaraka Nagar,Theft
2023-04-19 05:39:00,17.762214,83.232312,Gajuwaka,Theft
2023-04-09 14:00:00,17.831706,83.230909,Gopalapatnam,Assault
2023-08-18 06:33:00,17.766209,83.161239,MVP Colony,Assault
2023-02-15 19:22:00,17.843676,83.220698,Madhurawada,Harassment
2023-11-03 21:01:00,17.770208,83.219752,NAD Junction,Harassment
2023-06-18 09:14:00,17.768417,83.184979,NAD Junction,Harassment
2023-02-17 12:35:00,17.720889,83.286726,MVP Colony,Assault
2023-11-08 19:50:00,17.708378,83.258553,Madhurawada,Vandalism
2023-07-08 18:04:00,17.763486,83.240713,Kancharapalem,Assault
2023-07-24 15:13:00,17.710932,83.205499,Seethammadhara,Theft
2023-09-01 15:12:00,17.816101,83.194892,Gajuwaka,Theft
2023-08-11 13:50:00,17.825667,83.295595,Seethammadhara,Chain Snatching
2023-04-15 03:41:00,17.802025,83.244943,Dwaraka Nagar,Chain Snatching
2023-08-28 07:22:00,17.798468,83.202949,Pedda Waltair,Theft
2023-02-25 12:30:00,17.695404,83.207485,Beach Road,Assault
2023-12-03 07:20:00,17.840205,83.179078,MVP Colony,Burglary
2023-06-15 19:38:00,17.707666,83.205932,KRM Colony,Drunk Driving
2023-07-21 15:15:00,17.725093,83.167066,Jagadamba Junction,Chain Snatching
2023-03-07 02:22:00,17.77356,83.283012,MVP Colony,Burglary
2023-11-02 07:36:00,17.693236,83.224503,KRM Colony,Theft
2023-08-16 10:21:00,17.798251,83.180434,KRM Colony,Theft
2023-07-06 04:06:00,17.836914,83.214731,Gajuwaka,Assault
2023-12-19 22:19:00,17.829729,83.24209,PM Palem,Chain Snatching
2023-01-09 22:42:00,17.831359,83.293803,Jagadamba Junction,Assault
2023-07-25 18:30:00,17.795777,83.189521,Seethammadhara,Burglary
2023-05-26 16:09:00,17.752206,83.187724,Asilmetta,Harassment
2023-10-31 01:54:00,17.834963,83.264488,Beach Road,Theft
2023-01-15 11:27:00,17.73823,83.269225,Kurmannapalem,Theft
2023-05-31 00:11:00,17.822218,83.338984,Jagadamba Junction,Theft
2023-03-28 09:18:00,17.832064,83.318316,Beach Road,Vandalism
2023-08-07 06:59:00,17.714028,83.193148,Madhurawada,Chain Snatching
2023-10-27 07:50:00,17.840257,83.222226,Dwaraka Nagar,Harassment
2023-07-18 15:01:00,17.789643,83.23883,Gopalapatnam,Theft
2023-09-03 11:27:00,17.742533,83.332067,Kancharapalem,Chain Snatching
2023-05-27 19:00:00,17.809715,83.271984,Gajuwaka,Burglary
2023-12-09 22:16:00,17.705695,83.327778,Kancharapalem,Harassment
2023-02-24 22:57:00,17.696634,83.204079,Seethammadhara,Harassment
2023-07-19 08:58:00,17.735012,83.189313,Gopalapatnam,Drunk Driving
2023-08-02 10:07:00,17.84719,83.26679,Pedda Waltair,Assault
2023-01-27 07:00:00,17.754193,83.286592,Dwaraka Nagar,Harassment
2023-09-24 22:45:00,17.683407,83.302395,Asilmetta,Burglary
2023-07-11 07:59:00,17.79794,83.22807,NAD Junction,Theft
2023-10-22 20:50:00,17.682685,83.292849,KRM Colony,Assault
2023-03-17 16:19:00,17.829513,83.228069,Gajuwaka,Assault
2023-05-13 23:11:00,17.752772,83.298118,Seethammadhara,Assault
2023-09-11 08:07:00,17.821949,83.2718,Dwaraka Nagar,Drunk Driving
2023-05-13 19:27:00,17.690222,83.192557,Madhurawada,Harassment
2023-03-03 02:58:00,17.805633,83.311234,KRM Colony,Burglary
2023-09-25 14:34:00,17.846518,83.279878,KRM Colony,Theft
2023-10-05 10:42:00,17.790019,83.187994,Gajuwaka,Drunk Driving
2023-06-27 08:47:00,17.797922,83.178967,Beach Road,Assault
2023-10-08 19:14:00,17.68169,83.210547,Pedda Waltair,Drunk Driving
2023-11-06 05:29:00,17.799856,83.353276,Jagadamba Junction,Theft
2023-11-15 18:19:00,17.842122,83.189122,PM Palem,Drunk Driving
2023-08-07 16:41:00,17.773413,83.349802,Madhurawada,Chain Snatching
2023-02-19 08:33:00,17.712695,83.188088,Beach Road,Chain Snatching
2023-03-10 19:05:00,17.738441,83.249012,Madhurawada,Theft
2023-05-15 13:43:00,17.764404,83.172872,PM Palem,Theft
2023-09-21 05:48:00,17.803214,83.201194,Kancharapalem,Theft
2023-05-10 11:45:00,17.728011,83.236823,KRM Colony,Harassment
2023-12-15 08:03:00,17.792296,83.315058,Gopalapatnam,Vandalism
2023-04-15 21:20:00,17.751019,83.310136,PM Palem,Assault
2023-07-06 12:08:00,17.804404,83.243127,Kurmannapalem,Drunk Driving
2023-06-11 14:39:00,17.841367,83.34325,Pedda Waltair,Chain Snatching
2023-05-19 07:58:00,17.756688,83.173159,Madhurawada,Assault
2023-01-14 01:16:00,17.717251,83.352929,Seethammadhara,Theft
2023-08-08 02:14:00,17.707364,83.16359,Dwaraka Nagar,Chain Snatching
2023-02-07 03:43:00,17.693066,83.260658,Gopalapatnam,Assault
2023-11-22 17:43:00,17.737145,83.347404,Gajuwaka,Theft
2023-02-15 10:50:00,17.844278,83.343712,Seethammadhara,Assault
2023-12-25 19:25:00,17.720519,83.334758,MVP Colony,Harassment
2023-06-19 15:34:00,17.847355,83.189264,Dwaraka Nagar,Harassment
2023-08-13 01:20:00,17.827974,83.341932,MVP Colony,Harassment
2023-09-15 04:01:00,17.784186,83.310146,Kurmannapalem,Burglary
2023-02-20 06:28:00,17.73863,83.32266,Pedda Waltair,Assault
2023-04-27 04:27:00,17.709988,83.268292,Dwaraka Nagar,Assault
2023-02-07 03:07:00,17.762952,83.163276,Pedda Waltair,Theft
2023-11-25 17:54:00,17.713388,83.188353,Gajuwaka,Chain Snatching
2023-10-24 00:40:00,17.844019,83.16566,KRM Colony,Harassment
2023-04-09 01:45:00,17.782717,83.163181,PM Palem,Theft
2023-04-13 05:53:00,17.833681,83.206221,KRM Colony,Drunk Driving
2023-11-06 11:50:00,17.710754,83.271846,Gopalapatnam,Burglary
2023-02-08 12:28:00,17.776051,83.165455,Jagadamba Junction,Assault
2023-05-22 13:55:00,17.81916,83.294528,Asilmetta,Chain Snatching
2023-06-15 13:15:00,17.771285,83.197509,Jagadamba Junction,Vandalism
2023-04-03 16:46:00,17.711796,83.238095,Kancharapalem,Theft
2023-04-15 04:57:00,17.687721,83.333968,PM Palem,Burglary
2023-11-24 23:49:00,17.813538,83.307624,Kancharapalem,Assault
2023-10-30 19:54:00,17.817282,83.359653,Gopalapatnam,Theft
2023-05-22 02:50:00,17.732022,83.1647,Madhurawada,Drunk Driving
2023-04-23 19:48:00,17.715946,83.188529,Dwaraka Nagar,Harassment
2023-06-30 23:22:00,17.821766,83.192118,KRM Colony,Burglary
2023-06-23 11:36:00,17.820853,83.195781,Jagadamba Junction,Assault
2023-06-23 19:25:00,17.770819,83.263446,Kurmannapalem,Harassment
2023-08-12 08:25:00,17.783461,83.255786,Kancharapalem,Theft
2023-01-29 21:07:00,17.805748,83.342674,Jagadamba Junction,Burglary
2023-10-23 06:10:00,17.748484,83.26582,Seethammadhara,Theft
2023-12-25 03:14:00,17.774217,83.271731,Beach Road,Theft
2023-11-08 14:28:00,17.794263,83.332786,Kurmannapalem,Assault
2023-11-05 11:24:00,17.833581,83.200604,Seethammadhara,Harassment
2023-10-10 23:29:00,17.823474,83.298771,Jagadamba Junction,Drunk Driving
2023-08-31 15:52:00,17.749824,83.163527,Pedda Waltair,Harassment
2023-11-12 14:45:00,17.691523,83.313916,Jagadamba Junction,Drunk Driving
2023-04-14 10:30:00,17.835843,83.229363,Seethammadhara,Theft
2023-02-08 16:09:00,17.824678,83.262757,MVP Colony,Chain Snatching
2023-01-29 15:20:00,17.691058,83.200827,Gopalapatnam,Drunk Driving
2023-12-11 09:27:00,17.788674,83.352655,Beach Road,Theft
2023-06-27 15:10:00,17.745424,83.346362,PM Palem,Harassment
2023-03-17 15:45:00,17.791512,83.261043,KRM Colony,Burglary
2023-02-08 20:04:00,17.698076,83.278185,Pedda Waltair,Assault
2023-05-07 14:49:00,17.744052,83.202726,MVP Colony,Theft
2023-12-21 13:42:00,17.778828,83.348256,Gajuwaka,Theft
2023-11-25 22:10:00,17.780337,83.244364,Dwaraka Nagar,Theft
2023-08-21 15:31:00,17.755274,83.352662,Gajuwaka,Harassment
2023-06-25 17:43:00,17.718675,83.170482,PM Palem,Theft
2023-02-18 05:41:00,17.736686,83.175528,Gajuwaka,Theft
2023-06-21 00:26:00,17.717637,83.183285,Seethammadhara,Assault
2023-06-21 08:28:00,17.69131,83.273432,PM Palem,Harassment
2023-06-16 09:55:00,17.816956,83.252276,Beach Road,Theft
2023-09-10 05:40:00,17.831769,83.262786,Dwaraka Nagar,Harassment
2023-01-10 10:50:00,17.803138,83.160595,Pedda Waltair,Vandalism
2023-09-19 00:49:00,17.74982,83.330137,Jagadamba Junction,Drunk Driving
2023-08-17 14:40:00,17.725131,83.316141,Asilmetta,Theft
2023-09-27 18:42:00,17.845101,83.185667,NAD Junction,Theft
2023-06-07 12:23:00,17.77968,83.271307,Madhurawada,Assault
2023-12-31 09:51:00,17.746094,83.326178,PM Palem,Harassment
2023-01-24 23:35:00,17.837124,83.182355,Kurmannapalem,Burglary
2023-11-02 18:01:00,17.813354,83.245819,Pedda Waltair,Burglary
2023-02-25 12:31:00,17.687321,83.279718,KRM Colony,Assault
2023-03-26 21:36:00,17.763538,83.292881,Beach Road,Vandalism
2023-08-01 01:14:00,17.735655,83.298731,Pedda Waltair,Harassment
2023-09-25 01:52:00,17.690993,83.254111,Seethammadhara,Harassment
2023-12-16 12:52:00,17.706381,83.209558,Madhurawada,Drunk Driving
2023-10-07 11:39:00,17.754659,83.241968,PM Palem,Harassment
2023-05-29 15:16:00,17.705308,83.263426,Gopalapatnam,Drunk Driving
2023-04-28 16:55:00,17.834219,83.187818,Pedda Waltair,Theft
2023-08-21 14:57:00,17.728398,83.26256,Madhurawada,Vandalism
2023-06-01 04:31:00,17.682844,83.24742,Asilmetta,Harassment
2023-01-25 08:45:00,17.764719,83.24389,Beach Road,Theft
2023-07-15 02:36:00,17.752217,83.168934,Beach Road,Harassment
2023-08-28 17:19:00,17.747023,83.216187,Kancharapalem,Harassment
2023-04-20 18:39:00,17.687349,83.190894,Jagadamba Junction,Burglary
2023-04-09 08:57:00,17.682927,83.23172,NAD Junction,Theft
2023-12-20 01:37:00,17.739754,83.2993,Kancharapalem,Burglary
2023-08-31 20:14:00,17.690446,83.216556,Jagadamba Junction,Chain Snatching
2023-06-09 06:56:00,17.699176,83.359809,Beach Road,Theft
2023-06-13 08:41:00,17.72477,83.337825,Asilmetta,Theft
2023-01-24 00:08:00,17.742534,83.276749,Kancharapalem,Harassment
2023-05-11 12:47:00,17.743713,83.17978,Kancharapalem,Drunk Driving
2023-08-27 20:08:00,17.790254,83.204624,Madhurawada,Theft
2023-10-06 05:38:00,17.693923,83.318665,Jagadamba Junction,Assault
2023-02-23 12:54:00,17.689056,83.349971,Kancharapalem,Harassment
2023-04-06 06:12:00,17.811772,83.177516,NAD Junction,Theft
2023-08-03 14:18:00,17.833411,83.238581,Kancharapalem,Theft
2023-11-07 22:31:00,17.761577,83.315229,Beach Road,Chain Snatching
2023-05-10 04:24:00,17.753954,83.181006,Kurmannapalem,Burglary
2023-05-13 20:14:00,17.772075,83.167078,Kurmannapalem,Assault
2023-08-11 18:14:00,17.753481,83.351223,Dwaraka Nagar,Harassment
2023-03-14 22:12:00,17.845561,83.217527,NAD Junction,Drunk Driving
2023-01-12 15:32:00,17.845292,83.314613,PM Palem,Theft
2023-05-25 14:42:00,17.70245,83.215283,MVP Colony,Drunk Driving
2023-05-04 14:05:00,17.747071,83.290461,Kurmannapalem,Assault
2023-02-07 19:43:00,17.749908,83.257317,Jagadamba Junction,Assault
2023-12-25 20:47:00,17.828962,83.284424,Beach Road,Burglary
2023-04-01 14:25:00,17.757636,83.236614,Madhurawada,Theft
2023-05-11 10:31:00,17.757699,83.170019,Asilmetta,Theft
2023-12-27 17:41:00,17.815357,83.269024,MVP Colony,Assault
2023-11-12 01:45:00,17.700022,83.189641,Kancharapalem,Theft
2023-12-18 03:23:00,17.704606,83.234281,Gopalapatnam,Theft
2023-06-21 08:41:00,17.801204,83.27312,Kurmannapalem,Chain Snatching
2023-03-26 17:57:00,17.82153,83.250548,Kancharapalem,Theft
2023-04-18 22:52:00,17.761419,83.348168,MVP Colony,Burglary
2023-08-20 14:33:00,17.760138,83.301,Kurmannapalem,Theft
2023-12-05 14:03:00,17.690092,83.241447,PM Palem,Drunk Driving
2023-10-05 13:12:00,17.740067,83.27214,PM Palem,Harassment
2023-07-02 12:51:00,17.699263,83.356836,Pedda Waltair,Theft
2023-02-22 18:46:00,17.836401,83.279385,Kurmannapalem,Theft
2023-03-01 09:45:00,17.69163,83.253616,Jagadamba Junction,Vandalism
2023-04-05 16:43:00,17.8245,83.271906,KRM Colony,Harassment
2023-06-14 09:11:00,17.842495,83.293615,Dwaraka Nagar,Assault
2023-01-29 02:36:00,17.800609,83.263296,KRM Colony,Drunk Driving
2023-12-19 15:10:00,17.728856,83.185218,MVP Colony,Theft
2023-04-27 08:15:00,17.760404,83.351182,Seethammadhara,Harassment
2023-02-19 02:19:00,17.705821,83.328383,Madhurawada,Vandalism
2023-11-05 04:48:00,17.728877,83.249582,Pedda Waltair,Harassment
2023-11-19 09:48:00,17.804887,83.186677,Gopalapatnam,Theft
2023-09-21 11:14:00,17.811051,83.278854,Kancharapalem,Drunk Driving
2023-04-07 23:04:00,17.809013,83.206274,Kurmannapalem,Theft
2023-12-02 02:28:00,17.795102,83.19143,Gajuwaka,Drunk Driving
2023-11-08 18:49:00,17.822695,83.305103,Asilmetta,Burglary
2023-01-25 18:05:00,17.800378,83.19229,PM Palem,Vandalism
2023-10-12 05:23:00,17.729318,83.285391,Kancharapalem,Theft
2023-07-27 11:00:00,17.714813,83.269843,Jagadamba Junction,Theft
2023-10-25 14:45:00,17.845228,83.318032,Madhurawada,Theft
2023-12-07 19:12:00,17.756041,83.203314,Pedda Waltair,Theft
2023-10-11 18:57:00,17.736447,83.181713,Asilmetta,Theft
2023-11-18 02:53:00,17.792278,83.30162,Madhurawada,Assault
2023-11-12 10:22:00,17.747559,83.331138,Asilmetta,Theft
2023-02-23 02:11:00,17.768237,83.307694,Gopalapatnam,Harassment
2023-05-30 10:15:00,17.759898,83.332461,Gopalapatnam,Harassment
2023-01-18 11:07:00,17.779582,83.285161,Gopalapatnam,Assault
2023-06-10 18:12:00,17.779462,83.193435,Kurmannapalem,Theft
2023-06-05 06:43:00,17.755468,83.267979,Asilmetta,Theft
2023-07-05 09:40:00,17.721623,83.304762,Asilmetta,Chain Snatching
2023-06-21 06:00:00,17.844423,83.344793,Asilmetta,Chain Snatching
2023-12-29 22:01:00,17.681758,83.162033,Asilmetta,Assault
2023-06-18 23:14:00,17.719285,83.286194,NAD Junction,Theft
2023-12-13 17:56:00,17.681839,83.207764,Jagadamba Junction,Theft
2023-10-14 22:47:00,17.766156,83.209051,Beach Road,Chain Snatching
2023-02-15 08:55:00,17.821478,83.329355,Kancharapalem,Chain Snatching
2023-11-08 23:34:00,17.790884,83.179036,MVP Colony,Assault
2023-11-19 14:12:00,17.736283,83.33284,Kurmannapalem,Assault
2023-08-14 05:56:00,17.771816,83.289597,Madhurawada,Burglary
2023-09-16 03:21:00,17.830795,83.278006,NAD Junction,Theft
2023-04-07 04:15:00,17.728903,83.293509,KRM Colony,Burglary
2023-08-14 14:25:00,17.745743,83.317484,Madhurawada,Drunk Driving
2023-08-05 14:29:00,17.744864,83.194384,Seethammadhara,Assault
2023-12-01 23:36:00,17.789418,83.195221,Seethammadhara,Vandalism
2023-08-20 00:19:00,17.826874,83.251386,NAD Junction,Harassment
2023-09-14 04:03:00,17.848043,83.197688,Dwaraka Nagar,Assault
2023-05-09 08:32:00,17.817155,83.343504,NAD Junction,Burglary
2023-10-18 08:54:00,17.742359,83.196672,Kurmannapalem,Harassment
2023-04-21 03:04:00,17.728602,83.24296,Beach Road,Chain Snatching
2023-12-28 14:09:00,17.775649,83.330468,Jagadamba Junction,Harassment
2023-11-14 04:06:00,17.819307,83.270888,Seethammadhara,Drunk Driving
2023-12-03 16:48:00,17.687378,83.250754,Jagadamba Junction,Harassment
2023-10-14 18:51:00,17.682637,83.193315,KRM Colony,Drunk Driving
2023-07-29 08:34:00,17.706833,83.170909,Asilmetta,Harassment
2023-01-16 18:57:00,17.725399,83.261557,Dwaraka Nagar,Assault
2023-10-06 09:19:00,17.77247,83.213726,Pedda Waltair,Chain Snatching
2023-04-20 05:45:00,17.781302,83.223333,KRM Colony,Theft
2023-01-30 14:15:00,17.820679,83.197051,Jagadamba Junction,Burglary
2023-09-28 08:27:00,17.836377,83.211765,Beach Road,Theft
2023-12-13 10:42:00,17.804483,83.295569,Kurmannapalem,Harassment
2023-07-09 16:53:00,17.849662,83.212914,Beach Road,Vandalism
2023-01-05 00:49:00,17.762519,83.178562,Asilmetta,Theft
2023-02-20 12:47:00,17.684691,83.296966,Asilmetta,Assault
2023-02-23 09:15:00,17.84254,83.209268,MVP Colony,Assault
2023-06-19 12:43:00,17.83258,83.263462,Gopalapatnam,Burglary
2023-05-07 12:43:00,17.75159,83.226699,Seethammadhara,Vandalism
2023-04-13 23:41:00,17.743836,83.275832,NAD Junction,Assault
2023-09-05 17:28:00,17.820977,83.349268,Gajuwaka,Assault
2023-08-28 14:28:00,17.795989,83.238906,Kancharapalem,Drunk Driving
2023-04-17 19:33:00,17.758153,83.226142,Seethammadhara,Assault
2023-07-02 22:05:00,17.725929,83.174946,Beach Road,Burglary
2023-04-22 01:20:00,17.812268,83.187245,Gajuwaka,Harassment
2023-02-28 00:43:00,17.787961,83.172949,Beach Road,Assault
2023-04-10 17:59:00,17.688716,83.273707,Beach Road,Theft
2023-08-17 21:26:00,17.739563,83.222066,Kurmannapalem,Theft
2023-10-05 14:32:00,17.722272,83.349968,Pedda Waltair,Theft
2023-10-31 00:45:00,17.694182,83.28807,NAD Junction,Harassment
2023-12-17 12:25:00,17.741247,83.271036,Pedda Waltair,Vandalism
2023-12-26 03:10:00,17.809896,83.311717,Seethammadhara,Theft
2023-10-02 09:58:00,17.69641,83.191539,Pedda Waltair,Chain Snatching
2023-08-24 20:55:00,17.822697,83.293463,Jagadamba Junction,Assault
2023-06-27 20:16:00,17.730824,83.248449,Kurmannapalem,Vandalism
2023-02-13 15:38:00,17.699738,83.236838,Madhurawada,Assault
2023-08-02 00:32:00,17.714712,83.276178,PM Palem,Drunk Driving
2023-08-03 23:11:00,17.798484,83.175393,NAD Junction,Vandalism
2023-01-13 06:17:00,17.782069,83.21575,Kurmannapalem,Theft
2023-09-07 11:12:00,17.749818,83.165407,Gopalapatnam,Chain Snatching
2023-01-29 17:49:00,17.777347,83.250477,Kurmannapalem,Theft
2023-05-03 00:25:00,17.680535,83.317236,Beach Road,Chain Snatching
2023-01-25 09:41:00,17.760526,83.17845,Pedda Waltair,Assault
2023-05-07 00:42:00,17.681126,83.30984,Gajuwaka,Assault
2023-12-09 11:35:00,17.682037,83.316597,Kancharapalem,Drunk Driving
2023-11-24 14:51:00,17.750687,83.325833,Kurmannapalem,Drunk Driving
2023-01-29 18:23:00,17.824219,83.173104,KRM Colony,Harassment
2023-06-12 05:31:00,17.826435,83.288118,Asilmetta,Assault
2023-09-07 15:43:00,17.846201,83.267982,Seethammadhara,Drunk Driving
2023-02-02 15:48:00,17.745136,83.267901,Kurmannapalem,Burglary
2023-01-31 04:06:00,17.829839,83.326231,Dwaraka Nagar,Burglary
2023-12-08 06:38:00,17.843484,83.241601,Jagadamba Junction,Theft
2023-06-11 02:26:00,17.813157,83.202376,NAD Junction,Assault
2023-07-17 03:25:00,17.712321,83.265519,Pedda Waltair,Harassment
2023-03-08 19:28:00,17.847377,83.190589,Kurmannapalem,Burglary
2023-08-12 11:54:00,17.821611,83.268847,Asilmetta,Theft
2023-09-11 05:25:00,17.758238,83.250968,Jagadamba Junction,Assault
2023-08-17 14:04:00,17.757601,83.291292,Asilmetta,Chain Snatching
2023-01-07 11:15:00,17.817166,83.182026,PM Palem,Drunk Driving
2023-03-04 08:24:00,17.836093,83.34205,Gajuwaka,Theft
2023-02-03 10:45:00,17.810285,83.278361,Dwaraka Nagar,Theft
2023-12-22 15:11:00,17.743305,83.203421,Gajuwaka,Burglary
2023-09-01 23:43:00,17.682287,83.238531,Pedda Waltair,Theft
2023-07-20 10:50:00,17.804372,83.19945,MVP Colony,Assault
2023-12-09 02:33:00,17.728279,83.299674,Pedda Waltair,Theft
2023-01-27 02:56:00,17.776723,83.20843,Beach Road,Vandalism
2023-09-20 14:01:00,17.78961,83.358582,Dwaraka Nagar,Chain Snatching
2023-12-03 05:25:00,17.744424,83.203464,Madhurawada,Vandalism
2023-05-14 03:27:00,17.777781,83.182691,NAD Junction,Harassment
2023-12-15 07:42:00,17.821173,83.237016,NAD Junction,Vandalism
2023-06-19 17:41:00,17.817345,83.277962,PM Palem,Theft
2023-12-31 02:35:00,17.696196,83.242643,KRM Colony,Chain Snatching
2023-06-02 21:17:00,17.802978,83.317242,KRM Colony,Drunk Driving
2023-12-16 10:13:00,17.807977,83.246172,PM Palem,Vandalism
2023-10-27 18:06:00,17.759201,83.166073,Dwaraka Nagar,Assault
2023-11-12 06:26:00,17.750872,83.191817,Beach Road,Assault
2023-05-18 07:48:00,17.800444,83.232301,Beach Road,Burglary
2023-12-08 00:16:00,17.696313,83.30915,Seethammadhara,Drunk Driving
2023-04-20 11:49:00,17.703307,83.294909,Dwaraka Nagar,Vandalism
2023-07-03 14:38:00,17.699221,83.164842,Madhurawada,Assault
2023-12-23 00:31:00,17.713135,83.31618,KRM Colony,Harassment
2023-02-16 20:19:00,17.682808,83.327377,Pedda Waltair,Vandalism
2023-10-16 22:07:00,17.757121,83.283934,Asilmetta,Burglary
2023-02-24 05:26:00,17.688029,83.196175,Seethammadhara,Chain Snatching
2023-05-04 23:10:00,17.808465,83.356373,Asilmetta,Theft
2023-06-13 09:14:00,17.848887,83.243627,Jagadamba Junction,Harassment
2023-12-29 23:29:00,17.748856,83.219096,Gajuwaka,Assault
2023-11-13 15:03:00,17.704432,83.188768,Asilmetta,Burglary
2023-06-29 07:12:00,17.806015,83.292361,Pedda Waltair,Theft
2023-10-30 15:39:00,17.781879,83.263216,PM Palem,Theft
2023-07-10 06:36:00,17.810377,83.194532,MVP Colony,Burglary
2023-03-17 04:24:00,17.722245,83.244403,KRM Colony,Drunk Driving
2023-05-09 22:07:00,17.693739,83.235165,Jagadamba Junction,Burglary
2023-04-08 15:05:00,17.753766,83.210057,Asilmetta,Assault
2023-12-24 21:30:00,17.728672,83.34211,Gopalapatnam,Assault
2023-05-07 11:39:00,17.686495,83.204246,Gopalapatnam,Theft
2023-03-13 07:33:00,17.725504,83.347168,Dwaraka Nagar,Drunk Driving
2023-05-16 09:31:00,17.78693,83.287625,Dwaraka Nagar,Chain Snatching
2023-01-24 22:08:00,17.783958,83.314065,Seethammadhara,Theft
2023-02-01 08:13:00,17.785028,83.183059,Jagadamba Junction,Chain Snatching
2023-09-23 07:55:00,17.80839,83.311511,Seethammadhara,Vandalism
2023-07-21 11:28:00,17.742289,83.193142,Beach Road,Harassment
2023-04-05 01:28:00,17.718749,83.306554,Kurmannapalem,Assault
2023-02-05 00:44:00,17.756007,83.334849,Beach Road,Assault
2023-05-06 19:40:00,17.849121,83.236967,Jagadamba Junction,Theft
2023-04-20 08:25:00,17.716879,83.201689,Pedda Waltair,Drunk Driving
2023-08-27 14:51:00,17.704524,83.246221,NAD Junction,Drunk Driving
2023-03-01 09:37:00,17.739417,83.296741,Asilmetta,Harassment
2023-12-16 19:40:00,17.713477,83.358483,KRM Colony,Theft
2023-04-15 18:05:00,17.722636,83.342088,Pedda Waltair,Harassment
2023-11-28 02:58:00,17.703915,83.23333,NAD Junction,Harassment
2023-01-05 03:03:00,17.843549,83.303362,NAD Junction,Drunk Driving
2023-08-17 15:07:00,17.77202,83.278338,NAD Junction,Vandalism
2023-06-23 12:16:00,17.692553,83.314332,Dwaraka Nagar,Assault
2023-10-07 03:30:00,17.844512,83.250551,Gajuwaka,Chain Snatching
2023-10-28 12:16:00,17.796595,83.175458,MVP Colony,Harassment
2023-11-01 13:00:00,17.839982,83.336835,Seethammadhara,Assault
2023-03-29 16:37:00,17.688322,83.23633,NAD Junction,Harassment
2023-08-18 23:17:00,17.767312,83.352323,Gajuwaka,Chain Snatching
2023-09-29 16:57:00,17.68231,83.176951,Asilmetta,Harassment
2023-11-04 17:55:00,17.684419,83.196637,Asilmetta,Burglary
2023-01-14 14:39:00,17.771301,83.34968,Beach Road,Harassment
2023-07-10 10:54:00,17.820032,83.323244,MVP Colony,Theft
2023-03-21 04:01:00,17.816233,83.186184,Gajuwaka,Theft
2023-08-26 19:21:00,17.832342,83.216667,Beach Road,Drunk Driving
2023-01-06 10:28:00,17.822493,83.182459,Gopalapatnam,Theft
2023-06-23 18:03:00,17.703799,83.313361,Asilmetta,Burglary
2023-05-03 09:30:00,17.73438,83.181149,Kurmannapalem,Theft
2023-08-07 02:27:00,17.813004,83.317434,Pedda Waltair,Theft
2023-01-24 14:56:00,17.741819,83.205683,Seethammadhara,Vandalism
2023-04-12 18:30:00,17.813351,83.300994,Madhurawada,Harassment
2023-12-16 14:30:00,17.714234,83.304565,Kurmannapalem,Chain Snatching
2023-06-16 01:04:00,17.783399,83.209799,Kancharapalem,Theft
2023-07-13 06:09:00,17.739076,83.319079,Kancharapalem,Assault
2023-03-09 22:47:00,17.778893,83.309076,Gajuwaka,Theft
2023-11-09 18:08:00,17.685866,83.266754,Dwaraka Nagar,Harassment
2023-01-31 06:04:00,17.75278,83.22297,Asilmetta,Drunk Driving
2023-06-07 06:52:00,17.762703,83.226978,Kancharapalem,Theft
2023-10-01 23:04:00,17.792141,83.296759,Kurmannapalem,Chain Snatching
2023-08-02 19:18:00,17.830861,83.354491,Gopalapatnam,Harassment
2023-08-19 11:13:00,17.728635,83.241238,Asilmetta,Vandalism
2023-08-29 10:33:00,17.805217,83.244738,NAD Junction,Theft
2023-07-17 04:51:00,17.731738,83.359607,PM Palem,Burglary
2023-07-02 23:43:00,17.715442,83.261354,Kurmannapalem,Drunk Driving
2023-04-25 19:56:00,17.788767,83.233072,Pedda Waltair,Harassment
2023-05-23 17:35:00,17.703322,83.24506,PM Palem,Chain Snatching
2023-04-10 03:56:00,17.689271,83.296001,Madhurawada,Assault
2023-12-08 13:43:00,17.722591,83.221907,Gopalapatnam,Drunk Driving
2023-03-29 02:51:00,17.721675,83.28727,Beach Road,Vandalism
2023-09-02 23:38:00,17.80743,83.308067,MVP Colony,Drunk Driving
2023-05-13 10:31:00,17.765904,83.324217,Gajuwaka,Harassment
2023-09-14 05:07:00,17.805351,83.347282,Gajuwaka,Vandalism
2023-12-28 23:17:00,17.692043,83.242939,Dwaraka Nagar,Assault
2023-12-29 13:29:00,17.740485,83.298403,Gopalapatnam,Theft
2023-07-17 21:42:00,17.765194,83.163892,Gopalapatnam,Theft
2023-03-27 18:49:00,17.779553,83.356187,NAD Junction,Theft
2023-11-27 17:52:00,17.830965,83.167691,MVP Colony,Theft
2023-06-10 15:01:00,17.807237,83.192388,MVP Colony,Burglary
2023-02-20 22:47:00,17.80159,83.216887,KRM Colony,Drunk Driving
2023-06-03 18:39:00,17.760569,83.231468,Beach Road,Harassment
2023-09-04 09:28:00,17.714112,83.332045,Kancharapalem,Theft
2023-03-10 14:39:00,17.835386,83.225016,Madhurawada,Theft
2023-11-11 06:25:00,17.844031,83.264179,Asilmetta,Assault
2023-04-05 23:03:00,17.757504,83.219021,NAD Junction,Theft
2023-05-10 09:23:00,17.681422,83.336286,Madhurawada,Vandalism
2023-01-21 20:58:00,17.754698,83.3217,Jagadamba Junction,Theft
2023-03-23 17:17:00,17.735492,83.264931,PM Palem,Theft
2023-10-07 12:15:00,17.847321,83.25346,NAD Junction,Theft
2023-09-07 14:07:00,17.706272,83.330595,KRM Colony,Harassment
2023-11-17 16:13:00,17.737228,83.303028,Gajuwaka,Theft
2023-08-06 03:40:00,17.791317,83.309885,Madhurawada,Theft
2023-07-25 05:30:00,17.738777,83.224251,NAD Junction,Theft
2023-03-02 11:44:00,17.751792,83.195375,Madhurawada,Harassment
2023-02-01 15:35:00,17.682268,83.271068,PM Palem,Drunk Driving
2023-09-13 08:13:00,17.778407,83.291432,Seethammadhara,Theft
2023-11-25 17:57:00,17.753351,83.170037,Seethammadhara,Assault
2023-03-10 16:12:00,17.7554,83.298994,Jagadamba Junction,Vandalism
2023-02-15 03:42:00,17.801767,83.215975,Seethammadhara,Theft
2023-07-10 19:45:00,17.816694,83.19122,Kurmannapalem,Harassment
2023-07-25 17:53:00,17.68789,83.192159,PM Palem,Theft
2023-09-24 21:10:00,17.739145,83.221791,Beach Road,Burglary
2023-02-10 02:24:00,17.828183,83.328387,Beach Road,Drunk Driving
2023-08-25 10:08:00,17.732681,83.184967,Pedda Waltair,Vandalism
2023-08-17 11:52:00,17.748703,83.348262,Jagadamba Junction,Harassment
2023-08-31 18:23:00,17.775242,83.307574,Dwaraka Nagar,Vandalism
2023-07-31 14:17:00,17.766704,83.187766,Asilmetta,Chain Snatching
2023-02-20 03:35:00,17.775393,83.275353,Kancharapalem,Chain Snatching
2023-01-05 20:30:00,17.807504,83.258827,Dwaraka Nagar,Chain Snatching
2023-09-08 18:06:00,17.785311,83.172143,Gajuwaka,Assault
2023-05-22 09:40:00,17.737025,83.345529,Gopalapatnam,Assault
2023-07-01 13:54:00,17.817064,83.180419,Seethammadhara,Theft
2023-03-19 21:41:00,17.746478,83.328135,Seethammadhara,Chain Snatching
2023-08-05 23:08:00,17.804741,83.341996,Jagadamba Junction,Theft
2023-11-14 03:10:00,17.775821,83.19256,Seethammadhara,Theft
2023-11-03 02:51:00,17.719363,83.358044,Kancharapalem,Harassment
2023-08-13 01:12:00,17.739985,83.196432,PM Palem,Drunk Driving
2023-08-03 13:01:00,17.714233,83.215293,KRM Colony,Harassment
2023-10-18 15:04:00,17.757516,83.318288,Kurmannapalem,Burglary
2023-02-15 23:00:00,17.768404,83.311706,Gopalapatnam,Harassment
2023-07-22 18:53:00,17.778346,83.357741,Pedda Waltair,Burglary
2023-10-25 06:14:00,17.771236,83.217196,Seethammadhara,Vandalism
2023-10-26 12:22:00,17.683519,83.165017,NAD Junction,Vandalism
2023-01-27 05:18:00,17.838263,83.243912,Gajuwaka,Theft
2023-12-08 09:21:00,17.817867,83.322723,Pedda Waltair,Burglary
2023-08-13 06:38:00,17.829211,83.271346,Beach Road,Chain Snatching
2023-10-21 09:31:00,17.781201,83.162581,Madhurawada,Theft
2023-05-22 08:22:00,17.735334,83.200547,KRM Colony,Theft
2023-06-19 20:45:00,17.690669,83.274171,Seethammadhara,Harassment
2023-07-23 14:31:00,17.777468,83.333359,Gajuwaka,Drunk Driving
2023-09-19 19:27:00,17.721334,83.27384,Beach Road,Vandalism
2023-11-13 03:16:00,17.719798,83.306304,Dwaraka Nagar,Burglary
2023-06-28 15:18:00,17.747811,83.211587,Beach Road,Harassment
2023-09-09 15:02:00,17.721854,83.346794,Pedda Waltair,Vandalism
2023-07-05 02:46:00,17.841232,83.348033,Gopalapatnam,Theft
2023-12-14 23:09:00,17.826039,83.317801,KRM Colony,Burglary
2023-03-28 08:40:00,17.779909,83.326999,MVP Colony,Theft
2023-03-27 18:00:00,17.726778,83.202101,Dwaraka Nagar,Assault
2023-03-25 04:35:00,17.700904,83.173601,Gajuwaka,Theft
2023-05-11 20:27:00,17.84909,83.295111,PM Palem,Assault
2023-02-17 01:50:00,17.791794,83.338119,Seethammadhara,Vandalism
2023-12-25 03:29:00,17.778294,83.332829,MVP Colony,Burglary
2023-02-03 03:29:00,17.781743,83.245906,Seethammadhara,Burglary
2023-05-15 00:13:00,17.709862,83.304487,Beach Road,Theft
2023-08-26 06:35:00,17.687531,83.279751,Seethammadhara,Harassment
2023-03-10 03:33:00,17.725168,83.224037,Beach Road,Chain Snatching
2023-10-10 04:48:00,17.807775,83.323684,Seethammadhara,Chain Snatching
2023-01-25 05:06:00,17.695201,83.222702,Madhurawada,Burglary
2023-05-08 22:53:00,17.743205,83.282524,Beach Road,Harassment
2023-02-01 02:47:00,17.838467,83.314464,PM Palem,Theft
2023-05-13 22:56:00,17.738448,83.185151,Pedda Waltair,Burglary
2023-01-21 21:36:00,17.736086,83.218852,PM Palem,Assault
2023-10-23 11:05:00,17.817332,83.174685,Gajuwaka,Assault
2023-07-12 00:50:00,17.710352,83.270999,Gopalapatnam,Chain Snatching
2023-09-16 22:11:00,17.828968,83.318228,Seethammadhara,Assault
2023-01-09 13:08:00,17.749505,83.22602,Beach Road,Theft
2023-08-17 10:31:00,17.794072,83.296524,Asilmetta,Burglary
2023-11-20 17:37:00,17.730053,83.291521,PM Palem,Theft
2023-06-14 01:01:00,17.756555,83.284724,Madhurawada,Harassment
2023-05-18 18:12:00,17.838517,83.18583,MVP Colony,Chain Snatching
2023-02-14 13:07:00,17.731172,83.244515,Kurmannapalem,Assault
2023-12-19 06:44:00,17.790601,83.163272,MVP Colony,Theft
2023-03-01 01:26:00,17.849188,83.176401,MVP Colony,Drunk Driving
2023-01-25 18:11:00,17.794495,83.208467,Madhurawada,Harassment
2023-04-14 00:46:00,17.777202,83.355874,Kurmannapalem,Burglary
2023-05-01 04:31:00,17.683571,83.213619,Gajuwaka,Burglary
2023-07-07 05:11:00,17.779931,83.353891,Pedda Waltair,Theft
2023-08-17 09:02:00,17.754952,83.227914,Dwaraka Nagar,Vandalism
2023-04-18 03:43:00,17.814196,83.314078,Jagadamba Junction,Harassment
2023-04-26 22:54:00,17.832037,83.177606,Gopalapatnam,Drunk Driving
2023-10-15 01:00:00,17.802079,83.219198,Kancharapalem,Assault
2023-04-03 12:35:00,17.849141,83.167351,PM Palem,Assault
2023-04-16 10:38:00,17.826197,83.229118,Pedda Waltair,Assault
2023-11-19 02:07:00,17.835808,83.199678,Asilmetta,Assault
2023-10-23 15:28:00,17.719452,83.212507,Gajuwaka,Vandalism
2023-12-20 15:15:00,17.794729,83.214132,Pedda Waltair,Harassment
2023-06-23 19:25:00,17.71713,83.179399,MVP Colony,Assault
2023-10-12 03:12:00,17.78355,83.342915,Jagadamba Junction,Harassment
2023-02-05 04:39:00,17.74182,83.292876,NAD Junction,Chain Snatching
2023-09-06 03:34:00,17.768045,83.263961,Beach Road,Assault
2023-11-10 06:16:00,17.690717,83.269575,Kancharapalem,Theft
2023-06-27 10:18:00,17.784951,83.221944,Gajuwaka,Vandalism
2023-10-11 17:01:00,17.831945,83.225604,MVP Colony,Vandalism
2023-02-13 09:59:00,17.785343,83.23095,Jagadamba Junction,Theft
2023-06-22 07:48:00,17.802511,83.308769,Seethammadhara,Harassment
2023-04-08 12:59:00,17.786743,83.185929,Gajuwaka,Vandalism
2023-02-10 16:10:00,17.716269,83.185115,Jagadamba Junction,Theft
2023-08-25 04:34:00,17.802929,83.34654,KRM Colony,Drunk Driving
2023-06-03 01:58:00,17.794952,83.190406,Gajuwaka,Harassment
2023-02-24 00:40:00,17.713114,83.264488,MVP Colony,Harassment
2023-11-20 22:20:00,17.820841,83.162159,MVP Colony,Assault
2023-08-16 01:14:00,17.731154,83.316473,PM Palem,Theft
2023-04-06 07:23:00,17.706689,83.263008,MVP Colony,Assault
2023-06-10 01:09:00,17.802929,83.179413,Gajuwaka,Harassment
2023-07-28 06:45:00,17.809021,83.207397,PM Palem,Chain Snatching
2023-12-19 22:25:00,17.815224,83.170665,Kurmannapalem,Vandalism
2023-09-01 09:54:00,17.819541,83.182208,KRM Colony,Burglary
2023-03-04 13:53:00,17.84333,83.170999,Beach Road,Harassment
2023-01-12 02:56:00,17.813509,83.238591,Asilmetta,Chain Snatching
2023-07-10 08:58:00,17.810483,83.210783,PM Palem,Chain Snatching
2023-10-15 14:47:00,17.84834,83.234426,Kurmannapalem,Harassment
2023-05-12 15:25:00,17.732441,83.26161,MVP Colony,Assault
2023-08-11 01:41:00,17.755215,83.196273,Gopalapatnam,Vandalism
2023-01-09 11:13:00,17.826881,83.249241,MVP Colony,Theft
2023-07-10 04:47:00,17.799884,83.181211,NAD Junction,Vandalism
2023-11-19 03:52:00,17.798237,83.174228,Beach Road,Drunk Driving
2023-03-18 18:15:00,17.748279,83.227048,Kancharapalem,Chain Snatching
2023-03-27 17:30:00,17.687364,83.172661,PM Palem,Burglary
2023-06-17 10:49:00,17.827253,83.29636,Kurmannapalem,Theft
2023-10-05 14:51:00,17.752996,83.258857,Asilmetta,Harassment
2023-01-02 23:53:00,17.82071,83.316624,Asilmetta,Theft
2023-03-02 04:54:00,17.787757,83.218177,Seethammadhara,Assault
2023-12-22 07:39:00,17.840788,83.357528,Kurmannapalem,Drunk Driving
2023-12-17 00:05:00,17.847507,83.276455,Jagadamba Junction,Chain Snatching
2023-12-20 07:05:00,17.776873,83.30679,KRM Colony,Vandalism
2023-02-01 01:19:00,17.717372,83.23542,Dwaraka Nagar,Harassment
2023-03-30 22:08:00,17.735631,83.160403,PM Palem,Theft
2023-09-06 10:27:00,17.725577,83.180126,Pedda Waltair,Drunk Driving
2023-09-06 09:13:00,17.811485,83.246099,Gopalapatnam,Drunk Driving
2023-03-22 16:38:00,17.784526,83.303545,Dwaraka Nagar,Vandalism
2023-07-24 19:21:00,17.720091,83.315465,Gopalapatnam,Theft
2023-07-31 20:07:00,17.826625,83.336802,Asilmetta,Harassment
2023-05-17 19:25:00,17.795101,83.326062,Asilmetta,Assault
2023-04-18 19:41:00,17.802725,83.189097,Jagadamba Junction,Theft
2023-04-20 06:56:00,17.802257,83.314251,Kurmannapalem,Theft
2023-06-18 03:53:00,17.849887,83.322289,KRM Colony,Burglary
2023-08-18 14:04:00,17.745388,83.250383,Dwaraka Nagar,Theft
2023-03-09 14:18:00,17.702711,83.284186,Madhurawada,Drunk Driving
2023-05-31 05:34:00,17.798985,83.324459,Gajuwaka,Drunk Driving
2023-04-10 11:18:00,17.77162,83.311477,Beach Road,Theft
2023-12-14 05:25:00,17.73429,83.326573,Jagadamba Junction,Vandalism
2023-12-15 18:43:00,17.753408,83.336984,Madhurawada,Assault
2023-04-27 23:32:00,17.762772,83.207361,Kancharapalem,Chain Snatching
2023-10-06 14:10:00,17.726304,83.24175,PM Palem,Theft
2023-06-12 08:37:00,17.691599,83.24581,Gopalapatnam,Harassment
2023-11-10 11:58:00,17.792711,83.35411,Kancharapalem,Theft
2023-11-17 08:05:00,17.749285,83.246581,Beach Road,Burglary
2023-12-31 08:34:00,17.813484,83.315245,Gajuwaka,Burglary
2023-10-30 13:42:00,17.724326,83.2682,Beach Road,Vandalism
2023-09-07 14:15:00,17.792904,83.216561,Gajuwaka,Theft
2023-05-22 02:22:00,17.689462,83.183294,Jagadamba Junction,Assault
2023-04-27 15:34:00,17.780219,83.291959,Gopalapatnam,Vandalism
2023-08-30 01:51:00,17.76623,83.209323,Gajuwaka,Vandalism
2023-11-06 08:37:00,17.724612,83.335946,Gajuwaka,Chain Snatching
2023-05-23 00:29:00,17.74994,83.181876,PM Palem,Vandalism
2023-05-16 21:55:00,17.700212,83.290225,Madhurawada,Harassment
2023-01-26 02:16:00,17.798455,83.294446,Pedda Waltair,Drunk Driving
2023-03-07 10:48:00,17.738353,83.330181,Asilmetta,Assault
2023-04-22 23:00:00,17.844904,83.314742,Gopalapatnam,Vandalism
2023-01-01 07:08:00,17.743857,83.168804,Dwaraka Nagar,Assault
2023-05-15 14:08:00,17.816162,83.211899,Madhurawada,Harassment
2023-04-23 10:35:00,17.697429,83.273569,Gajuwaka,Assault
2023-06-11 01:01:00,17.834697,83.237822,Seethammadhara,Theft
2023-10-17 19:42:00,17.784442,83.264596,Beach Road,Vandalism
2023-10-03 18:38:00,17.804202,83.248202,Jagadamba Junction,Burglary
2023-03-16 17:53:00,17.827285,83.268649,Jagadamba Junction,Harassment
2023-06-26 23:31:00,17.735822,83.19327,Kurmannapalem,Harassment
2023-10-25 00:49:00,17.812018,83.306646,MVP Colony,Vandalism
2023-03-29 15:39:00,17.841202,83.218119,Jagadamba Junction,Theft
2023-11-16 12:31:00,17.800258,83.26296,Gopalapatnam,Chain Snatching
2023-02-23 17:13:00,17.707675,83.238567,Asilmetta,Burglary
2023-08-17 18:59:00,17.824853,83.182137,Dwaraka Nagar,Drunk Driving
2023-03-03 03:50:00,17.694401,83.178911,Gopalapatnam,Assault
2023-07-09 23:11:00,17.788314,83.254681,Seethammadhara,Vandalism
2023-01-31 11:24:00,17.694868,83.260483,Madhurawada,Assault
2023-12-28 10:01:00,17.766111,83.187113,Gopalapatnam,Theft
2023-05-05 23:36:00,17.791603,83.351442,MVP Colony,Drunk Driving
2023-02-05 08:47:00,17.681416,83.270141,MVP Colony,Burglary
2023-07-30 08:34:00,17.720975,83.346602,Gajuwaka,Theft
2023-02-06 15:22:00,17.704567,83.257045,KRM Colony,Theft
2023-12-25 13:46:00,17.701337,83.238345,PM Palem,Chain Snatching
2023-08-09 10:16:00,17.702173,83.350181,Gajuwaka,Theft
2023-09-16 04:40:00,17.770861,83.355952,PM Palem,Theft
2023-04-22 06:21:00,17.738947,83.205786,Gajuwaka,Drunk Driving
2023-06-01 20:54:00,17.715072,83.292236,NAD Junction,Harassment
2023-11-02 23:52:00,17.840199,83.169879,Gajuwaka,Burglary
2023-09-29 17:10:00,17.769088,83.355925,Asilmetta,Burglary
2023-02-07 01:02:00,17.772627,83.291395,Kancharapalem,Burglary
2023-05-23 07:51:00,17.817302,83.205533,Madhurawada,Assault
2023-10-28 08:14:00,17.762054,83.233942,Pedda Waltair,Harassment
2023-01-24 15:40:00,17.769846,83.35862,KRM Colony,Chain Snatching
2023-08-04 05:22:00,17.695131,83.287589,Beach Road,Harassment
2023-04-28 08:38:00,17.831733,83.214333,Seethammadhara,Burglary
2023-04-22 05:27:00,17.773026,83.267067,Kurmannapalem,Theft
2023-04-15 18:56:00,17.846576,83.347828,PM Palem,Chain Snatching
2023-07-29 02:59:00,17.841861,83.257044,Beach Road,Harassment
2023-12-14 05:13:00,17.779014,83.197515,Beach Road,Theft
2023-11-30 09:40:00,17.688136,83.357184,Gajuwaka,Drunk Driving
2023-10-07 22:17:00,17.757028,83.250536,Seethammadhara,Chain Snatching
2023-09-25 16:36:00,17.767177,83.200762,KRM Colony,Harassment
2023-09-21 20:28:00,17.84184,83.191279,Kancharapalem,Harassment
2023-01-27 13:23:00,17.847527,83.188384,Dwaraka Nagar,Harassment
2023-11-10 05:36:00,17.701844,83.223421,Beach Road,Theft
2023-11-06 01:57:00,17.734601,83.327911,Beach Road,Drunk Driving
2023-10-17 19:18:00,17.705559,83.272962,KRM Colony,Theft
2023-08-21 10:49:00,17.689283,83.263318,Jagadamba Junction,Theft
2023-08-10 10:06:00,17.756424,83.234397,NAD Junction,Assault
2023-06-17 04:36:00,17.708547,83.253454,Kancharapalem,Chain Snatching
2023-09-19 18:23:00,17.743477,83.219124,Beach Road,Harassment
2023-05-01 23:13:00,17.775437,83.354528,Madhurawada,Burglary
2023-05-22 13:41:00,17.69879,83.315161,Kancharapalem,Chain Snatching
2023-10-24 21:42:00,17.783422,83.311342,Kancharapalem,Assault
2023-04-11 16:23:00,17.817684,83.349624,KRM Colony,Harassment
2023-02-12 02:04:00,17.780196,83.229351,NAD Junction,Drunk Driving
2023-01-22 12:36:00,17.712241,83.330954,PM Palem,Theft
2023-10-27 12:39:00,17.697897,83.172708,Gajuwaka,Chain Snatching
2023-12-04 09:08:00,17.79855,83.2897,PM Palem,Harassment
2023-11-22 23:27:00,17.770323,83.344622,Beach Road,Theft
2023-06-23 09:35:00,17.77983,83.256152,Kancharapalem,Theft
2023-11-09 00:53:00,17.828435,83.231606,KRM Colony,Vandalism
2023-03-19 15:14:00,17.755011,83.190025,Kancharapalem,Theft
2023-08-11 13:40:00,17.849525,83.25248,Seethammadhara,Chain Snatching
2023-12-04 16:52:00,17.837037,83.280399,Pedda Waltair,Vandalism
2023-04-01 12:38:00,17.785257,83.358783,Gopalapatnam,Harassment
2023-08-25 23:39:00,17.771831,83.293543,Jagadamba Junction,Theft
2023-08-02 04:55:00,17.71618,83.294194,MVP Colony,Theft
2023-05-14 17:11:00,17.834738,83.252452,Dwaraka Nagar,Drunk Driving
2023-09-03 04:21:00,17.708533,83.27902,Seethammadhara,Theft
2023-04-25 03:21:00,17.691572,83.182767,PM Palem,Harassment
2023-10-04 21:16:00,17.700733,83.303884,KRM Colony,Theft
2023-11-30 22:23:00,17.772796,83.346562,MVP Colony,Harassment
2023-12-16 06:30:00,17.838069,83.331597,Gajuwaka,Theft
2023-07-24 01:11:00,17.813012,83.339176,Kurmannapalem,Harassment
2023-08-23 23:34:00,17.755359,83.290806,Gopalapatnam,Vandalism
2023-02-08 16:56:00,17.736829,83.28202,PM Palem,Harassment
2023-11-11 20:55:00,17.756316,83.172163,Kurmannapalem,Burglary
2023-04-30 09:06:00,17.786606,83.258117,Asilmetta,Vandalism
2023-08-05 21:27:00,17.724464,83.247451,Seethammadhara,Drunk Driving
2023-01-25 20:06:00,17.725262,83.309216,Gopalapatnam,Harassment
2023-02-14 08:57:00,17.733788,83.324911,Jagadamba Junction,Assault
2023-06-23 07:05:00,17.760606,83.221734,Kurmannapalem,Theft
2023-05-31 17:05:00,17.757981,83.239713,Seethammadhara,Theft
2023-07-10 01:14:00,17.778349,83.248688,Gajuwaka,Burglary
2023-10-26 10:57:00,17.74435,83.170345,Asilmetta,Harassment
2023-06-04 19:11:00,17.824305,83.244668,Kurmannapalem,Theft
2023-10-12 09:00:00,17.701432,83.32676,PM Palem,Theft
2023-01-19 01:58:00,17.842533,83.181098,Beach Road,Assault
2023-08-24 11:39:00,17.829125,83.264365,Beach Road,Chain Snatching
2023-02-10 21:33:00,17.798011,83.301247,PM Palem,Assault
2023-04-22 18:25:00,17.75577,83.34391,KRM Colony,Drunk Driving
2023-07-20 19:57:00,17.785346,83.294064,KRM Colony,Vandalism
2023-05-29 16:32:00,17.746193,83.325341,PM Palem,Chain Snatching
2023-03-27 04:23:00,17.713862,83.265563,Seethammadhara,Chain Snatching
2023-09-13 02:36:00,17.689844,83.235336,Dwaraka Nagar,Harassment
2023-04-12 23:36:00,17.775704,83.305051,PM Palem,Harassment
2023-07-01 20:51:00,17.760707,83.243367,Jagadamba Junction,Assault
2023-09-05 01:33:00,17.836561,83.274935,Beach Road,Theft
2023-02-11 05:26:00,17.705437,83.163202,Pedda Waltair,Vandalism
2023-11-29 06:35:00,17.772401,83.318027,Madhurawada,Theft
2023-01-17 11:40:00,17.707579,83.25757,PM Palem,Harassment
2023-09-29 23:09:00,17.729989,83.221423,Dwaraka Nagar,Theft
2023-04-03 19:46:00,17.699782,83.21782,PM Palem,Harassment
2023-03-27 04:14:00,17.680248,83.182088,KRM Colony,Assault
2023-01-03 13:55:00,17.776744,83.317388,Seethammadhara,Assault
2023-11-17 07:15:00,17.735834,83.178979,Asilmetta,Assault
2023-12-09 22:33:00,17.788135,83.264909,Asilmetta,Theft
2023-07-18 23:12:00,17.742061,83.350406,Pedda Waltair,Harassment
2023-03-12 05:41:00,17.796476,83.334399,NAD Junction,Chain Snatching
2023-08-14 11:57:00,17.727962,83.181422,Madhurawada,Harassment
2023-12-07 22:58:00,17.681712,83.3159,NAD Junction,Assault
2023-08-28 14:11:00,17.686286,83.208622,Dwaraka Nagar,Drunk Driving
2023-02-07 12:44:00,17.82065,83.303275,Pedda Waltair,Assault
2023-08-08 01:37:00,17.681271,83.353173,NAD Junction,Vandalism
2023-11-21 13:33:00,17.712234,83.257128,Gopalapatnam,Theft
2023-04-22 02:25:00,17.792928,83.284113,PM Palem,Harassment
2023-02-15 12:30:00,17.819011,83.318079,Seethammadhara,Drunk Driving
2023-02-19 19:21:00,17.721959,83.186897,KRM Colony,Assault
2023-01-25 02:47:00,17.778209,83.327821,Asilmetta,Chain Snatching
2023-03-19 05:44:00,17.82774,83.226845,Beach Road,Theft
2023-12-08 20:37:00,17.751562,83.172362,Seethammadhara,Vandalism
2023-04-08 14:21:00,17.764046,83.177447,Pedda Waltair,Theft
2023-04-21 15:38:00,17.683059,83.258361,Gopalapatnam,Vandalism
2023-05-08 04:14:00,17.763254,83.306544,Madhurawada,Assault
2023-03-08 04:11:00,17.691059,83.202432,Kurmannapalem,Vandalism
2023-03-22 23:38:00,17.680182,83.220632,Gajuwaka,Harassment
2023-02-26 20:01:00,17.765984,83.182192,KRM Colony,Harassment
2023-02-24 09:15:00,17.772083,83.329815,Gopalapatnam,Harassment
2023-11-24 11:58:00,17.714102,83.328958,Asilmetta,Chain Snatching
2023-02-08 15:39:00,17.822167,83.213436,Gopalapatnam,Assault
2023-05-28 08:36:00,17.803481,83.287699,KRM Colony,Harassment
2023-10-25 21:39:00,17.683558,83.165042,Kurmannapalem,Chain Snatching
2023-05-17 00:55:00,17.812149,83.188492,Gajuwaka,Theft
2023-05-02 14:01:00,17.816824,83.233073,PM Palem,Chain Snatching
2023-07-18 20:44:00,17.741828,83.333676,Asilmetta,Vandalism
2023-12-17 04:42:00,17.809116,83.205543,KRM Colony,Theft
2023-07-31 22:47:00,17.734951,83.228318,KRM Colony,Drunk Driving
2023-05-17 17:29:00,17.776174,83.259133,Gajuwaka,Assault
2023-02-25 07:47:00,17.705635,83.343914,Madhurawada,Harassment
2023-05-19 04:56:00,17.740433,83.306274,MVP Colony,Chain Snatching
2023-09-24 23:09:00,17.756852,83.223198,Kancharapalem,Theft
2023-03-20 13:47:00,17.738832,83.202404,Dwaraka Nagar,Theft
2023-11-18 01:39:00,17.72323,83.218544,Seethammadhara,Drunk Driving
2023-06-04 07:16:00,17.775119,83.211099,Gajuwaka,Harassment
2023-06-27 04:20:00,17.748487,83.342209,Madhurawada,Theft
2023-03-21 14:39:00,17.695758,83.222494,KRM Colony,Chain Snatching
2023-05-30 03:29:00,17.796156,83.258199,NAD Junction,Theft
2023-11-08 06:08:00,17.835375,83.257401,KRM Colony,Harassment
2023-09-15 21:14:00,17.704353,83.280256,Pedda Waltair,Theft
2023-11-16 05:22:00,17.77184,83.284849,KRM Colony,Burglary
2023-08-25 01:05:00,17.682685,83.356539,Pedda Waltair,Assault
2023-08-11 17:53:00,17.724632,83.172409,Jagadamba Junction,Burglary
2023-09-19 05:22:00,17.761478,83.258395,NAD Junction,Vandalism
2023-03-10 22:01:00,17.697264,83.254297,Pedda Waltair,Harassment
2023-09-03 06:50:00,17.715901,83.200275,Madhurawada,Drunk Driving
2023-07-29 22:10:00,17.781626,83.299229,KRM Colony,Theft
2023-10-22 05:09:00,17.742207,83.247214,Jagadamba Junction,Assault
2023-12-02 22:16:00,17.848339,83.3315,Jagadamba Junction,Chain Snatching
2023-01-14 21:22:00,17.822258,83.160168,Beach Road,Vandalism
2023-02-10 17:52:00,17.79165,83.190912,Gopalapatnam,Chain Snatching
2023-10-10 14:46:00,17.694427,83.198057,KRM Colony,Harassment
2023-11-28 12:53:00,17.764991,83.173789,Asilmetta,Drunk Driving
2023-03-05 22:57:00,17.695597,83.334102,Beach Road,Assault
2023-09-02 16:54:00,17.77749,83.287839,Gajuwaka,Assault
2023-06-21 01:40:00,17.772637,83.304967,Madhurawada,Theft
2023-12-30 10:09:00,17.792409,83.187694,Jagadamba Junction,Burglary
2023-10-03 23:31:00,17.77004,83.201749,Pedda Waltair,Theft
2023-06-27 10:39:00,17.701905,83.242725,Madhurawada,Vandalism
2023-05-21 09:54:00,17.775627,83.169758,Kancharapalem,Assault
2023-07-20 13:18:00,17.845289,83.319636,NAD Junction,Burglary
2023-11-01 17:35:00,17.710563,83.304849,Gajuwaka,Drunk Driving
2023-09-09 17:15:00,17.71888,83.226984,Pedda Waltair,Drunk Driving
2023-09-23 01:02:00,17.825276,83.275172,Madhurawada,Harassment
2023-03-01 10:52:00,17.822483,83.305824,Pedda Waltair,Vandalism
2023-07-10 05:17:00,17.840359,83.328543,Gopalapatnam,Vandalism
2023-03-02 09:42:00,17.836553,83.229788,NAD Junction,Harassment
2023-12-16 01:45:00,17.806963,83.315981,Jagadamba Junction,Drunk Driving
2023-01-20 07:41:00,17.814744,83.183119,Kancharapalem,Burglary
2023-12-05 18:08:00,17.783923,83.191613,NAD Junction,Vandalism
2023-11-01 07:59:00,17.730018,83.224493,Pedda Waltair,Theft
2023-08-22 13:29:00,17.749733,83.258248,Madhurawada,Assault
2023-01-12 06:20:00,17.706954,83.182966,Kancharapalem,Theft
2023-01-26 21:31:00,17.794709,83.252069,Madhurawada,Assault
2023-12-31 08:23:00,17.723263,83.2509,Pedda Waltair,Chain Snatching
2023-12-10 02:19:00,17.737621,83.202313,Jagadamba Junction,Chain Snatching
2023-05-10 03:26:00,17.719796,83.214891,PM Palem,Theft
2023-09-25 18:43:00,17.799743,83.2222,Kancharapalem,Burglary
2023-09-08 12:07:00,17.772337,83.257772,Kurmannapalem,Harassment
2023-01-04 07:40:00,17.792641,83.29881,Kurmannapalem,Burglary
2023-02-01 00:33:00,17.778496,83.27979,Gopalapatnam,Vandalism
2023-06-10 06:57:00,17.747729,83.226717,Gajuwaka,Drunk Driving
2023-05-18 03:32:00,17.706668,83.255984,Kurmannapalem,Theft
2023-01-21 09:33:00,17.733701,83.227218,KRM Colony,Drunk Driving
2023-07-14 00:22:00,17.74008,83.226614,Dwaraka Nagar,Burglary
2023-04-16 14:36:00,17.814916,83.281532,Dwaraka Nagar,Theft
2023-09-29 20:55:00,17.762991,83.175932,Kurmannapalem,Theft
2023-04-29 22:13:00,17.777802,83.264579,Pedda Waltair,Vandalism
2023-02-01 16:10:00,17.782306,83.314862,Pedda Waltair,Harassment
2023-12-11 11:39:00,17.781916,83.331657,Gopalapatnam,Harassment
2023-06-09 22:22:00,17.768095,83.179678,Gopalapatnam,Drunk Driving
2023-08-04 11:32:00,17.727604,83.229598,PM Palem,Drunk Driving
2023-08-18 09:06:00,17.806224,83.259426,MVP Colony,Assault
2023-07-12 13:28:00,17.803448,83.190867,NAD Junction,Chain Snatching
2023-08-23 20:00:00,17.78567,83.167843,Jagadamba Junction,Assault
2023-05-14 22:39:00,17.700902,83.301012,Asilmetta,Drunk Driving
2023-09-06 09:40:00,17.696841,83.319954,Gopalapatnam,Chain Snatching
2023-02-01 04:31:00,17.845203,83.19735,Asilmetta,Theft
2023-04-30 10:49:00,17.80076,83.265659,Kurmannapalem,Theft
2023-10-12 06:29:00,17.753647,83.332866,NAD Junction,Theft
2023-03-15 16:59:00,17.694207,83.192274,Gopalapatnam,Vandalism
2023-10-28 12:38:00,17.716833,83.278794,Kancharapalem,Assault
2023-02-14 06:35:00,17.724529,83.354367,MVP Colony,Theft
2023-06-14 21:00:00,17.725689,83.339522,KRM Colony,Drunk Driving
2023-12-17 15:10:00,17.738399,83.210222,Gopalapatnam,Chain Snatching
2023-01-03 15:42:00,17.832096,83.348378,Gajuwaka,Drunk Driving
2023-06-21 22:59:00,17.83889,83.311469,Kancharapalem,Theft
2023-04-26 10:43:00,17.789948,83.299789,Jagadamba Junction,Assault
2023-12-12 17:49:00,17.790924,83.176159,KRM Colony,Assault
2023-07-17 03:16:00,17.76228,83.264376,NAD Junction,Chain Snatching
2023-02-25 05:50:00,17.696052,83.162988,NAD Junction,Theft
2023-05-31 17:39:00,17.761824,83.305356,Kurmannapalem,Harassment
2023-12-01 18:38:00,17.741889,83.198439,Seethammadhara,Harassment
2023-07-19 15:22:00,17.691386,83.291134,KRM Colony,Theft
2023-02-01 21:13:00,17.771412,83.20592,Asilmetta,Theft
2023-01-12 11:15:00,17.775927,83.178754,Gopalapatnam,Burglary
2023-05-30 00:14:00,17.8096,83.285059,Madhurawada,Assault
2023-07-04 10:53:00,17.713273,83.286152,Gajuwaka,Theft
2023-10-05 04:28:00,17.811975,83.207179,Madhurawada,Theft
2023-11-28 09:47:00,17.735637,83.180907,Asilmetta,Theft
2023-09-23 20:35:00,17.775573,83.341453,Kancharapalem,Theft
2023-05-03 05:55:00,17.756474,83.244601,Gopalapatnam,Harassment
2023-04-20 18:31:00,17.713438,83.298294,Kancharapalem,Chain Snatching
2023-02-04 04:13:00,17.812019,83.354219,KRM Colony,Assault
2023-07-23 10:45:00,17.797261,83.279333,PM Palem,Harassment
2023-08-25 00:36:00,17.689914,83.169654,Kancharapalem,Harassment
2023-09-20 23:12:00,17.806016,83.192775,KRM Colony,Chain Snatching
2023-05-05 04:53:00,17.83266,83.289737,Jagadamba Junction,Burglary
2023-04-24 20:02:00,17.71758,83.20898,Kurmannapalem,Chain Snatching
2023-01-26 09:56:00,17.690914,83.183803,Dwaraka Nagar,Theft
2023-11-02 11:08:00,17.739843,83.274124,Beach Road,Burglary
2023-12-31 06:57:00,17.822486,83.229879,Asilmetta,Harassment
2023-04-18 12:54:00,17.758903,83.171405,Beach Road,Theft
2023-04-11 05:28:00,17.778323,83.232847,Gopalapatnam,Harassment
2023-03-22 11:18:00,17.696863,83.164605,Pedda Waltair,Theft
2023-09-01 01:03:00,17.733908,83.244085,Kurmannapalem,Chain Snatching
2023-02-05 03:18:00,17.817432,83.256726,Pedda Waltair,Assault
2023-12-22 13:15:00,17.753878,83.252842,Kancharapalem,Burglary
2023-06-24 03:48:00,17.848395,83.206351,Gopalapatnam,Harassment
2023-04-30 14:12:00,17.759626,83.29577,NAD Junction,Burglary
2023-07-27 07:02:00,17.802431,83.249458,Dwaraka Nagar,Burglary
2023-02-06 13:29:00,17.818646,83.279002,Gopalapatnam,Theft
2023-05-13 19:24:00,17.699891,83.212348,Gopalapatnam,Theft
2023-06-23 15:13:00,17.698667,83.183844,Kancharapalem,Drunk Driving
2023-03-09 05:11:00,17.806218,83.318975,PM Palem,Assault
2023-05-16 02:40:00,17.71812,83.26482,NAD Junction,Vandalism
2023-06-05 03:52:00,17.751297,83.322377,Kancharapalem,Burglary
2023-01-10 04:59:00,17.814291,83.296236,Kurmannapalem,Harassment
2023-06-23 16:52:00,17.742383,83.206756,Jagadamba Junction,Vandalism
2023-02-05 14:59:00,17.83329,83.236591,Dwaraka Nagar,Theft
2023-02-23 05:36:00,17.831652,83.176596,Madhurawada,Drunk Driving
2023-10-05 07:45:00,17.702364,83.177851,Kancharapalem,Harassment
2023-06-22 08:00:00,17.736395,83.298755,Gopalapatnam,Theft
2023-05-03 18:00:00,17.695375,83.165937,Beach Road,Theft
2023-04-25 12:39:00,17.804893,83.323299,Asilmetta,Drunk Driving
2023-06-03 23:54:00,17.713167,83.184692,KRM Colony,Assault
2023-11-14 21:46:00,17.847529,83.223466,Pedda Waltair,Harassment
2023-04-23 19:43:00,17.836449,83.19499,Kurmannapalem,Assault
2023-09-11 06:36:00,17.726218,83.335862,Jagadamba Junction,Drunk Driving
2023-10-20 08:59:00,17.811266,83.170471,MVP Colony,Burglary
2023-02-05 08:10:00,17.686693,83.248114,Gajuwaka,Assault
2023-12-27 04:17:00,17.746412,83.236779,Dwaraka Nagar,Drunk Driving
2023-06-25 01:13:00,17.811021,83.256705,Asilmetta,Assault
2023-09-27 03:31:00,17.763883,83.240263,KRM Colony,Drunk Driving
2023-10-14 09:12:00,17.805012,83.162688,Seethammadhara,Harassment
2023-09-29 10:12:00,17.825279,83.173816,Kurmannapalem,Theft
2023-01-05 13:30:00,17.745514,83.160891,Gajuwaka,Drunk Driving
2023-03-09 14:53:00,17.759565,83.260139,MVP Colony,Drunk Driving
2023-07-23 23:30:00,17.816552,83.33567,Beach Road,Theft
2023-08-30 07:21:00,17.771787,83.329699,NAD Junction,Chain Snatching
2023-03-23 03:33:00,17.740607,83.210249,KRM Colony,Chain Snatching
2023-02-02 19:41:00,17.684828,83.198331,NAD Junction,Chain Snatching
2023-08-05 09:32:00,17.708696,83.198561,KRM Colony,Drunk Driving
2023-11-24 08:53:00,17.706336,83.337472,Jagadamba Junction,Theft
2023-01-14 19:15:00,17.837064,83.264739,Asilmetta,Chain Snatching
2023-03-14 02:29:00,17.848221,83.168042,KRM Colony,Theft
2023-08-04 17:19:00,17.754008,83.286023,MVP Colony,Theft
2023-02-24 23:21:00,17.747711,83.278767,Asilmetta,Burglary
2023-05-07 13:39:00,17.757241,83.28167,KRM Colony,Harassment
2023-05-17 23:30:00,17.689021,83.304684,Kancharapalem,Drunk Driving
2023-07-05 11:19:00,17.828998,83.167138,Gajuwaka,Theft
2023-02-11 22:55:00,17.771326,83.229924,Asilmetta,Theft
2023-01-11 05:47:00,17.830679,83.187631,KRM Colony,Theft
2023-09-27 18:10:00,17.814918,83.354362,Pedda Waltair,Burglary
2023-03-17 15:36:00,17.682496,83.356237,Beach Road,Theft
2023-02-16 03:06:00,17.706651,83.313344,Kancharapalem,Theft
2023-02-22 01:21:00,17.753105,83.176027,Dwaraka Nagar,Chain Snatching
2023-12-09 11:57:00,17.692569,83.292462,KRM Colony,Burglary
2023-08-03 10:33:00,17.791723,83.335055,Asilmetta,Chain Snatching
2023-07-20 03:38:00,17.761984,83.219588,Beach Road,Theft
2023-08-10 13:05:00,17.714548,83.306236,Jagadamba Junction,Theft
2023-07-26 08:04:00,17.79446,83.349267,Kancharapalem,Harassment
2023-01-11 02:27:00,17.745905,83.263333,PM Palem,Assault
2023-09-01 00:45:00,17.828922,83.269147,KRM Colony,Assault
2023-08-20 07:01:00,17.687248,83.241926,Kurmannapalem,Assault
2023-03-18 04:01:00,17.790755,83.206628,Seethammadhara,Burglary
2023-02-09 05:51:00,17.777882,83.265707,Kurmannapalem,Theft
2023-08-28 15:55:00,17.803696,83.177192,Jagadamba Junction,Theft
2023-06-11 04:10:00,17.729121,83.324306,KRM Colony,Harassment
2023-11-03 05:17:00,17.838769,83.236956,Madhurawada,Theft
2023-12-17 18:47:00,17.72507,83.342079,Kurmannapalem,Theft
2023-02-03 05:23:00,17.816072,83.167533,Seethammadhara,Theft
2023-01-21 03:03:00,17.794811,83.262406,Seethammadhara,Harassment
2023-03-31 02:47:00,17.690803,83.222619,PM Palem,Chain Snatching
2023-02-21 10:56:00,17.799911,83.231781,Jagadamba Junction,Burglary
2023-08-01 07:02:00,17.80486,83.291542,Dwaraka Nagar,Harassment
2023-02-13 04:29:00,17.717751,83.288702,Gopalapatnam,Vandalism
2023-09-10 22:31:00,17.792512,83.270785,Seethammadhara,Burglary
2023-03-25 12:28:00,17.707362,83.190646,Kancharapalem,Burglary
2023-12-14 08:36:00,17.806385,83.299136,Kurmannapalem,Vandalism
2023-09-14 08:37:00,17.703502,83.163863,Jagadamba Junction,Burglary
2023-10-29 22:07:00,17.74726,83.163582,Dwaraka Nagar,Harassment
2023-05-14 20:50:00,17.773876,83.268047,MVP Colony,Harassment
2023-06-04 01:07:00,17.784621,83.254304,Gajuwaka,Harassment
2023-08-01 11:26:00,17.737615,83.334806,KRM Colony,Burglary
2023-06-13 03:23:00,17.753147,83.351151,Kurmannapalem,Assault
2023-11-04 04:55:00,17.805225,83.266285,PM Palem,Assault
2023-02-13 09:37:00,17.811362,83.295868,PM Palem,Harassment
2023-08-03 11:28:00,17.783679,83.244855,MVP Colony,Theft
2023-08-21 13:23:00,17.796774,83.328278,Jagadamba Junction,Assault
2023-12-30 20:13:00,17.828543,83.201367,Beach Road,Burglary
2023-12-18 02:54:00,17.730662,83.256049,PM Palem,Chain Snatching
2023-11-18 23:28:00,17.845651,83.23757,PM Palem,Drunk Driving
2023-09-08 14:40:00,17.68494,83.257339,Gopalapatnam,Chain Snatching
2023-06-12 11:22:00,17.780965,83.282946,Asilmetta,Harassment
2023-11-21 04:38:00,17.836153,83.193501,MVP Colony,Vandalism
2023-07-25 10:34:00,17.70937,83.185809,Kurmannapalem,Theft
2023-09-20 13:53:00,17.768274,83.219973,Dwaraka Nagar,Assault
2023-04-27 02:29:00,17.838773,83.331108,Seethammadhara,Theft
2023-07-05 19:35:00,17.818711,83.263075,Gopalapatnam,Drunk Driving
2023-08-01 02:29:00,17.71853,83.184888,Seethammadhara,Harassment
2023-07-10 23:58:00,17.817848,83.34377,Pedda Waltair,Vandalism
2023-04-18 03:12:00,17.786143,83.163591,Kancharapalem,Theft
2023-09-21 03:03:00,17.767175,83.334559,NAD Junction,Assault
2023-10-16 08:30:00,17.818646,83.1633,Gajuwaka,Drunk Driving
2023-09-10 12:34:00,17.830025,83.230644,Dwaraka Nagar,Assault
2023-12-10 21:40:00,17.756528,83.197783,Beach Road,Chain Snatching
2023-06-26 14:24:00,17.847448,83.31486,Seethammadhara,Burglary
2023-09-01 05:51:00,17.687568,83.217942,Jagadamba Junction,Harassment
2023-05-15 07:06:00,17.718793,83.276721,Dwaraka Nagar,Burglary
2023-06-22 01:56:00,17.786403,83.206037,Gajuwaka,Theft
2023-06-25 05:27:00,17.815498,83.27514,Jagadamba Junction,Harassment
2023-01-10 08:14:00,17.691779,83.354097,Jagadamba Junction,Harassment
2023-09-11 03:15:00,17.688532,83.30491,Kurmannapalem,Theft
2023-11-23 07:19:00,17.788253,83.256477,Jagadamba Junction,Theft
2023-12-21 06:20:00,17.765768,83.18119,Jagadamba Junction,Harassment
2023-12-04 09:20:00,17.7925,83.169755,NAD Junction,Assault
2023-02-28 05:35:00,17.7961,83.266687,Dwaraka Nagar,Harassment
2023-07-10 20:44:00,17.76132,83.304074,Kurmannapalem,Theft
2023-12-28 23:59:00,17.790784,83.204621,Dwaraka Nagar,Burglary
2023-06-16 04:27:00,17.685519,83.212543,Madhurawada,Vandalism
2023-01-11 18:37:00,17.797114,83.202513,Asilmetta,Vandalism
2023-02-15 05:08:00,17.836087,83.331356,Pedda Waltair,Assault
2023-06-25 08:55:00,17.713926,83.254153,Pedda Waltair,Chain Snatching
2023-07-26 12:31:00,17.759373,83.181074,Gajuwaka,Theft
2023-04-01 04:48:00,17.7389,83.330476,Beach Road,Assault
2023-10-18 04:50:00,17.724553,83.172418,NAD Junction,Theft
2023-12-20 07:03:00,17.775819,83.295956,Madhurawada,Vandalism
2023-12-01 16:30:00,17.752306,83.325827,Kancharapalem,Theft
2023-05-29 05:38:00,17.747133,83.333008,MVP Colony,Chain Snatching
2023-07-29 07:32:00,17.708696,83.314286,MVP Colony,Chain Snatching
2023-06-30 03:30:00,17.746092,83.328864,Madhurawada,Harassment
2023-12-24 05:26:00,17.808438,83.17456,Madhurawada,Theft
2023-06-23 03:33:00,17.707374,83.19447,Kancharapalem,Theft
2023-04-04 04:18:00,17.794001,83.353985,MVP Colony,Harassment
2023-07-29 05:14:00,17.727731,83.198479,KRM Colony,Assault
2023-04-18 01:59:00,17.760811,83.200317,Madhurawada,Harassment
2023-10-21 03:26:00,17.737309,83.255692,Asilmetta,Theft
2023-06-30 18:49:00,17.734975,83.219277,Gopalapatnam,Theft
2023-05-10 19:06:00,17.836153,83.268827,Asilmetta,Burglary
2023-10-24 18:45:00,17.79304,83.242949,Gopalapatnam,Vandalism
2023-06-27 23:35:00,17.748156,83.192076,Seethammadhara,Chain Snatching
2023-12-13 06:52:00,17.72344,83.284834,Seethammadhara,Chain Snatching
2023-06-11 07:39:00,17.788418,83.183939,Gajuwaka,Assault
2023-11-08 16:49:00,17.785456,83.218426,PM Palem,Theft
2023-02-23 19:26:00,17.69446,83.221592,Gajuwaka,Vandalism
2023-01-20 16:37:00,17.76561,83.298483,Seethammadhara,Chain Snatching
2023-08-28 21:50:00,17.698756,83.186863,KRM Colony,Harassment
2023-04-20 05:01:00,17.722344,83.269478,MVP Colony,Chain Snatching
2023-07-10 16:10:00,17.779696,83.309293,Pedda Waltair,Harassment
2023-01-12 13:00:00,17.702725,83.3212,Gopalapatnam,Harassment
2023-10-31 13:22:00,17.700998,83.274237,Dwaraka Nagar,Theft
2023-08-15 12:31:00,17.771324,83.301225,Madhurawada,Drunk Driving
2023-06-11 12:39:00,17.723782,83.307195,Kancharapalem,Burglary
2023-01-26 05:44:00,17.840827,83.203833,MVP Colony,Harassment
2023-12-17 03:04:00,17.69341,83.351185,Beach Road,Assault
2023-03-02 21:23:00,17.720533,83.239129,Madhurawada,Assault
2023-10-27 10:21:00,17.846562,83.309282,Seethammadhara,Theft
2023-03-04 19:34:00,17.841298,83.284165,NAD Junction,Theft
2023-01-08 17:02:00,17.735178,83.223185,Asilmetta,Harassment
2023-09-18 16:12:00,17.680439,83.241068,Madhurawada,Drunk Driving
2023-01-27 05:24:00,17.713309,83.310531,PM Palem,Chain Snatching
2023-04-01 11:13:00,17.765486,83.348554,Dwaraka Nagar,Theft
2023-10-27 22:06:00,17.840063,83.271711,Kancharapalem,Harassment
2023-01-01 21:03:00,17.693121,83.347626,Beach Road,Vandalism
2023-12-18 17:52:00,17.683038,83.304805,Kancharapalem,Burglary
2023-08-07 15:51:00,17.728948,83.197626,NAD Junction,Drunk Driving
2023-05-21 02:35:00,17.792023,83.259197,Seethammadhara,Vandalism
2023-10-08 22:51:00,17.709088,83.352955,Beach Road,Assault
2023-09-25 23:45:00,17.81703,83.324233,KRM Colony,Harassment
2023-01-24 23:18:00,17.734051,83.316507,Kurmannapalem,Drunk Driving
2023-01-23 07:44:00,17.704741,83.191351,Kancharapalem,Theft
2023-08-08 11:42:00,17.818092,83.352067,Kurmannapalem,Chain Snatching
2023-07-03 05:13:00,17.733902,83.18897,Kancharapalem,Harassment
2023-09-10 15:13:00,17.768342,83.232572,NAD Junction,Theft
2023-08-14 14:54:00,17.681795,83.198658,Kancharapalem,Assault
2023-05-08 12:51:00,17.792377,83.315182,Dwaraka Nagar,Assault
2023-02-18 17:46:00,17.814103,83.32191,Kancharapalem,Assault
2023-11-23 21:38:00,17.714522,83.168411,Kancharapalem,Harassment
2023-06-20 13:08:00,17.72181,83.309725,Kancharapalem,Assault
2023-06-09 04:54:00,17.684083,83.258437,Madhurawada,Drunk Driving
2023-09-18 06:38:00,17.8091,83.325084,NAD Junction,Theft
2023-01-01 20:27:00,17.715663,83.244433,Dwaraka Nagar,Assault
2023-04-19 00:22:00,17.771672,83.303035,Kancharapalem,Theft
2023-04-24 21:15:00,17.720232,83.236617,Madhurawada,Theft
2023-08-09 16:05:00,17.749962,83.356864,NAD Junction,Assault
2023-07-02 06:46:00,17.721557,83.296511,KRM Colony,Assault
2023-01-15 10:16:00,17.733387,83.196631,Dwaraka Nagar,Vandalism
2023-07-13 19:31:00,17.747306,83.185263,NAD Junction,Theft
2023-07-24 10:07:00,17.802738,83.335236,Madhurawada,Harassment
2023-09-23 17:41:00,17.744199,83.165765,PM Palem,Vandalism
2023-09-09 14:54:00,17.849641,83.27875,Seethammadhara,Harassment
2023-12-03 07:48:00,17.793134,83.164582,NAD Junction,Harassment
2023-10-07 18:48:00,17.73772,83.166114,Pedda Waltair,Theft
2023-01-16 09:16:00,17.768769,83.314114,PM Palem,Drunk Driving
2023-07-12 14:08:00,17.709348,83.346856,Asilmetta,Theft
2023-02-28 04:16:00,17.799789,83.272782,Beach Road,Burglary
2023-07-12 03:31:00,17.68063,83.217891,NAD Junction,Drunk Driving
2023-01-22 17:32:00,17.8146,83.260047,Kurmannapalem,Chain Snatching
2023-08-01 22:51:00,17.80685,83.290292,Gopalapatnam,Theft
2023-06-10 09:44:00,17.776123,83.195283,Seethammadhara,Harassment
2023-02-22 10:51:00,17.681598,83.185976,KRM Colony,Drunk Driving
2023-11-26 18:16:00,17.825839,83.282573,Jagadamba Junction,Drunk Driving
2023-07-04 05:14:00,17.826089,83.335956,PM Palem,Assault
2023-07-09 02:56:00,17.81818,83.332054,Kancharapalem,Theft
2023-04-11 14:30:00,17.73816,83.277567,Beach Road,Harassment
2023-10-06 21:54:00,17.777537,83.176835,Beach Road,Drunk Driving
2023-10-22 23:57:00,17.822366,83.356538,Gajuwaka,Drunk Driving
2023-11-30 17:49:00,17.717822,83.325613,Pedda Waltair,Harassment
2023-02-02 20:15:00,17.783637,83.259239,Kancharapalem,Burglary
2023-07-18 22:55:00,17.846197,83.319413,Kancharapalem,Theft
2023-07-06 08:25:00,17.683454,83.289604,Jagadamba Junction,Chain Snatching
2023-01-14 05:39:00,17.735828,83.16784,MVP Colony,Vandalism
2023-03-06 20:05:00,17.718452,83.255799,Kancharapalem,Drunk Driving
2023-12-02 03:35:00,17.711648,83.168377,Gajuwaka,Vandalism
2023-07-05 20:06:00,17.755078,83.203905,Gajuwaka,Drunk Driving
2023-02-27 04:46:00,17.795435,83.225231,Kurmannapalem,Harassment
2023-08-21 16:09:00,17.831434,83.316271,MVP Colony,Burglary
2023-11-24 03:39:00,17.8311,83.202634,MVP Colony,Harassment
2023-05-02 15:26:00,17.845005,83.174204,PM Palem,Burglary
2023-02-07 20:07:00,17.827846,83.255071,Jagadamba Junction,Drunk Driving
2023-04-08 01:29:00,17.705651,83.191225,MVP Colony,Vandalism
2023-09-11 00:13:00,17.762918,83.32483,MVP Colony,Harassment
2023-04-09 05:11:00,17.84778,83.186638,MVP Colony,Chain Snatching
2023-12-10 17:14:00,17.788078,83.351831,Kancharapalem,Drunk Driving
2023-04-09 13:00:00,17.730027,83.351916,PM Palem,Assault
2023-08-17 23:23:00,17.828559,83.272164,PM Palem,Vandalism
2023-12-14 18:06:00,17.818532,83.280662,Beach Road,Chain Snatching
2023-07-07 01:30:00,17.688455,83.274527,Pedda Waltair,Harassment
2023-05-04 20:20:00,17.846348,83.35837,Kancharapalem,Harassment
2023-12-13 04:27:00,17.802436,83.263891,Gajuwaka,Harassment
2023-07-01 15:37:00,17.75892,83.251625,Pedda Waltair,Assault
2023-10-19 20:20:00,17.839853,83.314798,Seethammadhara,Theft
2023-09-23 22:48:00,17.766954,83.284329,Gopalapatnam,Harassment
2023-06-06 00:05:00,17.785844,83.239718,Gajuwaka,Harassment
2023-05-06 09:19:00,17.767788,83.248213,Gopalapatnam,Chain Snatching
2023-05-14 13:22:00,17.842919,83.168035,Jagadamba Junction,Assault
2023-05-05 08:47:00,17.770266,83.303756,Dwaraka Nagar,Harassment
2023-08-06 12:21:00,17.735438,83.299611,Kancharapalem,Chain Snatching
2023-04-06 12:29:00,17.745798,83.287544,Kurmannapalem,Chain Snatching
2023-04-20 00:06:00,17.819067,83.350893,Gajuwaka,Burglary
2023-04-01 07:15:00,17.744229,83.233138,KRM Colony,Theft
2023-01-21 09:14:00,17.832029,83.216194,Madhurawada,Theft
2023-02-19 11:24:00,17.805193,83.244822,Pedda Waltair,Harassment
2023-06-25 12:25:00,17.746186,83.253584,NAD Junction,Theft
2023-10-08 18:33:00,17.701398,83.355463,PM Palem,Chain Snatching
2023-07-15 13:26:00,17.834225,83.29865,KRM Colony,Theft
2023-10-31 21:13:00,17.708716,83.327189,KRM Colony,Vandalism
2023-01-24 22:01:00,17.841138,83.26778,Kurmannapalem,Harassment
2023-06-30 01:31:00,17.78735,83.221803,Gajuwaka,Assault
2023-02-16 01:33:00,17.821123,83.217707,Jagadamba Junction,Vandalism
2023-09-11 05:24:00,17.798967,83.243317,Beach Road,Harassment
2023-12-13 20:23:00,17.738696,83.211831,Kurmannapalem,Harassment
2023-12-05 18:58:00,17.838701,83.178372,Madhurawada,Chain Snatching
2023-05-20 03:12:00,17.756775,83.202433,Seethammadhara,Theft
2023-07-16 09:02:00,17.762136,83.356547,Jagadamba Junction,Harassment
2023-03-09 00:15:00,17.68769,83.232836,Jagadamba Junction,Theft
2023-10-11 22:02:00,17.680305,83.298622,MVP Colony,Chain Snatching
2023-08-05 10:30:00,17.836275,83.181384,Jagadamba Junction,Burglary
2023-03-26 23:24:00,17.708367,83.265444,Dwaraka Nagar,Theft
2023-01-16 01:56:00,17.745876,83.318801,Asilmetta,Theft
2023-03-18 05:14:00,17.750645,83.165853,Kurmannapalem,Harassment
2023-06-13 23:40:00,17.752647,83.195033,Beach Road,Harassment
2023-12-26 14:08:00,17.697211,83.348935,Kancharapalem,Assault
2023-09-24 07:05:00,17.704997,83.206305,Madhurawada,Chain Snatching
2023-08-19 02:17:00,17.770049,83.201325,Beach Road,Assault
2023-09-28 23:09:00,17.782571,83.33698,Dwaraka Nagar,Chain Snatching
2023-05-22 04:11:00,17.783342,83.264562,Pedda Waltair,Harassment
2023-02-11 23:44:00,17.827411,83.341604,MVP Colony,Harassment
2023-09-15 06:33:00,17.702145,83.256937,Madhurawada,Assault
2023-07-13 02:45:00,17.766139,83.319528,Kurmannapalem,Chain Snatching
2023-09-24 12:35:00,17.848222,83.19083,Kurmannapalem,Burglary
2023-09-05 14:41:00,17.690476,83.322545,Pedda Waltair,Harassment
2023-07-24 03:14:00,17.8231,83.237034,Kancharapalem,Theft
2023-11-07 17:36:00,17.833526,83.203887,Pedda Waltair,Assault
2023-07-09 06:46:00,17.692418,83.319003,Jagadamba Junction,Chain Snatching
2023-09-19 09:45:00,17.734954,83.192805,Seethammadhara,Assault
2023-05-23 14:48:00,17.715206,83.235542,Pedda Waltair,Vandalism
2023-04-14 21:48:00,17.740085,83.238268,Gopalapatnam,Chain Snatching
2023-09-18 17:40:00,17.794551,83.300065,NAD Junction,Chain Snatching
2023-04-27 16:51:00,17.749074,83.223835,Seethammadhara,Theft
2023-03-19 01:55:00,17.777143,83.270845,Asilmetta,Burglary
2023-09-24 04:07:00,17.695045,83.173005,Kancharapalem,Theft
2023-05-11 04:26:00,17.775421,83.162717,Beach Road,Chain Snatching
2023-02-11 02:42:00,17.806549,83.201441,Dwaraka Nagar,Theft
2023-05-14 02:14:00,17.752668,83.249507,Jagadamba Junction,Burglary
2023-03-31 06:36:00,17.763166,83.31956,NAD Junction,Harassment
2023-12-18 17:40:00,17.770174,83.209935,Gopalapatnam,Assault
2023-04-30 22:58:00,17.721607,83.323994,Gopalapatnam,Burglary
2023-09-03 23:16:00,17.831133,83.318348,Seethammadhara,Drunk Driving
2023-07-16 07:57:00,17.813008,83.228572,Kancharapalem,Burglary
2023-11-14 16:30:00,17.707773,83.22218,NAD Junction,Drunk Driving
2023-01-14 17:01:00,17.696841,83.160068,Madhurawada,Vandalism
2023-03-25 13:19:00,17.810053,83.252013,Madhurawada,Theft
2023-12-18 13:23:00,17.840453,83.238823,Seethammadhara,Assault
2023-03-12 10:36:00,17.698893,83.282799,KRM Colony,Assault
2023-09-17 23:46:00,17.683142,83.296714,Asilmetta,Chain Snatching
2023-04-20 12:44:00,17.818517,83.230372,Gajuwaka,Harassment
2023-12-01 11:21:00,17.693477,83.353528,Gopalapatnam,Chain Snatching
2023-07-29 14:45:00,17.690038,83.179424,Asilmetta,Assault
2023-08-24 14:18:00,17.737282,83.301385,Kancharapalem,Assault
2023-09-29 04:43:00,17.79366,83.186727,Seethammadhara,Burglary
2023-07-29 21:46:00,17.714139,83.229862,Jagadamba Junction,Drunk Driving
2023-04-05 09:33:00,17.79048,83.193075,NAD Junction,Vandalism
2023-12-25 01:17:00,17.788028,83.288377,Pedda Waltair,Harassment
2023-03-27 02:15:00,17.771757,83.263131,Dwaraka Nagar,Vandalism
2023-12-10 08:18:00,17.736353,83.180065,Dwaraka Nagar,Assault
2023-06-11 15:50:00,17.8126,83.317681,MVP Colony,Assault
2023-12-05 23:01:00,17.761747,83.262293,Beach Road,Drunk Driving
2023-01-16 05:40:00,17.738916,83.210007,Kurmannapalem,Theft
2023-08-18 07:09:00,17.752484,83.182289,KRM Colony,Theft
2023-02-10 23:54:00,17.684702,83.258655,Kancharapalem,Theft
2023-06-05 05:15:00,17.682325,83.230128,Madhurawada,Theft
2023-10-19 07:43:00,17.770357,83.346506,Dwaraka Nagar,Drunk Driving
2023-03-23 18:20:00,17.736217,83.270665,NAD Junction,Theft
2023-06-20 19:38:00,17.707251,83.331263,Beach Road,Burglary
2023-03-15 14:36:00,17.787411,83.263033,Gopalapatnam,Harassment
2023-03-27 15:30:00,17.735009,83.215112,Kurmannapalem,Assault
2023-10-26 08:00:00,17.822534,83.246131,Dwaraka Nagar,Vandalism
2023-03-09 21:01:00,17.825749,83.28512,Jagadamba Junction,Theft
2023-02-11 06:50:00,17.771349,83.22935,Pedda Waltair,Theft
2023-04-13 09:04:00,17.719133,83.239597,Madhurawada,Burglary
2023-04-04 02:50:00,17.706708,83.348263,Kancharapalem,Burglary
2023-08-07 08:25:00,17.80805,83.182438,KRM Colony,Drunk Driving
2023-06-26 18:11:00,17.845348,83.261851,MVP Colony,Theft
2023-09-04 22:27:00,17.787048,83.174322,Gopalapatnam,Vandalism
2023-12-19 07:32:00,17.754608,83.189594,Gopalapatnam,Drunk Driving
2023-08-02 04:05:00,17.782909,83.334901,NAD Junction,Theft
2023-12-19 14:28:00,17.795539,83.300878,Dwaraka Nagar,Theft
2023-08-03 01:00:00,17.794829,83.244123,Gajuwaka,Theft
2023-01-05 04:05:00,17.783786,83.28183,Gopalapatnam,Assault
2023-07-12 20:25:00,17.827525,83.357762,Gajuwaka,Drunk Driving
2023-08-13 08:27:00,17.846236,83.344533,Seethammadhara,Theft
2023-07-05 15:00:00,17.77611,83.237755,Kurmannapalem,Assault
2023-06-27 04:23:00,17.714336,83.308247,PM Palem,Assault
2023-05-23 15:21:00,17.694192,83.247,Seethammadhara,Theft
2023-09-06 21:56:00,17.730848,83.252994,Jagadamba Junction,Assault
2023-07-29 17:10:00,17.823694,83.303702,Pedda Waltair,Burglary
2023-09-01 03:04:00,17.781443,83.254179,Gopalapatnam,Assault
2023-08-09 16:56:00,17.783939,83.358102,Asilmetta,Assault
2023-06-04 23:30:00,17.743427,83.321328,Seethammadhara,Theft
2023-09-13 05:05:00,17.837076,83.348781,PM Palem,Theft
2023-11-06 00:15:00,17.785816,83.268832,Pedda Waltair,Harassment
2023-07-02 10:23:00,17.730768,83.197866,Kurmannapalem,Vandalism
2023-06-19 22:28:00,17.720282,83.347492,PM Palem,Theft
2023-04-30 18:28:00,17.800396,83.258177,PM Palem,Assault
2023-06-04 14:03:00,17.829237,83.337328,Asilmetta,Theft
2023-06-10 00:23:00,17.783991,83.276416,Asilmetta,Theft
2023-10-02 16:17:00,17.753386,83.250904,Dwaraka Nagar,Drunk Driving
2023-08-03 06:55:00,17.821118,83.205976,Dwaraka Nagar,Theft
2023-01-04 09:40:00,17.811206,83.221295,Pedda Waltair,Vandalism
2023-04-18 13:17:00,17.748114,83.168595,Asilmetta,Chain Snatching
2023-10-01 00:17:00,17.721576,83.346037,Madhurawada,Chain Snatching
2023-10-05 20:17:00,17.7322,83.350527,MVP Colony,Burglary
2023-02-19 06:59:00,17.808797,83.338286,Pedda Waltair,Assault
2023-08-24 14:18:00,17.735915,83.242465,Jagadamba Junction,Drunk Driving
2023-04-16 00:57:00,17.714138,83.242549,Gajuwaka,Vandalism
2023-08-10 14:05:00,17.79007,83.195257,Pedda Waltair,Theft
2023-05-02 07:27:00,17.72889,83.326737,Gajuwaka,Assault
2023-11-30 10:03:00,17.73209,83.290116,NAD Junction,Harassment
2023-05-23 18:23:00,17.82213,83.307473,Asilmetta,Theft
2023-09-02 21:39:00,17.733109,83.221729,Gopalapatnam,Vandalism
2023-11-01 17:38:00,17.738501,83.25108,Asilmetta,Assault
2023-03-07 02:44:00,17.729531,83.312633,Beach Road,Theft
2023-01-13 00:05:00,17.759944,83.179238,Seethammadhara,Burglary
2023-12-12 19:19:00,17.846299,83.312837,Kancharapalem,Theft
2023-06-26 08:56:00,17.794698,83.28773,Gajuwaka,Assault
2023-02-25 16:05:00,17.792188,83.313903,Seethammadhara,Drunk Driving
2023-08-16 17:27:00,17.777915,83.313021,Gopalapatnam,Theft
2023-01-17 11:23:00,17.683906,83.303563,Dwaraka Nagar,Harassment
2023-11-23 13:56:00,17.706656,83.278533,Kurmannapalem,Chain Snatching
2023-05-12 19:44:00,17.844426,83.265466,Gopalapatnam,Theft
2023-12-03 09:39:00,17.79857,83.212336,KRM Colony,Harassment
2023-02-25 04:47:00,17.810761,83.260313,Dwaraka Nagar,Theft
2023-04-18 22:59:00,17.712515,83.262083,Asilmetta,Harassment
2023-08-09 11:22:00,17.755084,83.299802,Kurmannapalem,Assault
2023-10-04 19:02:00,17.815227,83.209116,MVP Colony,Vandalism
2023-01-01 05:19:00,17.821612,83.231032,Madhurawada,Burglary
2023-11-29 10:05:00,17.824566,83.33354,Beach Road,Theft
2023-01-24 18:07:00,17.762342,83.188318,Gajuwaka,Chain Snatching
2023-04-22 13:11:00,17.819711,83.18291,Gajuwaka,Vandalism
2023-07-04 06:48:00,17.687144,83.337506,Kancharapalem,Vandalism
2023-06-08 17:22:00,17.744147,83.175289,MVP Colony,Theft
2023-01-26 06:35:00,17.801832,83.218808,Madhurawada,Assault
2023-10-05 00:41:00,17.833035,83.19843,Beach Road,Theft
2023-09-05 12:16:00,17.787139,83.355347,Kancharapalem,Chain Snatching
2023-07-02 10:15:00,17.824518,83.165454,MVP Colony,Burglary
2023-01-09 20:13:00,17.803052,83.191465,Seethammadhara,Theft
2023-02-08 11:08:00,17.817286,83.232441,Pedda Waltair,Theft
2023-01-16 12:16:00,17.805269,83.329498,Gopalapatnam,Assault
2023-03-12 18:30:00,17.81508,83.341635,Seethammadhara,Burglary
2023-09-11 22:23:00,17.691424,83.167649,NAD Junction,Theft
2023-05-08 19:47:00,17.823064,83.248815,MVP Colony,Theft
2023-05-02 13:01:00,17.684939,83.355983,Gopalapatnam,Chain Snatching
2023-04-26 02:13:00,17.782246,83.190654,Kancharapalem,Harassment
2023-08-24 02:13:00,17.821096,83.219528,Beach Road,Vandalism
2023-10-08 15:58:00,17.819459,83.268569,Jagadamba Junction,Chain Snatching
2023-05-19 12:00:00,17.786189,83.188753,Seethammadhara,Chain Snatching
2023-11-18 13:28:00,17.705221,83.320527,Seethammadhara,Theft
2023-05-25 08:06:00,17.814375,83.301193,Asilmetta,Assault
2023-11-21 04:50:00,17.739743,83.275384,MVP Colony,Theft
2023-05-04 10:32:00,17.776168,83.351353,Dwaraka Nagar,Theft
2023-09-13 10:47:00,17.691804,83.161867,Dwaraka Nagar,Harassment
2023-06-06 12:22:00,17.846129,83.327297,Dwaraka Nagar,Theft
2023-10-19 22:28:00,17.779829,83.288218,KRM Colony,Assault
2023-02-15 15:36:00,17.705049,83.181433,Gajuwaka,Assault
2023-04-24 19:19:00,17.76289,83.357503,Gopalapatnam,Theft
2023-04-17 23:42:00,17.83954,83.258084,Asilmetta,Chain Snatching
2023-05-03 12:38:00,17.749962,83.228235,Madhurawada,Theft
2023-05-30 07:34:00,17.813196,83.297275,Kurmannapalem,Theft
2023-02-09 11:50:00,17.821534,83.179657,Pedda Waltair,Harassment
2023-04-05 04:06:00,17.746213,83.232565,Kancharapalem,Theft
2023-02-15 11:26:00,17.774854,83.161745,Asilmetta,Assault
2023-09-12 13:03:00,17.690143,83.276328,Dwaraka Nagar,Chain Snatching
2023-10-09 09:11:00,17.756801,83.342123,Asilmetta,Vandalism
2023-08-01 08:05:00,17.837695,83.340789,Seethammadhara,Harassment
2023-12-29 16:19:00,17.709225,83.18113,Jagadamba Junction,Vandalism
2023-10-14 08:24:00,17.710829,83.217069,Dwaraka Nagar,Harassment
2023-10-05 10:29:00,17.78315,83.29748,Kurmannapalem,Assault
2023-09-27 15:56:00,17.714471,83.182952,Jagadamba Junction,Theft
2023-01-08 10:43:00,17.807396,83.339833,Kurmannapalem,Assault
2023-06-09 02:26:00,17.795022,83.356133,Pedda Waltair,Harassment
2023-11-28 11:00:00,17.77996,83.232018,Kancharapalem,Assault
2023-08-18 20:41:00,17.772773,83.301335,NAD Junction,Theft
2023-09-19 05:58:00,17.827354,83.317123,PM Palem,Assault
2023-09-15 15:00:00,17.759341,83.190057,KRM Colony,Assault
2023-01-16 12:35:00,17.765148,83.216706,Madhurawada,Assault
2023-04-05 20:48:00,17.683334,83.305231,NAD Junction,Assault
2023-07-26 03:23:00,17.827379,83.358658,Kurmannapalem,Vandalism
2023-08-16 07:45:00,17.762575,83.2611,Asilmetta,Theft
2023-05-19 19:23:00,17.740886,83.266603,Madhurawada,Harassment
2023-07-07 22:18:00,17.758288,83.303704,Seethammadhara,Theft
2023-09-06 17:50:00,17.746959,83.337554,Asilmetta,Vandalism
2023-06-03 05:31:00,17.816937,83.264302,Madhurawada,Chain Snatching
2023-05-22 16:33:00,17.814753,83.240379,Pedda Waltair,Assault
2023-12-06 12:28:00,17.813109,83.19815,Seethammadhara,Harassment
2023-02-14 21:46:00,17.717303,83.283388,Kancharapalem,Assault
2023-12-24 16:53:00,17.762348,83.254089,Dwaraka Nagar,Theft
2023-02-12 19:08:00,17.830717,83.18442,Madhurawada,Burglary
2023-01-22 01:07:00,17.725485,83.232891,PM Palem,Harassment
2023-09-05 15:14:00,17.839933,83.246811,NAD Junction,Drunk Driving
2023-02-20 04:15:00,17.776545,83.356412,Beach Road,Assault
2023-07-07 14:18:00,17.755891,83.278226,Asilmetta,Burglary
2023-08-30 17:24:00,17.708794,83.341094,Jagadamba Junction,Harassment
2023-05-18 00:10:00,17.721012,83.164808,Madhurawada,Assault
2023-05-09 23:58:00,17.684673,83.186913,Beach Road,Vandalism
2023-08-01 16:10:00,17.808582,83.243805,Pedda Waltair,Harassment
2023-02-11 08:28:00,17.804152,83.332546,Dwaraka Nagar,Assault
2023-11-21 01:29:00,17.778461,83.253862,Pedda Waltair,Theft
2023-03-11 08:52:00,17.744038,83.190512,KRM Colony,Drunk Driving
2023-03-22 22:43:00,17.843559,83.286337,Jagadamba Junction,Theft
2023-06-11 17:58:00,17.826633,83.251329,Beach Road,Theft
2023-01-20 08:34:00,17.812582,83.333618,NAD Junction,Assault
2023-09-08 12:12:00,17.814177,83.352537,Madhurawada,Assault
2023-08-25 12:00:00,17.815799,83.274384,Gopalapatnam,Theft
2023-01-07 17:29:00,17.68577,83.325253,Asilmetta,Theft
2023-08-10 00:26:00,17.837765,83.284602,Gajuwaka,Assault
2023-06-13 14:19:00,17.82912,83.29547,Seethammadhara,Burglary
2023-03-17 20:13:00,17.684491,83.317246,Dwaraka Nagar,Vandalism
2023-09-28 21:42:00,17.705548,83.33252,Madhurawada,Theft
2023-08-13 13:45:00,17.766967,83.17995,Seethammadhara,Chain Snatching
2023-01-11 19:39:00,17.751261,83.184099,Kurmannapalem,Theft
2023-12-29 03:26:00,17.769886,83.27337,Gajuwaka,Chain Snatching
2023-09-05 07:07:00,17.751593,83.240164,Madhurawada,Theft
2023-12-18 03:05:00,17.7939,83.210995,Beach Road,Theft
2023-07-08 00:36:00,17.735902,83.262778,Seethammadhara,Vandalism
2023-06-06 19:36:00,17.827907,83.245648,Kancharapalem,Theft
2023-08-06 06:15:00,17.746253,83.167891,NAD Junction,Vandalism
2023-04-16 12:48:00,17.735727,83.219393,Beach Road,Assault
2023-12-27 07:40:00,17.702808,83.217259,Dwaraka Nagar,Harassment
2023-12-07 08:11:00,17.785038,83.183438,Beach Road,Theft
2023-02-24 03:12:00,17.794223,83.234613,Kurmannapalem,Theft
2023-12-31 20:45:00,17.812949,83.270516,Kurmannapalem,Theft
2023-03-08 17:44:00,17.820702,83.340473,KRM Colony,Chain Snatching
2023-06-04 10:43:00,17.705252,83.188361,Kancharapalem,Vandalism
2023-07-07 02:19:00,17.798403,83.285716,Jagadamba Junction,Harassment
2023-03-22 16:16:00,17.772412,83.311201,Beach Road,Theft
2023-03-06 19:41:00,17.719739,83.289803,Pedda Waltair,Harassment
2023-09-03 02:14:00,17.826963,83.330406,Pedda Waltair,Theft
2023-07-30 03:22:00,17.733034,83.302543,Dwaraka Nagar,Vandalism
2023-11-17 04:51:00,17.787708,83.165803,Gajuwaka,Assault
2023-08-11 03:32:00,17.720348,83.306621,Beach Road,Burglary
2023-03-13 12:17:00,17.800205,83.352969,Beach Road,Theft
2023-06-02 23:40:00,17.740601,83.342074,Kurmannapalem,Assault
2023-04-21 10:42:00,17.733688,83.241147,Dwaraka Nagar,Harassment
2023-08-30 00:06:00,17.836415,83.271367,Dwaraka Nagar,Theft
2023-11-29 11:53:00,17.827367,83.189154,Asilmetta,Harassment
2023-06-14 23:08:00,17.833906,83.297847,Beach Road,Vandalism
2023-07-16 19:40:00,17.776148,83.18095,KRM Colony,Harassment
2023-03-28 16:25:00,17.731007,83.259137,Jagadamba Junction,Theft
2023-06-07 22:54:00,17.774206,83.337705,Jagadamba Junction,Vandalism
2023-11-12 00:15:00,17.710414,83.340732,Kurmannapalem,Chain Snatching
2023-12-10 17:17:00,17.804753,83.229584,Seethammadhara,Drunk Driving
2023-08-17 23:53:00,17.835267,83.342582,Beach Road,Vandalism
2023-03-26 18:38:00,17.79182,83.175508,Gajuwaka,Assault
2023-10-10 10:31:00,17.764166,83.208901,PM Palem,Drunk Driving
2023-08-09 00:46:00,17.844974,83.337243,Seethammadhara,Theft
2023-03-13 05:30:00,17.793502,83.346337,Madhurawada,Chain Snatching
2023-10-15 01:22:00,17.766649,83.226095,KRM Colony,Theft
2023-08-25 08:08:00,17.835335,83.256925,PM Palem,Assault
2023-04-06 17:15:00,17.830187,83.19359,Seethammadhara,Theft
2023-09-28 10:23:00,17.776818,83.220475,Madhurawada,Theft
2023-12-21 17:11:00,17.682532,83.341838,Pedda Waltair,Drunk Driving
2023-09-26 07:47:00,17.761443,83.256821,Beach Road,Theft
2023-07-07 21:45:00,17.76524,83.248285,Kancharapalem,Burglary
2023-03-18 20:08:00,17.681852,83.34028,PM Palem,Chain Snatching
2023-11-04 08:16:00,17.70051,83.251065,Dwaraka Nagar,Theft
2023-10-10 07:38:00,17.750552,83.27382,Kancharapalem,Chain Snatching
2023-08-03 10:11:00,17.82202,83.175933,Seethammadhara,Theft
2023-01-25 06:40:00,17.699354,83.178204,Beach Road,Theft
2023-06-28 05:16:00,17.727841,83.341185,NAD Junction,Theft
2023-01-04 08:54:00,17.847856,83.27272,Kurmannapalem,Harassment
2023-03-25 00:56:00,17.708945,83.174392,Gajuwaka,Drunk Driving
2023-09-07 20:08:00,17.702128,83.308207,KRM Colony,Vandalism
2023-04-01 03:15:00,17.713614,83.189682,Asilmetta,Vandalism
2023-03-20 17:26:00,17.735866,83.352297,Kancharapalem,Assault
2023-10-20 07:02:00,17.822217,83.337213,Seethammadhara,Chain Snatching
2023-01-22 20:16:00,17.739131,83.268124,Pedda Waltair,Drunk Driving
2023-11-26 02:15:00,17.781271,83.253262,Kurmannapalem,Assault
2023-08-05 01:24:00,17.847016,83.329504,Dwaraka Nagar,Drunk Driving
2023-01-01 23:18:00,17.738801,83.29218,KRM Colony,Assault
2023-12-20 13:52:00,17.681724,83.351056,NAD Junction,Drunk Driving
2023-03-12 04:14:00,17.797583,83.275765,Kurmannapalem,Vandalism
2023-02-04 19:16:00,17.798393,83.233495,Beach Road,Assault
2023-12-17 07:25:00,17.794604,83.258274,MVP Colony,Vandalism
2023-10-03 10:51:00,17.742952,83.31686,Gajuwaka,Chain Snatching
2023-02-06 23:16:00,17.740239,83.316444,MVP Colony,Theft
2023-05-21 10:12:00,17.827734,83.329638,NAD Junction,Assault
2023-11-29 13:21:00,17.816847,83.284752,Gajuwaka,Burglary
2023-12-05 23:23:00,17.682168,83.161944,KRM Colony,Theft
2023-05-10 05:17:00,17.811817,83.291626,Kancharapalem,Drunk Driving
2023-09-29 15:39:00,17.810476,83.243008,Kurmannapalem,Drunk Driving
2023-06-18 02:08:00,17.789023,83.279544,KRM Colony,Theft
2023-08-30 00:32:00,17.778962,83.209968,Gajuwaka,Assault
2023-03-08 10:50:00,17.834903,83.339168,Kurmannapalem,Burglary
2023-12-14 20:47:00,17.810311,83.246877,Gopalapatnam,Harassment
2023-06-19 14:56:00,17.73481,83.182552,Madhurawada,Harassment
2023-11-08 18:32:00,17.746664,83.259297,Jagadamba Junction,Chain Snatching
2023-12-01 14:51:00,17.821285,83.237027,Seethammadhara,Burglary
2023-11-04 18:54:00,17.763479,83.201782,Gopalapatnam,Drunk Driving
2023-01-20 12:58:00,17.800639,83.265591,Gopalapatnam,Harassment
2023-07-12 16:22:00,17.691734,83.337836,Beach Road,Harassment
2023-10-30 11:26:00,17.714663,83.188637,Jagadamba Junction,Drunk Driving
2023-12-27 03:47:00,17.807186,83.181447,Asilmetta,Theft
2023-09-01 10:03:00,17.812433,83.206731,MVP Colony,Theft
2023-03-13 08:06:00,17.831376,83.316279,Pedda Waltair,Assault
2023-06-04 19:35:00,17.817831,83.324604,Pedda Waltair,Drunk Driving
2023-02-04 04:18:00,17.741054,83.246298,Seethammadhara,Harassment
2023-08-31 00:05:00,17.832033,83.185493,Asilmetta,Assault
2023-01-06 18:47:00,17.794956,83.273747,Madhurawada,Theft
2023-11-25 11:47:00,17.70153,83.331779,Beach Road,Theft
2023-05-12 18:23:00,17.840067,83.290298,NAD Junction,Vandalism
2023-06-15 06:53:00,17.704812,83.284496,NAD Junction,Burglary
2023-06-18 08:49:00,17.819578,83.307985,Dwaraka Nagar,Assault
2023-09-05 17:48:00,17.764425,83.198307,MVP Colony,Assault
2023-05-22 16:48:00,17.796049,83.210738,Gopalapatnam,Harassment
2023-10-04 08:59:00,17.78444,83.294306,NAD Junction,Theft
2023-01-08 08:39:00,17.742476,83.347264,Jagadamba Junction,Drunk Driving
2023-10-22 06:18:00,17.703067,83.207288,Dwaraka Nagar,Theft
2023-04-26 23:22:00,17.785209,83.301666,Kancharapalem,Theft
2023-11-03 11:01:00,17.795377,83.312597,Pedda Waltair,Chain Snatching
2023-04-08 12:53:00,17.800936,83.265119,KRM Colony,Harassment
2023-05-19 15:35:00,17.789848,83.240161,Jagadamba Junction,Vandalism
2023-12-14 14:06:00,17.781471,83.180159,PM Palem,Vandalism
2023-06-17 13:57:00,17.746173,83.328314,Gopalapatnam,Theft
2023-12-11 12:20:00,17.698632,83.331258,Gopalapatnam,Theft
2023-10-03 18:38:00,17.815695,83.19417,Gopalapatnam,Harassment
2023-05-18 22:51:00,17.727865,83.170641,PM Palem,Harassment
2023-12-26 22:57:00,17.741858,83.211375,Asilmetta,Burglary
2023-12-24 01:23:00,17.824323,83.231163,Kancharapalem,Assault
2023-04-30 10:19:00,17.755675,83.206241,PM Palem,Harassment
2023-01-23 14:43:00,17.697329,83.342683,Asilmetta,Theft
2023-12-14 10:55:00,17.799047,83.21189,Kancharapalem,Burglary
2023-10-04 13:42:00,17.778142,83.267375,KRM Colony,Assault
2023-03-15 13:56:00,17.727909,83.264379,Kancharapalem,Chain Snatching
2023-11-07 12:59:00,17.803966,83.343967,Kancharapalem,Vandalism
2023-03-08 06:40:00,17.701262,83.204539,KRM Colony,Vandalism
2023-04-02 01:54:00,17.819482,83.249333,Pedda Waltair,Harassment
2023-03-27 04:11:00,17.683394,83.304204,KRM Colony,Vandalism
2023-04-07 09:08:00,17.749177,83.340528,Madhurawada,Burglary
2023-03-02 00:44:00,17.716525,83.269986,MVP Colony,Chain Snatching
2023-10-01 10:31:00,17.769426,83.335404,Asilmetta,Harassment
2023-07-02 15:45:00,17.844404,83.308461,MVP Colony,Harassment
2023-04-02 07:56:00,17.803664,83.230847,Gajuwaka,Burglary
2023-07-05 15:48:00,17.726849,83.30671,NAD Junction,Drunk Driving
2023-08-25 13:25:00,17.720072,83.276204,Asilmetta,Drunk Driving
2023-11-09 13:20:00,17.682924,83.296339,Pedda Waltair,Vandalism
2023-10-24 18:14:00,17.781255,83.346463,Kurmannapalem,Chain Snatching
2023-01-26 11:04:00,17.746794,83.196781,Beach Road,Burglary
2023-07-22 01:18:00,17.75098,83.177176,MVP Colony,Drunk Driving
2023-12-07 21:07:00,17.757142,83.281527,Jagadamba Junction,Assault
2023-11-17 10:37:00,17.773339,83.210781,Kurmannapalem,Assault
2023-12-05 11:38:00,17.814885,83.283356,Pedda Waltair,Assault
2023-10-29 12:36:00,17.775751,83.2356,Kancharapalem,Theft
2023-08-24 06:00:00,17.735171,83.289046,NAD Junction,Theft
2023-07-30 13:33:00,17.712388,83.184776,PM Palem,Assault
2023-12-08 05:47:00,17.848237,83.274869,Asilmetta,Chain Snatching
2023-03-10 18:03:00,17.680188,83.318819,Dwaraka Nagar,Burglary
2023-05-09 12:34:00,17.754649,83.273729,MVP Colony,Theft
2023-06-22 11:37:00,17.844157,83.182981,Kancharapalem,Vandalism
2023-08-27 02:42:00,17.817413,83.286213,NAD Junction,Assault
2023-03-22 21:19:00,17.697997,83.23643,Pedda Waltair,Drunk Driving
2023-01-02 17:09:00,17.811716,83.169755,Dwaraka Nagar,Assault
2023-12-12 23:43:00,17.752933,83.190214,NAD Junction,Harassment
2023-06-18 02:37:00,17.680638,83.329546,Seethammadhara,Assault
2023-05-10 03:07:00,17.727836,83.290186,Kancharapalem,Harassment
2023-12-28 14:38:00,17.704959,83.353716,Pedda Waltair,Burglary
2023-03-26 06:59:00,17.809453,83.240961,PM Palem,Vandalism
2023-07-29 04:36:00,17.698584,83.286445,Asilmetta,Theft
2023-10-28 21:32:00,17.710151,83.238597,NAD Junction,Chain Snatching
2023-07-06 05:43:00,17.685367,83.341552,PM Palem,Vandalism
2023-06-10 11:15:00,17.827892,83.354559,Seethammadhara,Burglary
2023-11-01 20:20:00,17.759153,83.33277,NAD Junction,Harassment
2023-12-14 06:24:00,17.744147,83.185774,Beach Road,Theft
2023-09-05 07:46:00,17.719342,83.186221,Madhurawada,Chain Snatching
2023-09-13 06:51:00,17.683084,83.244343,PM Palem,Drunk Driving
2023-05-21 01:28:00,17.722597,83.194007,Jagadamba Junction,Theft
2023-11-11 00:40:00,17.83748,83.161988,Kurmannapalem,Burglary
2023-01-11 07:28:00,17.723633,83.163492,Asilmetta,Drunk Driving
2023-05-22 13:07:00,17.751694,83.348453,NAD Junction,Theft
2023-10-31 07:27:00,17.680498,83.167401,Dwaraka Nagar,Harassment
2023-12-18 10:29:00,17.700676,83.358955,Pedda Waltair,Assault
2023-10-14 16:43:00,17.711696,83.268348,Gajuwaka,Assault
2023-04-17 23:59:00,17.770851,83.246493,KRM Colony,Drunk Driving
2023-12-19 21:18:00,17.773635,83.167381,Pedda Waltair,Harassment
2023-07-25 18:13:00,17.788593,83.35016,MVP Colony,Vandalism
2023-09-24 02:50:00,17.751118,83.342926,Gopalapatnam,Vandalism
2023-01-10 15:46:00,17.848125,83.222135,NAD Junction,Theft
2023-12-01 21:19:00,17.794429,83.26578,NAD Junction,Drunk Driving
2023-04-12 00:06:00,17.827636,83.339481,PM Palem,Drunk Driving
2023-09-06 01:49:00,17.849728,83.20717,Pedda Waltair,Assault
2023-05-19 14:13:00,17.757469,83.189234,Pedda Waltair,Vandalism
2023-12-02 21:45:00,17.807389,83.243454,Beach Road,Theft
2023-06-27 05:59:00,17.724936,83.192957,Gopalapatnam,Assault
2023-05-26 00:58:00,17.749979,83.165808,MVP Colony,Harassment
2023-08-18 14:24:00,17.785552,83.215725,Pedda Waltair,Chain Snatching
2023-12-06 12:15:00,17.846514,83.356403,Asilmetta,Theft
2023-02-19 16:56:00,17.846144,83.176652,KRM Colony,Harassment
2023-08-29 21:36:00,17.823421,83.193642,PM Palem,Chain Snatching
2023-02-08 02:43:00,17.726318,83.247542,KRM Colony,Theft
2023-03-07 17:42:00,17.698315,83.198041,KRM Colony,Assault
2023-04-20 02:50:00,17.68298,83.245223,Seethammadhara,Theft
2023-12-24 13:57:00,17.713517,83.17484,Gopalapatnam,Burglary
2023-08-24 06:22:00,17.804778,83.31857,PM Palem,Vandalism
2023-08-07 01:59:00,17.716438,83.243033,Kancharapalem,Assault
2023-12-04 20:14:00,17.756457,83.238149,Kancharapalem,Drunk Driving
2023-06-05 22:05:00,17.771794,83.259461,Kurmannapalem,Chain Snatching
2023-05-14 19:41:00,17.694798,83.328099,PM Palem,Assault
2023-02-26 16:32:00,17.815149,83.248609,Asilmetta,Assault
2023-11-05 16:11:00,17.774295,83.31182,Dwaraka Nagar,Assault
2023-12-15 22:30:00,17.730285,83.229542,Dwaraka Nagar,Theft
2023-09-02 10:22:00,17.745655,83.160975,Gopalapatnam,Harassment
2023-09-26 06:23:00,17.776746,83.280936,Asilmetta,Burglary
2023-08-20 10:05:00,17.749715,83.24446,Pedda Waltair,Chain Snatching
2023-10-04 20:59:00,17.758281,83.290425,PM Palem,Drunk Driving
2023-01-28 18:21:00,17.826394,83.221804,NAD Junction,Assault
2023-04-08 19:04:00,17.686296,83.264762,Gajuwaka,Theft
2023-10-16 01:56:00,17.757711,83.225393,Madhurawada,Burglary
2023-03-13 06:36:00,17.681927,83.324155,KRM Colony,Chain Snatching
2023-04-05 07:34:00,17.699631,83.237411,Jagadamba Junction,Chain Snatching
2023-04-05 12:39:00,17.818,83.163036,Jagadamba Junction,Chain Snatching
2023-09-13 15:06:00,17.726558,83.24604,Beach Road,Theft
2023-08-20 19:13:00,17.798646,83.228749,Jagadamba Junction,Assault
2023-06-15 21:08:00,17.839594,83.261922,Gajuwaka,Assault
2023-06-29 06:20:00,17.813628,83.18738,Gajuwaka,Harassment
2023-02-28 02:44:00,17.738266,83.350146,Jagadamba Junction,Harassment
2023-09-19 21:09:00,17.831597,83.327932,KRM Colony,Theft
2023-03-14 04:00:00,17.685611,83.220535,NAD Junction,Burglary
2023-08-18 11:17:00,17.831856,83.163709,Kancharapalem,Assault
2023-05-05 12:45:00,17.788789,83.274114,Beach Road,Assault
2023-01-09 16:03:00,17.723895,83.318483,Beach Road,Chain Snatching
2023-04-22 00:55:00,17.743472,83.233673,Pedda Waltair,Harassment
2023-05-07 22:59:00,17.841448,83.244485,NAD Junction,Chain Snatching
2023-09-11 03:03:00,17.776535,83.357783,Pedda Waltair,Harassment
2023-11-01 05:59:00,17.682666,83.229658,NAD Junction,Vandalism
2023-07-20 18:05:00,17.762136,83.224376,Gopalapatnam,Assault
2023-10-17 23:23:00,17.763417,83.271004,Asilmetta,Assault
2023-10-26 05:00:00,17.803475,83.32307,Gopalapatnam,Chain Snatching
2023-12-11 06:59:00,17.729016,83.273066,Seethammadhara,Harassment
2023-02-21 05:17:00,17.738038,83.206055,Asilmetta,Harassment
2023-07-15 16:15:00,17.685159,83.17012,NAD Junction,Vandalism
2023-06-19 10:24:00,17.757411,83.311895,Gajuwaka,Vandalism
2023-04-22 14:31:00,17.78382,83.338825,NAD Junction,Vandalism
2023-06-09 09:17:00,17.79501,83.218893,Seethammadhara,Assault
2023-10-09 06:35:00,17.700912,83.207033,Pedda Waltair,Theft
2023-03-04 23:47:00,17.734861,83.35931,Kancharapalem,Harassment
2023-11-28 11:16:00,17.798235,83.256032,Gopalapatnam,Theft
2023-10-09 20:59:00,17.701563,83.247679,PM Palem,Burglary
2023-03-29 09:54:00,17.786363,83.329688,Beach Road,Theft
2023-07-01 20:35:00,17.746867,83.343202,Madhurawada,Theft
2023-01-19 04:17:00,17.760794,83.272288,Kancharapalem,Theft
2023-08-29 09:08:00,17.726044,83.21235,Seethammadhara,Drunk Driving
2023-10-09 02:40:00,17.799961,83.19572,MVP Colony,Chain Snatching
2023-12-15 12:23:00,17.680261,83.202062,Jagadamba Junction,Assault
2023-11-18 22:16:00,17.735447,83.234072,Gajuwaka,Assault
2023-02-20 19:41:00,17.827,83.195921,PM Palem,Assault
2023-06-29 14:18:00,17.69405,83.313217,Gajuwaka,Harassment
2023-12-28 21:03:00,17.78037,83.31029,Seethammadhara,Assault
2023-01-27 16:40:00,17.795996,83.306518,Kurmannapalem,Theft
2023-05-31 06:54:00,17.72917,83.29099,MVP Colony,Drunk Driving
2023-06-12 04:24:00,17.725726,83.346266,Madhurawada,Harassment
2023-04-28 08:50:00,17.814136,83.164034,MVP Colony,Vandalism
2023-08-28 09:36:00,17.732282,83.166243,Beach Road,Theft
2023-02-05 04:03:00,17.8486,83.35952,Gopalapatnam,Drunk Driving
2023-01-06 15:13:00,17.710038,83.267067,Seethammadhara,Harassment
2023-03-24 05:07:00,17.811297,83.310839,Kancharapalem,Harassment
2023-07-30 12:04:00,17.686326,83.216054,Gajuwaka,Vandalism
2023-09-05 20:34:00,17.796039,83.212815,Gajuwaka,Theft
2023-10-09 13:35:00,17.769763,83.269902,Beach Road,Theft
2023-04-26 19:56:00,17.703923,83.274705,Kancharapalem,Harassment
2023-03-08 00:24:00,17.813265,83.251608,Asilmetta,Theft
2023-07-08 11:00:00,17.779019,83.211632,Jagadamba Junction,Assault
2023-02-08 05:45:00,17.745222,83.176376,Gopalapatnam,Theft
2023-08-31 21:32:00,17.813275,83.255558,Jagadamba Junction,Chain Snatching
2023-08-29 04:52:00,17.735539,83.257398,Kurmannapalem,Theft
2023-01-28 14:45:00,17.783814,83.315134,NAD Junction,Assault
2023-09-09 01:23:00,17.712952,83.314916,Gajuwaka,Harassment
2023-10-28 14:42:00,17.747282,83.167531,KRM Colony,Harassment
2023-06-07 09:44:00,17.836948,83.319344,Kancharapalem,Vandalism
2023-04-25 19:36:00,17.743049,83.294597,PM Palem,Vandalism
2023-01-26 16:56:00,17.783805,83.168305,Kancharapalem,Theft
2023-09-11 08:18:00,17.703045,83.288961,Kurmannapalem,Harassment
2023-05-22 11:09:00,17.739417,83.229224,KRM Colony,Harassment
2023-08-25 01:50:00,17.742987,83.232291,Beach Road,Theft
2023-01-24 04:13:00,17.708323,83.262265,Pedda Waltair,Theft
2023-07-07 22:20:00,17.78836,83.305588,MVP Colony,Chain Snatching
2023-02-25 12:43:00,17.823096,83.292998,Seethammadhara,Drunk Driving
2023-05-29 08:57:00,17.836405,83.312832,Gajuwaka,Harassment
2023-03-04 17:06:00,17.709289,83.210069,PM Palem,Theft
2023-08-27 10:54:00,17.757702,83.208325,NAD Junction,Harassment
2023-09-15 01:02:00,17.842486,83.308395,KRM Colony,Burglary
2023-08-08 23:30:00,17.68301,83.281485,Madhurawada,Burglary
2023-07-05 14:31:00,17.73951,83.300513,Madhurawada,Theft
2023-02-04 23:32:00,17.732471,83.287861,Seethammadhara,Theft
2023-08-18 03:15:00,17.788784,83.294241,Dwaraka Nagar,Burglary
2023-06-29 19:04:00,17.72859,83.349271,MVP Colony,Vandalism
2023-06-16 02:55:00,17.754828,83.188713,Jagadamba Junction,Assault
2023-05-02 05:41:00,17.823429,83.279357,KRM Colony,Harassment
2023-10-19 13:01:00,17.71176,83.237361,MVP Colony,Vandalism
2023-02-16 20:11:00,17.748181,83.263616,Pedda Waltair,Theft
2023-06-27 02:32:00,17.848251,83.325537,Kurmannapalem,Burglary
2023-09-16 07:30:00,17.804633,83.228516,Madhurawada,Harassment
2023-11-28 05:14:00,17.831709,83.300851,NAD Junction,Assault
2023-02-21 06:26:00,17.845144,83.23215,Gajuwaka,Harassment
2023-02-01 13:03:00,17.816642,83.200802,Kancharapalem,Burglary
2023-04-25 11:24:00,17.789526,83.32712,Seethammadhara,Theft
2023-08-07 05:34:00,17.722876,83.273683,Seethammadhara,Vandalism
2023-05-05 15:26:00,17.757738,83.167972,Beach Road,Assault
2023-08-05 16:26:00,17.756154,83.213765,Jagadamba Junction,Assault
2023-09-21 01:33:00,17.785304,83.238235,Gajuwaka,Assault
2023-04-09 10:53:00,17.737368,83.201446,Asilmetta,Theft
2023-07-18 08:45:00,17.787899,83.323873,Kurmannapalem,Drunk Driving
2023-09-03 08:38:00,17.820682,83.358927,Kurmannapalem,Theft
2023-07-13 09:20:00,17.786812,83.190224,Jagadamba Junction,Theft
2023-06-02 14:48:00,17.738375,83.264859,NAD Junction,Drunk Driving
2023-04-14 13:43:00,17.758086,83.240309,Madhurawada,Theft
2023-04-18 08:33:00,17.720073,83.282948,Seethammadhara,Assault
2023-11-09 23:26:00,17.757493,83.198857,NAD Junction,Drunk Driving
2023-10-23 15:01:00,17.731196,83.168709,Gopalapatnam,Burglary
2023-09-25 08:54:00,17.684446,83.202239,Jagadamba Junction,Burglary
2023-08-24 12:45:00,17.838956,83.237224,Gopalapatnam,Vandalism
2023-02-14 05:21:00,17.711413,83.358762,PM Palem,Theft
2023-10-15 16:03:00,17.803411,83.188186,Gopalapatnam,Theft
2023-02-12 08:02:00,17.718529,83.231027,Jagadamba Junction,Drunk Driving
2023-11-14 03:27:00,17.777305,83.210605,Kurmannapalem,Harassment
2023-07-10 21:27:00,17.798743,83.249368,Gopalapatnam,Harassment
2023-04-16 16:59:00,17.825931,83.278388,Jagadamba Junction,Vandalism
2023-06-23 05:28:00,17.825626,83.318357,NAD Junction,Vandalism
2023-04-27 22:53:00,17.681732,83.256576,KRM Colony,Vandalism
2023-08-01 11:44:00,17.830115,83.236162,Asilmetta,Vandalism
2023-03-24 02:04:00,17.815352,83.177563,Pedda Waltair,Theft
2023-12-19 04:54:00,17.754492,83.359023,NAD Junction,Harassment
2023-07-30 10:10:00,17.717123,83.336644,Seethammadhara,Assault
2023-10-19 04:29:00,17.7241,83.303365,Gopalapatnam,Harassment
2023-08-07 06:01:00,17.848765,83.25084,Kurmannapalem,Drunk Driving
2023-04-11 11:07:00,17.711126,83.253702,Kancharapalem,Drunk Driving
2023-03-01 02:44:00,17.816531,83.330324,Gajuwaka,Theft
2023-05-14 08:02:00,17.724735,83.318798,Kurmannapalem,Harassment
2023-09-08 04:33:00,17.840087,83.240752,Jagadamba Junction,Assault
2023-11-21 08:30:00,17.718198,83.250563,Asilmetta,Harassment
2023-02-23 04:04:00,17.715977,83.307076,NAD Junction,Chain Snatching
2023-06-27 01:30:00,17.700974,83.320719,Kancharapalem,Vandalism
2023-06-18 23:39:00,17.759545,83.177379,Gajuwaka,Chain Snatching
2023-10-07 11:14:00,17.845559,83.290226,Gopalapatnam,Burglary
2023-01-18 21:10:00,17.831601,83.328789,Seethammadhara,Harassment
2023-11-07 05:42:00,17.753244,83.297194,KRM Colony,Harassment
2023-10-27 16:41:00,17.791831,83.235228,Kancharapalem,Burglary
2023-09-29 06:29:00,17.756737,83.349968,Seethammadhara,Drunk Driving
2023-05-30 14:33:00,17.748249,83.322103,Madhurawada,Burglary
2023-09-14 23:53:00,17.843435,83.275823,Beach Road,Burglary
2023-07-27 12:18:00,17.727435,83.282786,Gajuwaka,Assault
2023-04-16 18:27:00,17.769652,83.321161,MVP Colony,Theft
2023-05-11 21:58:00,17.841999,83.330669,Gopalapatnam,Theft
2023-08-22 21:53:00,17.768378,83.282981,Jagadamba Junction,Harassment
2023-12-09 22:43:00,17.753301,83.234032,MVP Colony,Vandalism
2023-02-18 03:41:00,17.779648,83.335557,Jagadamba Junction,Harassment
2023-02-06 02:03:00,17.846574,83.227869,KRM Colony,Theft
2023-12-27 09:23:00,17.763593,83.296008,NAD Junction,Burglary
2023-05-03 23:08:00,17.818221,83.247379,Madhurawada,Assault
2023-05-18 19:28:00,17.841491,83.173689,PM Palem,Burglary
2023-11-04 20:20:00,17.689694,83.163672,MVP Colony,Drunk Driving
2023-01-01 20:36:00,17.840008,83.260184,KRM Colony,Chain Snatching
2023-06-25 17:18:00,17.782823,83.257657,Seethammadhara,Vandalism
2023-04-21 04:27:00,17.774433,83.187846,Jagadamba Junction,Harassment
2023-04-02 02:31:00,17.763486,83.300455,Pedda Waltair,Theft
2023-09-10 05:56:00,17.712295,83.268531,MVP Colony,Harassment
2023-12-22 07:21:00,17.843656,83.300978,Gajuwaka,Theft
2023-06-23 23:59:00,17.824255,83.160655,Gopalapatnam,Harassment
2023-04-03 00:07:00,17.836744,83.261899,Kurmannapalem,Harassment
2023-09-25 16:22:00,17.823913,83.321131,PM Palem,Drunk Driving
2023-08-19 07:00:00,17.712917,83.217022,KRM Colony,Chain Snatching
2023-07-18 10:28:00,17.72271,83.22219,Beach Road,Vandalism
2023-04-18 07:28:00,17.688458,83.270584,Gajuwaka,Drunk Driving
2023-12-25 16:05:00,17.841973,83.20273,NAD Junction,Vandalism
2023-11-29 05:55:00,17.842093,83.226211,Kurmannapalem,Vandalism
2023-05-24 06:29:00,17.833159,83.175288,Kurmannapalem,Drunk Driving
2023-08-24 18:17:00,17.803542,83.341285,Madhurawada,Theft
2023-12-08 13:50:00,17.81913,83.236248,Gajuwaka,Harassment
2023-10-28 05:27:00,17.785996,83.345935,Gopalapatnam,Harassment
2023-09-19 22:03:00,17.683341,83.271992,PM Palem,Assault
2023-04-17 01:02:00,17.790201,83.342526,Dwaraka Nagar,Vandalism
2023-06-11 11:43:00,17.818012,83.329843,Pedda Waltair,Vandalism
2023-03-12 14:15:00,17.738922,83.332189,PM Palem,Harassment
2023-06-05 16:24:00,17.84006,83.293617,KRM Colony,Drunk Driving
2023-03-27 06:12:00,17.801356,83.240102,Madhurawada,Burglary
2023-07-15 04:50:00,17.785804,83.205876,Madhurawada,Theft
2023-11-06 09:52:00,17.832523,83.351922,Gajuwaka,Vandalism
2023-11-21 12:12:00,17.827613,83.246201,Kurmannapalem,Drunk Driving
2023-08-10 08:44:00,17.821722,83.317752,Asilmetta,Harassment
2023-05-24 01:42:00,17.770898,83.336386,Gopalapatnam,Drunk Driving
2023-08-29 16:58:00,17.81361,83.279905,Pedda Waltair,Harassment
2023-08-20 07:57:00,17.827246,83.205982,Kancharapalem,Theft
2023-02-04 14:43:00,17.751787,83.331721,KRM Colony,Theft
2023-04-12 01:03:00,17.790455,83.260954,Kancharapalem,Assault
2023-04-15 15:07:00,17.7789,83.351751,Beach Road,Theft
2023-08-19 11:03:00,17.767921,83.180649,Jagadamba Junction,Harassment
2023-11-21 18:55:00,17.813051,83.163178,Kancharapalem,Burglary
2023-07-13 00:35:00,17.717979,83.211146,Kancharapalem,Chain Snatching
2023-11-24 19:18:00,17.826603,83.197782,Beach Road,Vandalism
2023-12-03 00:32:00,17.680712,83.212558,Seethammadhara,Drunk Driving
2023-05-04 16:06:00,17.79198,83.315587,Gopalapatnam,Drunk Driving
2023-09-22 22:07:00,17.691118,83.167677,Madhurawada,Drunk Driving
2023-05-11 09:21:00,17.69123,83.193546,Gopalapatnam,Theft
2023-12-22 12:08:00,17.716282,83.320252,Madhurawada,Harassment
2023-12-05 20:17:00,17.765402,83.319677,Madhurawada,Drunk Driving
2023-04-01 00:20:00,17.808076,83.216242,Gopalapatnam,Theft
2023-11-11 04:22:00,17.766044,83.257984,Seethammadhara,Assault
2023-12-26 19:25:00,17.686717,83.207761,Kurmannapalem,Burglary
2023-09-05 21:32:00,17.724696,83.192666,Gopalapatnam,Theft
2023-07-12 01:40:00,17.846502,83.351144,MVP Colony,Vandalism
2023-09-28 11:19:00,17.687218,83.296619,Jagadamba Junction,Assault
2023-03-22 02:27:00,17.775447,83.167036,Gopalapatnam,Theft
2023-11-19 04:20:00,17.817835,83.300467,MVP Colony,Vandalism
2023-04-16 02:57:00,17.680813,83.206637,Kurmannapalem,Assault
2023-01-11 07:33:00,17.703487,83.326856,Madhurawada,Drunk Driving
2023-12-13 15:13:00,17.701565,83.322419,Dwaraka Nagar,Assault
2023-01-23 03:44:00,17.820829,83.322938,Pedda Waltair,Assault
2023-04-22 11:34:00,17.693768,83.176734,Kurmannapalem,Drunk Driving
2023-12-26 07:17:00,17.795791,83.255584,Madhurawada,Burglary
2023-04-09 16:25:00,17.745123,83.269093,Beach Road,Assault
2023-11-09 23:55:00,17.84321,83.292744,Beach Road,Theft
2023-05-11 04:01:00,17.723347,83.304879,Kurmannapalem,Harassment
2023-07-17 05:32:00,17.68516,83.196038,Madhurawada,Harassment
2023-02-03 23:58:00,17.760782,83.232323,Gajuwaka,Drunk Driving
2023-10-08 07:08:00,17.683322,83.245035,Asilmetta,Burglary
2023-11-19 05:29:00,17.718778,83.351545,KRM Colony,Theft
2023-03-14 01:56:00,17.836051,83.171278,Jagadamba Junction,Chain Snatching
2023-01-05 13:57:00,17.849987,83.251408,Kancharapalem,Assault
2023-03-27 23:06:00,17.824419,83.330251,Pedda Waltair,Assault
2023-02-06 20:22:00,17.697101,83.203351,Kurmannapalem,Theft
2023-06-03 15:25:00,17.831829,83.178541,Jagadamba Junction,Theft
2023-07-23 03:27:00,17.7952,83.348801,Madhurawada,Vandalism
2023-03-23 11:42:00,17.734712,83.215595,Seethammadhara,Theft
2023-09-14 08:49:00,17.702047,83.27762,MVP Colony,Drunk Driving
2023-03-02 11:57:00,17.787957,83.323748,Seethammadhara,Theft
2023-03-02 16:38:00,17.836822,83.266705,Kurmannapalem,Harassment
2023-07-07 19:02:00,17.753727,83.163724,KRM Colony,Theft
2023-03-13 20:04:00,17.732066,83.326736,PM Palem,Assault
2023-03-02 17:49:00,17.735199,83.241253,MVP Colony,Harassment
2023-06-10 14:29:00,17.846808,83.269323,Jagadamba Junction,Drunk Driving
2023-12-02 19:44:00,17.68395,83.327389,Kancharapalem,Assault
2023-11-08 17:46:00,17.695512,83.287737,Kurmannapalem,Assault
2023-03-02 09:54:00,17.839895,83.163233,PM Palem,Drunk Driving
2023-01-07 16:10:00,17.839684,83.198145,Gajuwaka,Theft
2023-12-18 02:02:00,17.721015,83.245914,KRM Colony,Theft
2023-11-18 15:31:00,17.684583,83.205222,Gajuwaka,Theft
2023-07-09 18:08:00,17.775607,83.218871,NAD Junction,Theft
2023-11-13 22:29:00,17.755073,83.161197,KRM Colony,Harassment
2023-01-24 13:08:00,17.794516,83.249233,Madhurawada,Assault
2023-01-18 14:45:00,17.75743,83.311894,Madhurawada,Assault
2023-01-12 15:12:00,17.753193,83.305978,PM Palem,Harassment
2023-11-21 04:29:00,17.844582,83.251224,Gopalapatnam,Harassment
2023-12-29 03:10:00,17.774939,83.245834,Pedda Waltair,Vandalism
2023-09-30 00:48:00,17.684824,83.219906,PM Palem,Theft
2023-07-18 10:26:00,17.688218,83.275127,Kurmannapalem,Theft
2023-04-30 09:37:00,17.727685,83.327059,MVP Colony,Drunk Driving
2023-01-19 06:02:00,17.781441,83.295977,Pedda Waltair,Drunk Driving
2023-04-04 23:41:00,17.778373,83.315056,Asilmetta,Theft
2023-11-28 05:26:00,17.830121,83.287838,Pedda Waltair,Theft
2023-12-06 00:02:00,17.709007,83.191512,Jagadamba Junction,Theft
2023-10-30 20:41:00,17.737727,83.315918,Dwaraka Nagar,Burglary
2023-09-19 21:47:00,17.683067,83.2349,Kurmannapalem,Harassment
2023-03-25 02:03:00,17.765231,83.172838,KRM Colony,Drunk Driving
2023-11-03 22:28:00,17.710061,83.196738,Beach Road,Theft
2023-05-11 22:13:00,17.716149,83.258255,Kurmannapalem,Drunk Driving
2023-08-03 03:13:00,17.799447,83.164194,PM Palem,Harassment
2023-04-17 12:29:00,17.837568,83.261555,Gopalapatnam,Theft
2023-10-29 07:12:00,17.804741,83.326079,Asilmetta,Theft
2023-02-21 21:00:00,17.762303,83.325062,KRM Colony,Chain Snatching
2023-01-15 01:03:00,17.703464,83.207503,Asilmetta,Harassment
2023-02-20 19:07:00,17.725836,83.27779,Dwaraka Nagar,Theft
2023-02-28 07:02:00,17.827311,83.326781,Gopalapatnam,Vandalism
2023-05-16 22:58:00,17.835,83.352314,Jagadamba Junction,Harassment
2023-11-06 18:06:00,17.778555,83.263,Gopalapatnam,Chain Snatching
2023-07-12 12:51:00,17.774122,83.330096,Kurmannapalem,Vandalism
2023-02-03 10:21:00,17.7377,83.25536,Jagadamba Junction,Vandalism
2023-08-13 02:27:00,17.763711,83.267532,Pedda Waltair,Theft
2023-06-26 09:00:00,17.759657,83.230363,Kancharapalem,Drunk Driving
2023-06-10 18:41:00,17.725686,83.312422,Beach Road,Theft
2023-06-10 13:31:00,17.690869,83.22679,Asilmetta,Theft
2023-08-20 14:37:00,17.780912,83.209479,KRM Colony,Chain Snatching
2023-03-27 02:43:00,17.760565,83.30559,Madhurawada,Theft
2023-07-20 07:10:00,17.731956,83.294929,Gopalapatnam,Assault
2023-11-24 14:40:00,17.77025,83.257346,NAD Junction,Harassment
2023-12-12 13:46:00,17.698713,83.208619,Kancharapalem,Theft
2023-12-15 13:39:00,17.703183,83.288415,PM Palem,Drunk Driving
2023-06-16 04:17:00,17.689917,83.283119,MVP Colony,Vandalism
2023-08-11 17:15:00,17.77554,83.295567,Asilmetta,Theft
2023-05-09 07:09:00,17.767281,83.286172,Madhurawada,Burglary
2023-06-12 07:30:00,17.682422,83.212227,KRM Colony,Drunk Driving
2023-06-13 18:46:00,17.725435,83.348981,Madhurawada,Harassment
2023-02-23 20:10:00,17.736942,83.168938,NAD Junction,Burglary
2023-03-21 09:56:00,17.76157,83.359201,Asilmetta,Theft
2023-03-27 20:27:00,17.775529,83.357678,PM Palem,Vandalism
2023-11-27 12:14:00,17.810141,83.275509,MVP Colony,Chain Snatching
2023-03-18 13:58:00,17.819867,83.253997,Kurmannapalem,Vandalism
2023-02-07 13:46:00,17.733544,83.251771,Kurmannapalem,Harassment
2023-08-31 13:28:00,17.73877,83.214804,Dwaraka Nagar,Drunk Driving
2023-02-16 22:30:00,17.776935,83.192702,Gajuwaka,Harassment
2023-05-01 02:55:00,17.842159,83.348794,Kurmannapalem,Burglary
2023-07-08 04:21:00,17.719008,83.249517,PM Palem,Chain Snatching
2023-11-06 21:20:00,17.839389,83.336448,Kancharapalem,Drunk Driving
2023-02-27 10:10:00,17.730465,83.170163,MVP Colony,Drunk Driving
2023-04-01 10:48:00,17.832645,83.224168,Dwaraka Nagar,Assault
2023-09-23 19:09:00,17.792527,83.194835,Gajuwaka,Theft
2023-08-16 22:38:00,17.802503,83.231869,MVP Colony,Harassment
2023-10-19 07:32:00,17.780189,83.260145,KRM Colony,Vandalism
2023-03-18 10:07:00,17.715661,83.346693,Gajuwaka,Theft
2023-10-20 16:11:00,17.794748,83.19435,KRM Colony,Theft
2023-02-08 07:50:00,17.708442,83.274194,Pedda Waltair,Theft
2023-07-25 14:19:00,17.804709,83.274355,Gopalapatnam,Theft
2023-08-01 09:13:00,17.752461,83.247159,Kancharapalem,Drunk Driving
2023-04-17 00:49:00,17.68117,83.183441,Jagadamba Junction,Harassment
2023-04-09 04:59:00,17.765499,83.167824,Asilmetta,Harassment
2023-08-11 01:49:00,17.806629,83.173602,Jagadamba Junction,Theft
2023-06-19 20:54:00,17.714982,83.267147,KRM Colony,Theft
2023-04-23 14:37:00,17.754618,83.282907,Kurmannapalem,Theft
2023-08-30 01:42:00,17.842998,83.211404,KRM Colony,Assault
2023-03-04 03:55:00,17.738718,83.210675,Jagadamba Junction,Drunk Driving
2023-09-02 18:14:00,17.768156,83.191475,Kurmannapalem,Chain Snatching
2023-02-28 00:18:00,17.798128,83.17181,Jagadamba Junction,Assault
2023-05-24 03:27:00,17.805206,83.173665,PM Palem,Theft
2023-12-24 17:31:00,17.786091,83.175581,PM Palem,Harassment
2023-04-17 00:42:00,17.825094,83.254097,Kurmannapalem,Drunk Driving
2023-01-11 03:11:00,17.814777,83.28165,KRM Colony,Harassment
2023-10-22 03:09:00,17.805828,83.186078,Seethammadhara,Harassment
2023-09-24 23:26:00,17.81997,83.301574,Pedda Waltair,Chain Snatching
2023-01-15 00:46:00,17.716696,83.320221,Gajuwaka,Burglary
2023-08-26 20:49:00,17.704834,83.33015,Kancharapalem,Burglary
2023-06-08 20:54:00,17.785345,83.20678,Pedda Waltair,Assault
2023-09-29 17:30:00,17.753475,83.176833,Gajuwaka,Drunk Driving
2023-05-21 04:57:00,17.765612,83.304129,Gopalapatnam,Assault
2023-09-11 00:19:00,17.768974,83.320347,Dwaraka Nagar,Assault
2023-08-25 07:03:00,17.806168,83.331188,Seethammadhara,Assault
2023-12-08 07:55:00,17.834086,83.314303,Gajuwaka,Assault
2023-08-13 00:38:00,17.793926,83.262761,Gajuwaka,Theft
2023-06-21 11:15:00,17.703272,83.332299,KRM Colony,Assault
2023-01-14 06:40:00,17.773124,83.280606,PM Palem,Harassment
2023-10-17 20:13:00,17.800997,83.219738,Madhurawada,Vandalism
2023-02-01 12:33:00,17.76905,83.307591,Madhurawada,Drunk Driving
2023-05-09 23:49:00,17.833266,83.163888,NAD Junction,Harassment
2023-04-10 22:52:00,17.835838,83.180499,Dwaraka Nagar,Harassment
2023-05-01 23:42:00,17.701453,83.258114,Seethammadhara,Drunk Driving
2023-07-06 04:42:00,17.829284,83.309575,Beach Road,Theft
2023-09-01 21:50:00,17.778157,83.26172,KRM Colony,Theft
2023-04-25 11:06:00,17.707383,83.284626,Gopalapatnam,Harassment
2023-04-18 19:21:00,17.71954,83.330725,Beach Road,Harassment
2023-01-18 06:34:00,17.778068,83.279422,Gajuwaka,Chain Snatching
2023-07-22 22:09:00,17.763195,83.296617,Kurmannapalem,Assault
2023-10-16 10:09:00,17.689706,83.179826,Asilmetta,Assault
2023-10-15 06:39:00,17.721259,83.231777,Seethammadhara,Theft
2023-12-28 23:07:00,17.798985,83.300645,Gajuwaka,Harassment
2023-04-20 05:26:00,17.707669,83.208053,MVP Colony,Burglary
2023-06-22 18:23:00,17.809786,83.17559,Seethammadhara,Theft
2023-02-27 10:41:00,17.708288,83.170534,Dwaraka Nagar,Drunk Driving
2023-07-12 23:21:00,17.723524,83.209183,Gopalapatnam,Theft
2023-05-17 01:37:00,17.832168,83.268881,Gajuwaka,Assault
2023-01-22 13:09:00,17.843956,83.16772,Kurmannapalem,Drunk Driving
2023-02-26 20:29:00,17.826892,83.268821,Kancharapalem,Vandalism
2023-03-15 02:17:00,17.84744,83.174697,Pedda Waltair,Burglary
2023-07-20 11:22:00,17.808816,83.171352,Madhurawada,Vandalism
2023-10-09 01:12:00,17.736322,83.269604,Pedda Waltair,Harassment
2023-12-11 22:28:00,17.804999,83.202638,MVP Colony,Theft
2023-11-07 14:48:00,17.700379,83.299019,Pedda Waltair,Vandalism
2023-08-18 14:49:00,17.796931,83.234286,Asilmetta,Theft
2023-05-05 15:06:00,17.72103,83.228675,Beach Road,Theft
2023-08-14 19:56:00,17.808724,83.161492,KRM Colony,Theft
2023-07-12 08:55:00,17.767882,83.237713,PM Palem,Theft
2023-03-19 03:53:00,17.807851,83.209751,KRM Colony,Theft
2023-07-09 15:20:00,17.771182,83.175232,Seethammadhara,Assault
2023-08-20 21:47:00,17.796874,83.254839,Dwaraka Nagar,Theft
2023-09-12 14:24:00,17.833363,83.34306,Kurmannapalem,Vandalism
2023-06-10 04:37:00,17.710244,83.320376,Jagadamba Junction,Burglary
2023-04-13 07:21:00,17.750055,83.161908,Seethammadhara,Harassment
2023-01-19 15:33:00,17.713968,83.297099,Asilmetta,Chain Snatching
2023-10-13 00:46:00,17.785091,83.342168,Madhurawada,Harassment
2023-10-19 04:27:00,17.843778,83.224045,Dwaraka Nagar,Harassment
2023-08-03 07:52:00,17.842944,83.256946,Madhurawada,Drunk Driving
2023-08-29 07:56:00,17.77712,83.186451,Jagadamba Junction,Theft
2023-12-05 14:41:00,17.697035,83.356139,Dwaraka Nagar,Theft
2023-08-02 00:37:00,17.777048,83.301183,Dwaraka Nagar,Theft
2023-06-27 22:08:00,17.819953,83.33397,Seethammadhara,Harassment
2023-08-24 23:10:00,17.843534,83.282671,NAD Junction,Vandalism
2023-11-13 12:20:00,17.75066,83.284535,Kurmannapalem,Assault
2023-11-20 00:27:00,17.753256,83.210846,Beach Road,Chain Snatching
2023-12-29 15:34:00,17.701928,83.333574,Seethammadhara,Harassment
2023-01-29 06:14:00,17.704564,83.315792,Asilmetta,Theft
2023-02-15 22:16:00,17.807162,83.239103,PM Palem,Harassment
2023-12-24 11:13:00,17.84605,83.326304,Beach Road,Theft
2023-05-20 07:18:00,17.703766,83.315117,Pedda Waltair,Theft
2023-12-08 11:11:00,17.795187,83.203156,PM Palem,Assault
2023-03-10 21:19:00,17.774517,83.277857,Seethammadhara,Harassment
2023-05-25 16:22:00,17.834867,83.203715,PM Palem,Drunk Driving
2023-09-14 15:47:00,17.694048,83.355392,Gajuwaka,Vandalism
2023-10-13 22:31:00,17.714092,83.231692,Pedda Waltair,Harassment
2023-11-18 08:38:00,17.726162,83.340116,Pedda Waltair,Harassment
2023-11-16 08:10:00,17.812619,83.314658,Gopalapatnam,Theft
2023-07-29 20:35:00,17.715302,83.317502,KRM Colony,Theft
2023-11-09 11:43:00,17.739317,83.288246,Gajuwaka,Drunk Driving
2023-02-15 03:25:00,17.690422,83.345283,MVP Colony,Drunk Driving
2023-11-13 08:05:00,17.769739,83.256531,Asilmetta,Chain Snatching
2023-11-01 18:09:00,17.731613,83.209992,Pedda Waltair,Vandalism
2023-03-18 20:09:00,17.68966,83.273447,Gopalapatnam,Vandalism
2023-05-09 11:03:00,17.833911,83.328027,Gopalapatnam,Assault
2023-02-20 19:24:00,17.838567,83.344601,Asilmetta,Chain Snatching
2023-04-04 07:53:00,17.693259,83.311902,Pedda Waltair,Harassment
2023-04-05 22:04:00,17.686011,83.258125,MVP Colony,Vandalism
2023-04-10 13:16:00,17.813904,83.189507,Dwaraka Nagar,Theft
2023-05-20 14:12:00,17.702578,83.202923,Kurmannapalem,Vandalism
2023-08-16 15:42:00,17.76891,83.29738,Kancharapalem,Harassment
2023-04-19 14:37:00,17.817885,83.161592,Kurmannapalem,Theft
2023-04-24 10:00:00,17.777141,83.241731,Pedda Waltair,Assault
2023-06-03 10:40:00,17.691922,83.304765,Kurmannapalem,Harassment
2023-05-30 14:40:00,17.751153,83.311613,Kancharapalem,Assault
2023-08-11 06:23:00,17.817851,83.182994,KRM Colony,Burglary
2023-05-08 20:28:00,17.727101,83.321681,Madhurawada,Burglary
2023-09-18 19:18:00,17.741966,83.167195,Madhurawada,Chain Snatching
2023-04-24 13:15:00,17.84585,83.34586,Kancharapalem,Burglary
2023-09-13 13:48:00,17.734476,83.227089,MVP Colony,Chain Snatching
2023-05-07 03:39:00,17.728947,83.235784,Gopalapatnam,Burglary
2023-12-25 05:31:00,17.733505,83.23628,PM Palem,Assault
2023-02-11 02:10:00,17.730247,83.313291,Asilmetta,Burglary
2023-05-18 14:16:00,17.760449,83.333715,Madhurawada,Harassment
2023-10-20 09:30:00,17.797228,83.306163,Beach Road,Theft
2023-12-30 17:29:00,17.748087,83.357029,Kancharapalem,Vandalism
2023-08-27 23:05:00,17.824455,83.340135,NAD Junction,Theft
2023-10-01 23:06:00,17.689008,83.20091,Kurmannapalem,Vandalism
2023-01-05 00:24:00,17.812528,83.221676,MVP Colony,Burglary
2023-03-24 00:56:00,17.796801,83.293662,Jagadamba Junction,Assault
2023-03-21 11:19:00,17.753954,83.242247,Kancharapalem,Vandalism
2023-09-29 01:17:00,17.700178,83.204224,Asilmetta,Theft
2023-09-27 15:55:00,17.801015,83.213959,Pedda Waltair,Theft
2023-04-13 05:42:00,17.741725,83.184295,Seethammadhara,Vandalism
2023-09-12 10:16:00,17.723445,83.345408,Kurmannapalem,Theft
2023-06-30 08:36:00,17.692542,83.237391,Gopalapatnam,Assault
2023-12-29 20:10:00,17.717959,83.172517,Jagadamba Junction,Harassment
2023-05-06 01:32:00,17.732859,83.256124,Jagadamba Junction,Vandalism
2023-11-21 12:45:00,17.712542,83.31611,NAD Junction,Drunk Driving
2023-05-17 08:18:00,17.809699,83.254004,Gajuwaka,Chain Snatching
2023-04-23 22:02:00,17.740034,83.302191,MVP Colony,Burglary
2023-09-12 20:56:00,17.784305,83.292356,Madhurawada,Theft
2023-04-18 13:26:00,17.834737,83.346486,Jagadamba Junction,Theft
2023-02-06 03:58:00,17.780952,83.308153,Gajuwaka,Theft
2023-04-28 23:45:00,17.781283,83.232627,MVP Colony,Vandalism
2023-07-10 07:38:00,17.749815,83.324883,Kurmannapalem,Theft
2023-10-14 11:30:00,17.783892,83.222705,KRM Colony,Vandalism
2023-09-21 10:02:00,17.839761,83.35571,Pedda Waltair,Drunk Driving
2023-03-30 11:17:00,17.715625,83.343102,Madhurawada,Drunk Driving
2023-05-09 22:51:00,17.702125,83.249932,Kancharapalem,Assault
2023-07-25 06:38:00,17.796302,83.327101,Gajuwaka,Vandalism
2023-03-23 03:39:00,17.803289,83.279532,Gajuwaka,Theft
2023-03-14 00:07:00,17.681464,83.2705,Jagadamba Junction,Assault
2023-02-16 15:00:00,17.762541,83.256233,Kurmannapalem,Vandalism
2023-07-24 07:39:00,17.75785,83.270531,Jagadamba Junction,Theft
2023-01-22 20:00:00,17.732065,83.281506,Asilmetta,Harassment
2023-07-10 23:32:00,17.717028,83.217711,Beach Road,Theft
2023-04-01 23:11:00,17.710071,83.192759,Jagadamba Junction,Harassment
2023-05-19 05:25:00,17.788051,83.349839,Beach Road,Harassment
2023-12-27 18:54:00,17.838188,83.239578,Gajuwaka,Chain Snatching
2023-05-16 16:27:00,17.809231,83.199652,Seethammadhara,Burglary
2023-08-10 00:59:00,17.836287,83.240797,Gajuwaka,Assault
2023-11-24 02:50:00,17.79016,83.341944,Seethammadhara,Harassment
2023-09-01 22:52:00,17.847305,83.293456,KRM Colony,Burglary
2023-11-01 05:23:00,17.738699,83.201704,Kancharapalem,Burglary
2023-02-17 10:04:00,17.811368,83.282606,Asilmetta,Burglary
2023-12-20 04:09:00,17.733333,83.276471,Kurmannapalem,Assault
2023-07-06 02:14:00,17.699408,83.26067,Dwaraka Nagar,Harassment
2023-08-03 06:37:00,17.813072,83.271544,MVP Colony,Chain Snatching
2023-04-23 14:13:00,17.816299,83.16232,Seethammadhara,Harassment
2023-10-11 07:09:00,17.732402,83.203045,NAD Junction,Burglary
2023-04-15 07:31:00,17.73382,83.288927,NAD Junction,Theft
2023-11-03 08:38:00,17.72448,83.192124,Kurmannapalem,Theft
2023-06-27 21:08:00,17.809316,83.164621,NAD Junction,Harassment
2023-05-02 02:14:00,17.755299,83.262371,Kancharapalem,Assault
2023-10-07 16:01:00,17.74803,83.216539,Kancharapalem,Theft
2023-05-13 03:56:00,17.700886,83.330086,Dwaraka Nagar,Vandalism
2023-06-12 23:53:00,17.784758,83.348873,Pedda Waltair,Assault
2023-11-08 01:39:00,17.778766,83.315326,Dwaraka Nagar,Burglary
2023-04-08 07:35:00,17.752382,83.24573,Seethammadhara,Assault
2023-03-10 09:23:00,17.84774,83.194692,Madhurawada,Harassment
2023-12-31 14:02:00,17.825804,83.291679,Dwaraka Nagar,Assault
2023-04-17 10:25:00,17.770412,83.317188,Asilmetta,Theft
2023-01-26 08:40:00,17.74643,83.312901,Madhurawada,Vandalism
2023-12-15 03:29:00,17.83733,83.250711,Seethammadhara,Harassment
2023-10-20 09:43:00,17.846394,83.351642,Beach Road,Drunk Driving
2023-08-20 13:12:00,17.714308,83.224188,Kancharapalem,Harassment
2023-12-14 13:34:00,17.743804,83.321695,Kancharapalem,Harassment
2023-01-23 06:34:00,17.841483,83.328571,Dwaraka Nagar,Assault
2023-04-29 08:08:00,17.768114,83.251106,PM Palem,Vandalism
2023-09-30 04:18:00,17.773682,83.308258,Gopalapatnam,Theft
2023-08-27 19:44:00,17.724752,83.304767,Dwaraka Nagar,Burglary
2023-04-26 12:42:00,17.688515,83.221391,Kurmannapalem,Assault
2023-02-15 17:47:00,17.771764,83.268916,Madhurawada,Theft
2023-11-05 05:18:00,17.709346,83.176455,Seethammadhara,Theft
2023-06-06 16:35:00,17.716964,83.329905,Jagadamba Junction,Assault
2023-06-17 12:20:00,17.758842,83.210768,Gopalapatnam,Theft
2023-10-29 20:56:00,17.689472,83.295159,Gopalapatnam,Harassment
2023-10-22 16:59:00,17.684711,83.231669,MVP Colony,Theft
2023-06-21 19:15:00,17.706769,83.215687,KRM Colony,Burglary
2023-10-24 16:49:00,17.761304,83.211627,Beach Road,Theft
2023-10-20 18:08:00,17.82896,83.226496,Pedda Waltair,Burglary
2023-05-12 11:31:00,17.77565,83.281478,Gajuwaka,Theft
2023-10-20 03:14:00,17.839219,83.19713,Gopalapatnam,Chain Snatching
2023-11-14 05:59:00,17.83575,83.252001,Gajuwaka,Chain Snatching
2023-10-25 04:19:00,17.788087,83.277809,Seethammadhara,Theft
2023-11-04 08:54:00,17.701277,83.217007,Jagadamba Junction,Assault
2023-10-23 22:19:00,17.811853,83.306756,MVP Colony,Harassment
2023-04-17 08:26:00,17.749068,83.184939,Kurmannapalem,Vandalism
2023-09-18 21:17:00,17.746137,83.177134,Pedda Waltair,Harassment
2023-01-13 11:21:00,17.79423,83.199279,KRM Colony,Vandalism
2023-10-04 23:25:00,17.691681,83.337807,Dwaraka Nagar,Theft
2023-04-26 10:21:00,17.697928,83.231803,Madhurawada,Chain Snatching
2023-07-27 00:39:00,17.827877,83.21274,Kurmannapalem,Theft
2023-02-10 10:53:00,17.742863,83.281543,Madhurawada,Harassment
2023-05-02 04:46:00,17.715837,83.340476,Asilmetta,Theft
2023-05-22 03:29:00,17.707545,83.165564,Jagadamba Junction,Assault
2023-10-04 02:51:00,17.792447,83.264293,Kurmannapalem,Theft
2023-07-10 16:55:00,17.795902,83.277469,NAD Junction,Burglary
2023-11-03 11:58:00,17.83587,83.327901,Dwaraka Nagar,Burglary
2023-02-16 03:35:00,17.683517,83.352703,Seethammadhara,Chain Snatching
2023-01-18 07:11:00,17.832483,83.181035,Beach Road,Drunk Driving
2023-11-20 00:20:00,17.779766,83.185653,Kurmannapalem,Assault
2023-03-13 11:24:00,17.714933,83.262556,KRM Colony,Burglary
2023-02-12 00:14:00,17.830157,83.257362,Asilmetta,Drunk Driving
2023-05-09 01:39:00,17.814998,83.294695,KRM Colony,Theft
2023-09-24 11:05:00,17.72183,83.3267,NAD Junction,Theft
2023-07-17 19:51:00,17.705101,83.34622,MVP Colony,Burglary
2023-12-30 10:57:00,17.805324,83.208069,Gopalapatnam,Harassment
2023-01-11 18:34:00,17.846052,83.273983,Gajuwaka,Assault
2023-11-23 02:13:00,17.724992,83.244433,KRM Colony,Chain Snatching
2023-01-13 18:10:00,17.681922,83.177494,Gajuwaka,Theft
2023-04-11 05:31:00,17.760243,83.160792,Jagadamba Junction,Assault
2023-10-13 17:54:00,17.738023,83.280044,NAD Junction,Assault
2023-11-18 13:37:00,17.712794,83.279122,Asilmetta,Harassment
2023-05-03 21:24:00,17.705304,83.245697,Jagadamba Junction,Drunk Driving
2023-04-10 00:17:00,17.829289,83.224517,NAD Junction,Burglary
2023-06-18 07:21:00,17.836505,83.316178,KRM Colony,Vandalism
2023-09-29 09:07:00,17.753314,83.259948,KRM Colony,Theft
2023-12-10 05:29:00,17.738762,83.200849,NAD Junction,Assault
2023-07-04 23:09:00,17.83071,83.27336,Gopalapatnam,Vandalism
2023-07-02 09:03:00,17.689475,83.219295,Gopalapatnam,Assault
2023-01-07 09:34:00,17.811808,83.338945,Gopalapatnam,Drunk Driving
2023-06-07 04:01:00,17.778666,83.334147,KRM Colony,Harassment
2023-11-26 08:51:00,17.734176,83.288043,Seethammadhara,Chain Snatching
2023-03-12 09:16:00,17.818823,83.359989,Dwaraka Nagar,Theft
2023-12-16 22:40:00,17.813742,83.268582,Gajuwaka,Chain Snatching
2023-04-01 10:36:00,17.79263,83.331635,Kancharapalem,Chain Snatching
2023-09-01 07:04:00,17.835969,83.170375,Madhurawada,Chain Snatching
2023-08-19 06:04:00,17.680674,83.234069,Beach Road,Theft
2023-03-05 08:32:00,17.818372,83.324943,NAD Junction,Theft
2023-12-19 16:13:00,17.76541,83.292827,KRM Colony,Chain Snatching
2023-08-03 00:00:00,17.801688,83.207381,PM Palem,Assault
2023-08-11 10:37:00,17.814519,83.275904,PM Palem,Drunk Driving
2023-03-21 00:37:00,17.762179,83.286648,Jagadamba Junction,Harassment
2023-02-09 01:33:00,17.784517,83.332666,NAD Junction,Chain Snatching
2023-02-01 05:58:00,17.789173,83.334522,Dwaraka Nagar,Vandalism
2023-11-21 20:36:00,17.815948,83.24076,Seethammadhara,Assault
2023-07-26 05:00:00,17.7711,83.167346,Beach Road,Drunk Driving
2023-10-27 03:41:00,17.783512,83.255203,Kurmannapalem,Assault
2023-01-01 10:51:00,17.743717,83.21209,Gajuwaka,Theft
2023-08-01 08:07:00,17.696939,83.187428,Gopalapatnam,Theft
2023-03-30 16:04:00,17.733781,83.351735,MVP Colony,Assault
2023-03-16 03:26:00,17.818283,83.315732,NAD Junction,Vandalism
2023-02-11 17:02:00,17.740735,83.273084,Beach Road,Burglary
2023-06-04 02:30:00,17.811394,83.288875,Kancharapalem,Drunk Driving
2023-03-10 06:37:00,17.759023,83.306508,Dwaraka Nagar,Harassment
2023-02-22 17:00:00,17.816594,83.190338,MVP Colony,Drunk Driving
2023-06-01 21:09:00,17.799388,83.298878,Kurmannapalem,Harassment
2023-11-19 09:32:00,17.732084,83.262409,PM Palem,Theft
2023-12-19 07:04:00,17.796114,83.222776,Madhurawada,Harassment
2023-05-20 06:14:00,17.758605,83.317445,Beach Road,Assault
2023-08-23 18:46:00,17.744334,83.309241,NAD Junction,Harassment
2023-03-02 07:25:00,17.764464,83.171554,Dwaraka Nagar,Harassment
2023-09-04 23:57:00,17.828731,83.312949,Seethammadhara,Assault
2023-07-18 04:42:00,17.796054,83.347208,Kancharapalem,Assault
2023-06-13 15:20:00,17.771741,83.329825,Gajuwaka,Assault
2023-06-21 18:26:00,17.765233,83.189438,NAD Junction,Chain Snatching
2023-02-02 09:13:00,17.839204,83.169191,MVP Colony,Harassment
2023-03-19 21:36:00,17.683477,83.28509,Gopalapatnam,Burglary
2023-08-12 16:36:00,17.724328,83.183924,Kancharapalem,Harassment
2023-01-27 00:24:00,17.818406,83.285939,Gopalapatnam,Harassment
2023-09-21 22:50:00,17.756563,83.230902,Madhurawada,Harassment
2023-08-19 21:54:00,17.745495,83.170426,Madhurawada,Burglary
2023-07-05 14:34:00,17.700136,83.260573,Pedda Waltair,Assault
2023-02-05 23:53:00,17.75886,83.309542,KRM Colony,Chain Snatching
2023-02-03 20:36:00,17.806853,83.168963,Asilmetta,Vandalism
2023-11-13 20:34:00,17.734557,83.166791,NAD Junction,Theft
2023-05-28 15:51:00,17.719484,83.330042,Jagadamba Junction,Harassment
2023-09-17 18:29:00,17.747366,83.16294,Beach Road,Drunk Driving
2023-08-16 08:15:00,17.751837,83.337683,Beach Road,Drunk Driving
2023-12-25 16:23:00,17.683262,83.336754,Gajuwaka,Vandalism
2023-10-24 12:56:00,17.709047,83.195029,MVP Colony,Harassment
2023-11-27 14:00:00,17.757172,83.221479,Beach Road,Burglary
2023-07-05 11:06:00,17.699639,83.269387,PM Palem,Vandalism
2023-09-05 13:37:00,17.73161,83.265505,Seethammadhara,Harassment
2023-06-26 08:05:00,17.797798,83.281079,Kancharapalem,Theft
2023-04-22 03:54:00,17.803538,83.230747,Gajuwaka,Assault
2023-11-18 01:12:00,17.692262,83.260998,Kurmannapalem,Harassment
2023-09-15 10:57:00,17.710644,83.289967,KRM Colony,Burglary
2023-08-07 14:44:00,17.803109,83.305178,Gopalapatnam,Harassment
2023-03-06 21:37:00,17.790996,83.295646,Gopalapatnam,Theft
2023-09-30 18:04:00,17.710193,83.220155,Jagadamba Junction,Harassment
2023-11-19 08:28:00,17.783203,83.20493,MVP Colony,Drunk Driving
2023-01-02 17:20:00,17.753144,83.297295,Dwaraka Nagar,Assault
2023-03-17 11:43:00,17.758553,83.265911,Madhurawada,Vandalism
2023-02-13 22:02:00,17.74184,83.359993,Pedda Waltair,Theft
2023-02-06 02:38:00,17.717149,83.335286,PM Palem,Theft
2023-03-28 06:17:00,17.791579,83.2791,Gajuwaka,Theft
2023-04-20 02:11:00,17.836902,83.224649,Kancharapalem,Harassment
2023-01-25 21:01:00,17.715036,83.229962,Beach Road,Assault
2023-02-08 22:02:00,17.751638,83.334338,Gajuwaka,Harassment
2023-04-25 09:56:00,17.810799,83.325144,Seethammadhara,Drunk Driving
2023-10-20 06:07:00,17.794699,83.259193,Madhurawada,Harassment
2023-05-11 11:47:00,17.781165,83.229747,KRM Colony,Chain Snatching
2023-12-06 18:41:00,17.81632,83.186153,Kurmannapalem,Theft
2023-11-04 14:51:00,17.749476,83.232283,MVP Colony,Drunk Driving
2023-04-02 08:00:00,17.741671,83.348368,Gajuwaka,Chain Snatching
2023-11-28 22:34:00,17.814771,83.250972,Kancharapalem,Theft
2023-12-17 05:45:00,17.716539,83.202716,Jagadamba Junction,Harassment
2023-02-25 20:31:00,17.738594,83.332115,KRM Colony,Vandalism
2023-02-20 07:23:00,17.837483,83.305617,KRM Colony,Harassment
2023-12-07 19:22:00,17.779408,83.211603,MVP Colony,Assault
2023-11-21 17:46:00,17.745137,83.345967,Beach Road,Harassment
2023-03-09 12:31:00,17.847598,83.278708,NAD Junction,Theft
2023-04-03 23:28:00,17.75754,83.160732,Kurmannapalem,Burglary
2023-07-11 21:06:00,17.713649,83.218572,Asilmetta,Theft
2023-08-04 12:46:00,17.680399,83.351155,Kancharapalem,Assault
2023-04-07 20:21:00,17.680936,83.223662,NAD Junction,Harassment
2023-06-08 16:14:00,17.714837,83.174533,Madhurawada,Vandalism
2023-11-28 17:55:00,17.788716,83.34395,Jagadamba Junction,Assault
2023-02-09 22:37:00,17.699431,83.264813,Kurmannapalem,Theft
2023-05-28 15:24:00,17.769779,83.228506,Seethammadhara,Harassment
2023-08-09 09:46:00,17.841435,83.241224,Dwaraka Nagar,Chain Snatching
2023-07-20 09:15:00,17.686253,83.228257,Gajuwaka,Theft
2023-05-18 21:13:00,17.754633,83.231728,Gajuwaka,Harassment
2023-08-13 01:09:00,17.847191,83.287586,Seethammadhara,Vandalism
2023-12-25 00:33:00,17.841835,83.331129,Pedda Waltair,Chain Snatching
2023-10-16 16:25:00,17.760518,83.25471,KRM Colony,Harassment
2023-04-14 15:00:00,17.778758,83.312337,Madhurawada,Chain Snatching
2023-04-29 11:27:00,17.728751,83.215409,Asilmetta,Burglary
2023-07-19 08:28:00,17.727295,83.199569,Gajuwaka,Vandalism
2023-08-08 11:27:00,17.741171,83.176669,Jagadamba Junction,Assault
2023-01-07 10:37:00,17.736085,83.312243,Kurmannapalem,Vandalism
2023-07-01 05:04:00,17.722945,83.306224,Kancharapalem,Burglary
2023-01-20 16:22:00,17.73084,83.263713,Seethammadhara,Assault
2023-12-24 14:24:00,17.8227,83.192437,Gopalapatnam,Assault
2023-02-17 22:43:00,17.82647,83.2756,PM Palem,Harassment
2023-07-29 21:52:00,17.775194,83.281562,Kurmannapalem,Assault
2023-01-26 18:03:00,17.731567,83.208985,Dwaraka Nagar,Harassment
2023-11-24 06:21:00,17.797032,83.281175,Seethammadhara,Chain Snatching
2023-04-16 19:15:00,17.840488,83.308419,Dwaraka Nagar,Harassment
2023-07-21 14:21:00,17.80632,83.220233,Kancharapalem,Burglary
2023-04-15 23:51:00,17.72644,83.186598,MVP Colony,Assault
2023-11-24 23:52:00,17.78532,83.358466,NAD Junction,Assault
2023-11-16 18:25:00,17.774437,83.234125,Seethammadhara,Assault
2023-01-09 13:29:00,17.712577,83.290595,Kurmannapalem,Vandalism
2023-03-02 08:23:00,17.835403,83.319996,Kurmannapalem,Drunk Driving
2023-04-12 08:19:00,17.799451,83.213738,NAD Junction,Chain Snatching
2023-05-02 23:44:00,17.794654,83.160014,Kurmannapalem,Burglary
2023-10-08 23:20:00,17.707471,83.255348,Kurmannapalem,Harassment
2023-10-11 00:38:00,17.695507,83.33289,Kurmannapalem,Harassment
2023-04-06 08:11:00,17.684596,83.185633,Madhurawada,Theft
2023-04-17 23:55:00,17.826014,83.194097,NAD Junction,Burglary
2023-01-03 15:54:00,17.845255,83.325558,Dwaraka Nagar,Theft
2023-08-15 07:27:00,17.741123,83.274595,Pedda Waltair,Harassment
2023-03-06 04:52:00,17.711909,83.187166,PM Palem,Vandalism
2023-06-19 08:03:00,17.695536,83.224953,Asilmetta,Chain Snatching
2023-09-09 15:50:00,17.800173,83.178183,PM Palem,Theft
2023-02-13 14:40:00,17.762485,83.171904,Jagadamba Junction,Vandalism
2023-05-15 23:12:00,17.817041,83.172955,NAD Junction,Chain Snatching
2023-01-19 03:13:00,17.70037,83.184701,Seethammadhara,Assault
2023-03-22 17:39:00,17.819361,83.233856,Madhurawada,Harassment
2023-06-21 11:26:00,17.797648,83.237668,Dwaraka Nagar,Assault
2023-08-19 15:13:00,17.843167,83.216325,KRM Colony,Theft
2023-05-18 06:18:00,17.740009,83.240315,PM Palem,Theft
2023-04-20 12:54:00,17.77181,83.202301,Madhurawada,Theft
2023-03-18 01:12:00,17.829092,83.221682,Beach Road,Theft
2023-11-22 14:25:00,17.746136,83.233632,Gajuwaka,Theft
2023-08-01 22:12:00,17.836766,83.317672,Kancharapalem,Harassment
2023-06-23 16:56:00,17.708507,83.200848,Seethammadhara,Harassment
2023-06-24 23:10:00,17.726903,83.339435,Kurmannapalem,Drunk Driving
2023-05-01 23:16:00,17.749529,83.341201,PM Palem,Drunk Driving
2023-05-27 08:56:00,17.77172,83.242754,Jagadamba Junction,Harassment
2023-11-21 19:13:00,17.715229,83.324572,MVP Colony,Chain Snatching
2023-04-30 01:40:00,17.834185,83.16366,Beach Road,Chain Snatching
2023-09-10 03:17:00,17.835407,83.317683,Kurmannapalem,Theft
2023-11-21 14:32:00,17.754304,83.21338,Gopalapatnam,Burglary
2023-05-21 08:41:00,17.743075,83.162064,Kancharapalem,Harassment
2023-12-29 06:25:00,17.718936,83.203438,Madhurawada,Burglary
2023-12-31 07:06:00,17.682983,83.226068,Dwaraka Nagar,Chain Snatching
2023-06-27 04:05:00,17.840837,83.242687,Gopalapatnam,Drunk Driving
2023-08-19 13:34:00,17.705556,83.255022,Kurmannapalem,Vandalism
2023-12-19 03:15:00,17.722832,83.241473,PM Palem,Assault
2023-07-01 13:33:00,17.822093,83.273029,Madhurawada,Harassment
2023-10-22 08:18:00,17.71732,83.221978,Pedda Waltair,Vandalism
2023-02-11 09:32:00,17.745079,83.338399,Dwaraka Nagar,Chain Snatching
2023-07-18 17:32:00,17.84584,83.174074,Gajuwaka,Chain Snatching
2023-12-28 13:58:00,17.721043,83.21865,Gajuwaka,Assault
2023-09-01 08:58:00,17.693575,83.204424,Beach Road,Harassment
2023-01-01 21:34:00,17.783093,83.227159,Madhurawada,Chain Snatching
2023-12-05 04:59:00,17.840711,83.176945,Pedda Waltair,Theft
2023-09-09 21:54:00,17.719973,83.233646,PM Palem,Burglary
2023-04-22 19:02:00,17.772691,83.312039,Beach Road,Drunk Driving
2023-01-17 19:33:00,17.819419,83.22805,NAD Junction,Assault
2023-11-24 18:11:00,17.733834,83.321089,KRM Colony,Assault
2023-01-24 13:10:00,17.732458,83.242899,Gopalapatnam,Chain Snatching
2023-03-10 16:32:00,17.804381,83.33051,Asilmetta,Vandalism
2023-07-17 08:10:00,17.710279,83.324469,Pedda Waltair,Drunk Driving
2023-02-08 13:48:00,17.812047,83.337157,Kancharapalem,Assault
2023-10-09 20:09:00,17.731301,83.268025,Asilmetta,Assault
2023-11-12 10:03:00,17.716529,83.20493,Kurmannapalem,Theft
2023-12-25 21:50:00,17.812306,83.177425,Asilmetta,Harassment
2023-06-11 01:32:00,17.689205,83.224053,Kancharapalem,Theft
2023-05-17 05:27:00,17.688401,83.259425,Kancharapalem,Theft
2023-02-11 05:01:00,17.756157,83.238287,Pedda Waltair,Chain Snatching
2023-11-25 18:40:00,17.767595,83.276988,Pedda Waltair,Theft
2023-04-04 03:47:00,17.84289,83.309681,Pedda Waltair,Harassment
2023-06-15 14:09:00,17.695785,83.299508,KRM Colony,Burglary
2023-12-02 02:17:00,17.713491,83.241832,Gajuwaka,Harassment
2023-12-27 14:11:00,17.75634,83.179041,Seethammadhara,Drunk Driving
2023-02-27 12:50:00,17.821958,83.298043,PM Palem,Drunk Driving
2023-09-24 22:52:00,17.742643,83.335654,Gopalapatnam,Chain Snatching
2023-07-10 06:20:00,17.82864,83.357145,PM Palem,Chain Snatching
2023-02-13 19:31:00,17.821057,83.287365,Kurmannapalem,Vandalism
2023-12-21 07:59:00,17.788709,83.180714,Jagadamba Junction,Burglary
2023-02-26 21:18:00,17.810637,83.295762,Gajuwaka,Burglary
2023-05-15 08:15:00,17.687186,83.306877,NAD Junction,Theft
2023-11-02 09:33:00,17.817078,83.250616,KRM Colony,Theft
2023-10-14 16:00:00,17.772119,83.266639,Beach Road,Burglary
2023-08-10 21:40:00,17.796607,83.239311,Dwaraka Nagar,Burglary
2023-02-27 02:18:00,17.68259,83.198224,Gopalapatnam,Burglary
2023-09-23 16:34:00,17.71242,83.300424,Gopalapatnam,Theft
2023-08-04 14:02:00,17.764989,83.30685,Pedda Waltair,Burglary
2023-05-27 13:51:00,17.743885,83.169594,Jagadamba Junction,Drunk Driving
2023-01-04 05:42:00,17.740564,83.271939,Madhurawada,Harassment
2023-04-26 07:54:00,17.832958,83.330295,Seethammadhara,Vandalism
2023-09-19 05:15:00,17.837981,83.248301,Pedda Waltair,Vandalism
2023-11-29 09:04:00,17.725021,83.330273,MVP Colony,Theft
2023-02-17 00:07:00,17.778519,83.266595,Madhurawada,Vandalism
2023-05-04 01:16:00,17.841644,83.253077,Jagadamba Junction,Chain Snatching
2023-09-24 01:04:00,17.746352,83.352232,MVP Colony,Vandalism
2023-12-02 02:09:00,17.842888,83.26834,Gajuwaka,Theft
2023-06-28 12:45:00,17.769101,83.164806,Seethammadhara,Theft
2023-03-19 23:52:00,17.710007,83.315735,Kurmannapalem,Assault
2023-08-16 08:00:00,17.754262,83.176577,Jagadamba Junction,Chain Snatching
2023-02-07 14:29:00,17.813185,83.260378,MVP Colony,Vandalism
2023-04-23 10:34:00,17.72528,83.331823,Seethammadhara,Drunk Driving
2023-08-31 15:56:00,17.816876,83.179842,KRM Colony,Vandalism
2023-10-12 11:48:00,17.703724,83.262727,Kurmannapalem,Vandalism
2023-01-03 07:21:00,17.680735,83.191091,MVP Colony,Theft
2023-09-19 05:27:00,17.78686,83.223882,Kancharapalem,Vandalism
2023-07-10 10:03:00,17.756846,83.258213,KRM Colony,Burglary
2023-09-13 22:51:00,17.811107,83.21873,Beach Road,Theft
2023-10-16 08:23:00,17.744191,83.295903,Gajuwaka,Drunk Driving
2023-01-16 02:40:00,17.798749,83.263753,Kancharapalem,Theft
2023-02-08 01:56:00,17.729555,83.220247,Madhurawada,Assault
2023-12-16 19:50:00,17.83836,83.243354,Jagadamba Junction,Drunk Driving
2023-09-28 02:43:00,17.769777,83.338326,Beach Road,Burglary
2023-07-31 00:22:00,17.725034,83.191891,Gopalapatnam,Burglary
2023-07-21 05:40:00,17.734722,83.163834,Madhurawada,Assault
2023-01-21 23:58:00,17.824714,83.230063,Asilmetta,Vandalism
2023-11-04 22:59:00,17.688675,83.317509,Seethammadhara,Chain Snatching
2023-11-20 15:25:00,17.808582,83.359584,Dwaraka Nagar,Harassment
2023-06-11 14:55:00,17.735331,83.184472,PM Palem,Vandalism
2023-08-30 07:05:00,17.753919,83.268288,Kancharapalem,Theft
2023-04-20 20:11:00,17.849111,83.298981,MVP Colony,Theft
2023-06-06 19:35:00,17.729458,83.323846,Asilmetta,Vandalism
2023-06-13 11:40:00,17.733433,83.340716,Beach Road,Harassment
2023-04-24 14:13:00,17.731424,83.253039,Asilmetta,Vandalism
2023-03-14 20:33:00,17.699587,83.268185,PM Palem,Theft
2023-11-09 23:47:00,17.731423,83.357233,KRM Colony,Vandalism
2023-10-19 17:20:00,17.80592,83.295709,NAD Junction,Harassment
2023-10-10 23:22:00,17.80517,83.298741,Madhurawada,Drunk Driving
2023-01-09 14:04:00,17.788929,83.260352,Asilmetta,Vandalism
2023-10-16 00:20:00,17.787388,83.245142,Seethammadhara,Drunk Driving
2023-04-02 16:40:00,17.843221,83.167917,Dwaraka Nagar,Harassment
2023-01-06 03:53:00,17.731284,83.203209,Seethammadhara,Vandalism
2023-04-05 23:43:00,17.730302,83.164418,Pedda Waltair,Chain Snatching
2023-09-23 07:25:00,17.802645,83.200206,Seethammadhara,Assault
2023-08-09 23:19:00,17.755479,83.163239,NAD Junction,Theft
2023-04-03 11:41:00,17.75987,83.279499,Jagadamba Junction,Burglary
2023-09-06 04:16:00,17.79408,83.253019,Kancharapalem,Harassment
2023-04-25 12:21:00,17.765079,83.248056,Pedda Waltair,Theft
2023-07-21 22:13:00,17.690796,83.219009,Beach Road,Burglary
2023-05-06 11:45:00,17.76925,83.290662,Dwaraka Nagar,Assault
2023-09-26 08:51:00,17.716941,83.313919,Beach Road,Vandalism
2023-03-15 06:57:00,17.748683,83.238385,PM Palem,Vandalism
2023-12-27 18:48:00,17.842593,83.246391,Asilmetta,Harassment
2023-05-26 19:34:00,17.7697,83.220712,Gopalapatnam,Harassment
2023-10-19 14:20:00,17.757979,83.292888,Dwaraka Nagar,Harassment
2023-10-22 01:02:00,17.818049,83.163823,Gajuwaka,Harassment
2023-11-12 11:11:00,17.729113,83.340577,KRM Colony,Vandalism
2023-06-19 09:10:00,17.710386,83.309141,Beach Road,Theft
2023-02-18 10:20:00,17.790921,83.29827,Pedda Waltair,Assault
2023-04-15 11:51:00,17.764812,83.205797,MVP Colony,Drunk Driving
2023-05-12 15:32:00,17.748734,83.30037,Kancharapalem,Chain Snatching
2023-09-27 21:38:00,17.706074,83.173129,MVP Colony,Harassment
2023-10-23 15:24:00,17.716668,83.200735,MVP Colony,Vandalism
2023-05-24 09:47:00,17.689843,83.293481,Dwaraka Nagar,Theft
2023-06-09 10:53:00,17.806387,83.183357,Kancharapalem,Harassment
2023-02-15 18:20:00,17.695893,83.162566,NAD Junction,Assault
2023-11-19 17:19:00,17.749446,83.243718,Kurmannapalem,Burglary
2023-10-10 13:31:00,17.713488,83.332807,KRM Colony,Harassment
2023-06-19 17:44:00,17.699356,83.326887,MVP Colony,Theft
2023-04-23 18:29:00,17.789726,83.19283,Madhurawada,Assault
2023-12-27 20:31:00,17.764952,83.333663,Beach Road,Chain Snatching
2023-07-09 12:18:00,17.741418,83.307329,KRM Colony,Harassment
2023-05-20 02:04:00,17.746902,83.316013,Beach Road,Theft
2023-03-04 06:03:00,17.747016,83.296363,Jagadamba Junction,Theft
2023-01-07 22:19:00,17.758109,83.344894,Dwaraka Nagar,Harassment
2023-04-20 22:10:00,17.692639,83.307342,Gajuwaka,Assault
2023-09-20 05:18:00,17.735951,83.247004,Gajuwaka,Harassment
2023-03-15 10:52:00,17.68015,83.356843,Gopalapatnam,Harassment
2023-02-15 00:37:00,17.849902,83.192517,Pedda Waltair,Drunk Driving
2023-11-05 06:11:00,17.733937,83.303202,Kurmannapalem,Drunk Driving
2023-12-02 16:22:00,17.808981,83.231883,NAD Junction,Vandalism
2023-07-30 07:01:00,17.793635,83.225457,MVP Colony,Theft
2023-01-17 01:50:00,17.709579,83.261622,Pedda Waltair,Harassment
2023-04-19 21:06:00,17.723535,83.258926,PM Palem,Vandalism
2023-08-04 00:50:00,17.765096,83.242948,Kancharapalem,Theft
2023-01-05 10:47:00,17.768772,83.229095,Kancharapalem,Vandalism
2023-06-13 14:23:00,17.784509,83.247423,Asilmetta,Harassment
2023-10-08 10:16:00,17.710646,83.28959,Dwaraka Nagar,Assault
2023-12-30 00:28:00,17.824503,83.303656,Kurmannapalem,Chain Snatching
2023-02-18 15:03:00,17.788958,83.216564,Beach Road,Chain Snatching
2023-03-11 00:19:00,17.753816,83.167018,PM Palem,Chain Snatching
2023-08-18 16:44:00,17.82771,83.292172,Gopalapatnam,Burglary
2023-08-09 00:25:00,17.739013,83.320998,NAD Junction,Drunk Driving
2023-07-14 04:14:00,17.765734,83.323844,Gajuwaka,Burglary
2023-03-05 13:46:00,17.829141,83.185423,Pedda Waltair,Chain Snatching
2023-03-24 20:44:00,17.830436,83.249637,Kancharapalem,Theft
2023-11-08 07:07:00,17.820769,83.325678,Seethammadhara,Theft
2023-10-04 20:33:00,17.720555,83.260494,Kancharapalem,Theft
2023-07-10 05:23:00,17.777416,83.209854,Madhurawada,Chain Snatching
2023-04-07 01:01:00,17.844707,83.210001,Asilmetta,Harassment
2023-09-06 12:14:00,17.726782,83.244084,PM Palem,Burglary
2023-11-24 00:49:00,17.768175,83.217818,Beach Road,Theft
2023-10-04 19:21:00,17.711356,83.225878,KRM Colony,Assault
2023-07-15 03:09:00,17.754401,83.257935,Pedda Waltair,Harassment
2023-03-24 15:47:00,17.718783,83.316903,NAD Junction,Theft
2023-09-03 02:20:00,17.756755,83.259691,NAD Junction,Theft
2023-02-01 00:58:00,17.695192,83.338103,PM Palem,Theft
2023-05-14 22:14:00,17.787464,83.237137,MVP Colony,Harassment
2023-08-17 07:07:00,17.781264,83.21728,Kancharapalem,Chain Snatching
2023-05-07 21:49:00,17.804472,83.162791,Pedda Waltair,Chain Snatching
2023-03-08 17:53:00,17.723442,83.291283,Seethammadhara,Assault
2023-03-12 08:36:00,17.782938,83.319253,Madhurawada,Theft
2023-04-15 23:24:00,17.680305,83.353606,Kurmannapalem,Vandalism
2023-08-31 06:15:00,17.808448,83.234572,NAD Junction,Chain Snatching
2023-05-14 20:19:00,17.751517,83.270626,Asilmetta,Drunk Driving
2023-07-13 11:04:00,17.729449,83.302212,Kancharapalem,Theft
2023-08-24 07:00:00,17.839018,83.341084,Madhurawada,Harassment
2023-04-13 15:53:00,17.720919,83.167691,Dwaraka Nagar,Harassment
2023-10-23 14:31:00,17.751001,83.237506,Seethammadhara,Drunk Driving
2023-09-16 03:02:00,17.693567,83.356916,Jagadamba Junction,Theft
2023-07-20 15:52:00,17.843115,83.329823,Pedda Waltair,Assault
2023-10-27 10:48:00,17.684291,83.327009,Dwaraka Nagar,Harassment
2023-11-09 21:41:00,17.82318,83.339068,Pedda Waltair,Harassment
2023-05-09 09:16:00,17.812611,83.298265,Jagadamba Junction,Assault
2023-11-07 15:04:00,17.784782,83.339477,MVP Colony,Harassment
2023-04-07 11:39:00,17.695268,83.300028,KRM Colony,Assault
2023-04-25 04:03:00,17.784687,83.285304,Kurmannapalem,Chain Snatching
2023-02-11 14:02:00,17.707322,83.207714,Seethammadhara,Chain Snatching
2023-10-19 19:15:00,17.777557,83.16042,Jagadamba Junction,Theft
2023-08-18 06:43:00,17.743386,83.315545,Seethammadhara,Chain Snatching
2023-06-22 17:29:00,17.69093,83.283891,Seethammadhara,Assault
2023-05-23 07:22:00,17.736889,83.27675,NAD Junction,Chain Snatching
2023-03-24 11:36:00,17.731297,83.266305,MVP Colony,Chain Snatching
2023-08-24 12:54:00,17.816263,83.266632,Seethammadhara,Harassment
2023-04-22 02:55:00,17.731356,83.305078,Pedda Waltair,Harassment
2023-04-11 09:18:00,17.687914,83.351251,MVP Colony,Assault
2023-08-13 13:12:00,17.832249,83.268421,KRM Colony,Assault
2023-07-03 14:19:00,17.809266,83.168538,NAD Junction,Theft
2023-09-08 04:15:00,17.840412,83.345508,Gopalapatnam,Harassment
2023-08-22 15:57:00,17.779497,83.189282,Seethammadhara,Burglary
2023-02-11 23:43:00,17.790389,83.33721,Beach Road,Vandalism
2023-05-08 12:03:00,17.7861,83.244661,PM Palem,Assault
2023-01-18 01:22:00,17.710634,83.215824,Gopalapatnam,Assault
2023-10-27 23:05:00,17.79271,83.306247,Kurmannapalem,Harassment
2023-06-27 08:45:00,17.770216,83.289878,Gopalapatnam,Burglary
2023-02-02 01:29:00,17.818488,83.228983,Dwaraka Nagar,Assault
2023-06-21 09:16:00,17.762745,83.266802,KRM Colony,Vandalism
2023-11-24 12:01:00,17.748191,83.165786,Dwaraka Nagar,Burglary
2023-06-29 21:17:00,17.812852,83.176422,NAD Junction,Theft
2023-09-18 13:51:00,17.739748,83.355268,Jagadamba Junction,Assault
2023-10-12 03:57:00,17.811304,83.213143,Gajuwaka,Theft
2023-04-23 14:59:00,17.827475,83.325413,Asilmetta,Drunk Driving
2023-07-04 16:15:00,17.691525,83.30671,Jagadamba Junction,Theft
2023-06-03 11:22:00,17.755339,83.357321,Kurmannapalem,Harassment
2023-01-29 17:39:00,17.784878,83.202262,Madhurawada,Harassment
2023-12-27 03:22:00,17.799719,83.301077,Pedda Waltair,Theft
2023-03-13 17:42:00,17.804093,83.169327,Gajuwaka,Vandalism
2023-04-07 06:29:00,17.744823,83.232871,Beach Road,Drunk Driving
2023-11-08 00:21:00,17.740612,83.310756,Kancharapalem,Theft
2023-12-25 00:57:00,17.744917,83.217099,Pedda Waltair,Burglary
2023-03-08 23:04:00,17.680434,83.198753,Jagadamba Junction,Chain Snatching
2023-04-24 00:53:00,17.767715,83.248483,Madhurawada,Theft
2023-09-18 15:38:00,17.80096,83.271052,Gopalapatnam,Vandalism
2023-09-13 04:19:00,17.818577,83.167969,Kancharapalem,Chain Snatching
2023-09-05 13:11:00,17.777023,83.216778,Gopalapatnam,Harassment
2023-07-21 18:45:00,17.701216,83.24812,Asilmetta,Theft
2023-11-08 03:35:00,17.738832,83.232819,Kancharapalem,Theft
2023-09-17 18:07:00,17.761569,83.344645,Pedda Waltair,Assault
2023-08-15 05:33:00,17.774654,83.304655,Asilmetta,Theft
2023-07-03 21:28:00,17.76636,83.292929,Jagadamba Junction,Harassment
2023-07-10 02:04:00,17.849835,83.243956,Pedda Waltair,Assault
2023-08-30 05:40:00,17.767859,83.225579,Kurmannapalem,Harassment
2023-08-22 22:50:00,17.756638,83.278687,MVP Colony,Vandalism
2023-05-16 09:26:00,17.709287,83.21463,MVP Colony,Theft
2023-07-11 12:39:00,17.769061,83.333487,Kurmannapalem,Assault
2023-07-15 16:36:00,17.785295,83.165173,Beach Road,Drunk Driving
2023-12-13 01:03:00,17.81465,83.194503,KRM Colony,Harassment
2023-09-23 18:38:00,17.816476,83.269375,PM Palem,Harassment
2023-04-20 06:06:00,17.774904,83.319607,Asilmetta,Harassment
2023-10-05 09:21:00,17.716628,83.255714,Pedda Waltair,Vandalism
2023-11-09 01:28:00,17.827917,83.30498,Pedda Waltair,Chain Snatching
2023-04-19 12:53:00,17.812349,83.308776,Seethammadhara,Theft
2023-08-30 05:17:00,17.842211,83.244429,PM Palem,Chain Snatching
2023-06-21 05:14:00,17.820266,83.182059,Dwaraka Nagar,Harassment
2023-09-09 11:15:00,17.786818,83.188993,Kancharapalem,Burglary
2023-06-29 17:11:00,17.699873,83.353219,Dwaraka Nagar,Vandalism
2023-01-31 08:00:00,17.770564,83.308621,KRM Colony,Chain Snatching
2023-09-05 01:37:00,17.762714,83.191334,KRM Colony,Vandalism
2023-06-03 03:48:00,17.793525,83.297653,Kancharapalem,Vandalism
2023-07-01 23:09:00,17.774637,83.254928,Pedda Waltair,Assault
2023-08-10 15:36:00,17.823786,83.231405,Gajuwaka,Harassment
2023-11-13 13:16:00,17.763162,83.306569,MVP Colony,Theft
2023-07-20 11:39:00,17.714059,83.286961,Kurmannapalem,Theft
2023-06-26 21:53:00,17.771525,83.335284,PM Palem,Harassment
2023-09-03 15:03:00,17.713069,83.211679,Jagadamba Junction,Burglary
2023-03-27 05:49:00,17.764922,83.253257,Kancharapalem,Theft
2023-06-08 10:59:00,17.750785,83.268694,Kurmannapalem,Theft
2023-01-05 12:00:00,17.746055,83.271629,Seethammadhara,Vandalism
2023-03-17 03:26:00,17.712137,83.33677,Jagadamba Junction,Theft
2023-10-17 16:26:00,17.715202,83.224385,KRM Colony,Harassment
2023-07-27 01:09:00,17.821801,83.198781,Pedda Waltair,Chain Snatching
2023-05-19 12:32:00,17.786026,83.32698,Madhurawada,Harassment
2023-05-02 08:18:00,17.715104,83.334786,Seethammadhara,Theft
2023-04-16 18:33:00,17.81994,83.353045,Jagadamba Junction,Harassment
2023-02-16 23:43:00,17.725005,83.264095,KRM Colony,Drunk Driving
2023-09-30 04:14:00,17.704446,83.289283,Seethammadhara,Drunk Driving
2023-04-10 04:41:00,17.771098,83.161655,Gopalapatnam,Assault
2023-05-09 02:25:00,17.700861,83.322359,Seethammadhara,Harassment
2023-09-08 05:02:00,17.720059,83.229009,Kurmannapalem,Vandalism
2023-06-07 04:08:00,17.804591,83.209702,Dwaraka Nagar,Vandalism
2023-02-15 17:56:00,17.781617,83.212898,Gopalapatnam,Theft
2023-09-26 16:40:00,17.727158,83.342649,Seethammadhara,Chain Snatching
2023-12-28 22:08:00,17.748141,83.321825,Gajuwaka,Harassment
2023-01-08 04:13:00,17.821121,83.284694,Beach Road,Theft
2023-08-14 06:48:00,17.706819,83.193088,MVP Colony,Assault
2023-07-25 18:36:00,17.848067,83.319227,Pedda Waltair,Theft
2023-03-17 05:15:00,17.700295,83.168693,Gopalapatnam,Assault
2023-11-27 19:02:00,17.714341,83.26928,Asilmetta,Chain Snatching
2023-10-08 00:56:00,17.738028,83.282693,NAD Junction,Assault
2023-07-15 15:28:00,17.765114,83.27701,PM Palem,Theft
2023-11-01 15:08:00,17.717643,83.251766,NAD Junction,Harassment
2023-07-04 02:42:00,17.767791,83.328667,PM Palem,Drunk Driving
2023-12-18 09:36:00,17.717946,83.32987,Asilmetta,Vandalism
2023-04-12 10:01:00,17.730564,83.166135,MVP Colony,Harassment
2023-06-10 07:14:00,17.748224,83.309675,Seethammadhara,Harassment
2023-01-10 08:14:00,17.803036,83.302204,Madhurawada,Assault
2023-12-18 00:27:00,17.771466,83.350587,Seethammadhara,Assault
2023-11-03 00:43:00,17.84576,83.190191,MVP Colony,Chain Snatching
2023-02-06 04:06:00,17.697693,83.198914,Kurmannapalem,Assault
2023-01-21 22:18:00,17.774166,83.277876,Kancharapalem,Burglary
2023-10-26 12:22:00,17.810548,83.238402,Beach Road,Theft
2023-12-18 21:55:00,17.833007,83.282804,Jagadamba Junction,Harassment
2023-06-19 09:04:00,17.774356,83.287604,Dwaraka Nagar,Theft
2023-07-16 04:12:00,17.758568,83.190442,Pedda Waltair,Drunk Driving
2023-11-02 08:17:00,17.783678,83.22397,KRM Colony,Assault
2023-06-30 13:19:00,17.737414,83.303996,Gopalapatnam,Chain Snatching
2023-06-23 03:54:00,17.815212,83.17619,NAD Junction,Theft
2023-01-09 02:16:00,17.832621,83.264825,NAD Junction,Harassment
2023-12-01 06:00:00,17.683359,83.231699,Pedda Waltair,Chain Snatching
2023-11-24 03:43:00,17.705693,83.207884,PM Palem,Drunk Driving
2023-05-27 16:56:00,17.700426,83.196251,PM Palem,Theft
2023-03-15 14:14:00,17.83606,83.29471,KRM Colony,Theft
2023-01-11 15:15:00,17.716757,83.2622,PM Palem,Theft
2023-04-01 06:40:00,17.707885,83.30699,Beach Road,Drunk Driving
2023-06-21 19:32:00,17.725688,83.288399,PM Palem,Harassment
2023-11-08 10:01:00,17.818915,83.35139,Asilmetta,Assault
2023-09-01 10:05:00,17.755066,83.277527,PM Palem,Harassment
2023-04-19 04:33:00,17.697429,83.303402,Pedda Waltair,Harassment
2023-01-22 21:41:00,17.689382,83.353645,Madhurawada,Assault
2023-01-26 18:02:00,17.774508,83.353827,Seethammadhara,Assault
2023-08-23 23:03:00,17.84976,83.212602,PM Palem,Theft
2023-08-04 19:06:00,17.694185,83.280316,KRM Colony,Harassment
2023-07-19 15:20:00,17.727433,83.18142,Pedda Waltair,Chain Snatching
2023-08-26 15:13:00,17.710682,83.263131,Jagadamba Junction,Theft
2023-08-30 18:21:00,17.768067,83.27419,Gajuwaka,Vandalism
2023-09-14 03:58:00,17.826434,83.210643,Asilmetta,Theft
2023-09-15 22:00:00,17.750027,83.195049,Dwaraka Nagar,Theft
2023-11-11 16:22:00,17.698505,83.343279,PM Palem,Drunk Driving
2023-06-16 06:34:00,17.737404,83.198144,Kurmannapalem,Chain Snatching
2023-10-26 18:16:00,17.796144,83.350934,Kurmannapalem,Theft
2023-06-19 17:39:00,17.729648,83.228369,MVP Colony,Harassment
2023-04-19 23:30:00,17.755611,83.30033,MVP Colony,Assault
2023-10-14 07:23:00,17.79879,83.166762,KRM Colony,Theft
2023-05-14 23:00:00,17.762767,83.213808,Gajuwaka,Harassment
2023-03-30 06:54:00,17.803935,83.194095,NAD Junction,Assault
2023-07-08 04:32:00,17.744091,83.348419,Seethammadhara,Theft
2023-01-03 14:12:00,17.832329,83.251848,MVP Colony,Drunk Driving
2023-10-02 23:14:00,17.807368,83.28332,Gopalapatnam,Theft
2023-08-11 18:01:00,17.83828,83.253913,Asilmetta,Chain Snatching
2023-03-02 19:29:00,17.748805,83.2776,Dwaraka Nagar,Theft
2023-12-18 22:30:00,17.682865,83.180705,Madhurawada,Assault
2023-11-28 04:07:00,17.693205,83.265159,Gopalapatnam,Vandalism
2023-09-01 03:36:00,17.781766,83.249575,Pedda Waltair,Burglary
2023-09-24 20:33:00,17.79953,83.352398,Madhurawada,Harassment
2023-10-08 06:44:00,17.756514,83.347861,Kurmannapalem,Drunk Driving
2023-09-29 19:11:00,17.700365,83.313491,Kurmannapalem,Harassment
2023-06-24 23:30:00,17.761314,83.23874,Kancharapalem,Theft
2023-05-16 22:08:00,17.84103,83.324282,KRM Colony,Assault
2023-11-28 05:49:00,17.781699,83.212129,Seethammadhara,Assault
2023-06-19 18:56:00,17.714851,83.194095,Jagadamba Junction,Assault
2023-02-06 05:01:00,17.80399,83.200558,Kurmannapalem,Harassment
2023-10-30 16:32:00,17.832667,83.356541,Beach Road,Assault
2023-12-21 18:10:00,17.843243,83.244458,Seethammadhara,Theft
2023-03-06 14:31:00,17.742571,83.324552,Madhurawada,Assault
2023-12-29 08:07:00,17.724693,83.30128,KRM Colony,Theft
2023-05-28 07:03:00,17.844516,83.226412,Kancharapalem,Vandalism
2023-07-09 12:46:00,17.680602,83.202393,Pedda Waltair,Harassment
2023-09-23 10:10:00,17.807378,83.250382,Jagadamba Junction,Assault
2023-03-22 23:35:00,17.753543,83.170611,Jagadamba Junction,Chain Snatching
2023-09-21 20:54:00,17.772058,83.328517,Beach Road,Theft
2023-08-05 09:45:00,17.738598,83.338261,Beach Road,Burglary
2023-05-06 17:24:00,17.808208,83.327559,Beach Road,Assault
2023-07-28 10:52:00,17.702454,83.353336,Dwaraka Nagar,Assault
2023-07-17 16:36:00,17.815795,83.184283,Jagadamba Junction,Harassment
2023-08-22 04:22:00,17.825124,83.295793,Kurmannapalem,Theft
2023-11-15 23:59:00,17.69093,83.244982,Kurmannapalem,Harassment
2023-09-03 01:53:00,17.744872,83.330208,PM Palem,Theft
2023-02-12 23:50:00,17.776768,83.310465,MVP Colony,Theft
2023-03-30 00:56:00,17.688378,83.292754,Kancharapalem,Harassment
2023-04-22 10:03:00,17.762499,83.260486,Pedda Waltair,Assault
2023-07-03 10:15:00,17.816449,83.193517,Jagadamba Junction,Harassment
2023-12-21 23:53:00,17.742398,83.232777,Pedda Waltair,Burglary
2023-04-16 12:35:00,17.730598,83.216411,Pedda Waltair,Theft
2023-05-27 17:48:00,17.786888,83.183649,KRM Colony,Theft
2023-02-12 18:23:00,17.754125,83.186377,Asilmetta,Burglary
2023-08-21 09:33:00,17.780737,83.167275,MVP Colony,Harassment
2023-03-02 14:15:00,17.706672,83.220219,Asilmetta,Harassment
2023-03-25 02:41:00,17.696881,83.20732,KRM Colony,Burglary
2023-12-21 19:22:00,17.745251,83.204591,Gopalapatnam,Harassment
2023-08-09 10:09:00,17.718681,83.281297,Gopalapatnam,Burglary
2023-05-03 10:05:00,17.809254,83.232158,Jagadamba Junction,Drunk Driving
2023-10-01 09:52:00,17.837245,83.35933,MVP Colony,Harassment
2023-11-26 23:56:00,17.804735,83.244196,Kurmannapalem,Theft
2023-08-22 15:49:00,17.701595,83.28207,Jagadamba Junction,Harassment
2023-06-16 20:19:00,17.824235,83.332561,Jagadamba Junction,Vandalism
2023-03-13 00:37:00,17.721082,83.305792,Gajuwaka,Theft
2023-05-07 11:52:00,17.843497,83.253176,Pedda Waltair,Chain Snatching
2023-02-02 22:02:00,17.720648,83.262632,Jagadamba Junction,Harassment
2023-12-15 19:02:00,17.812534,83.337827,Asilmetta,Chain Snatching
2023-02-04 08:26:00,17.717572,83.234568,Gajuwaka,Vandalism
2023-09-08 12:37:00,17.839414,83.332661,Gajuwaka,Assault
2023-07-23 15:01:00,17.802585,83.352256,Madhurawada,Harassment
2023-03-16 09:27:00,17.687418,83.236748,KRM Colony,Theft
2023-05-08 08:41:00,17.693471,83.180556,Asilmetta,Chain Snatching
2023-02-07 01:23:00,17.845661,83.259434,Beach Road,Burglary
2023-09-04 14:30:00,17.76999,83.303856,Asilmetta,Theft
2023-03-27 13:45:00,17.84317,83.253069,Jagadamba Junction,Theft
2023-01-21 03:44:00,17.681183,83.235348,Asilmetta,Burglary
2023-11-03 14:30:00,17.837407,83.294918,Dwaraka Nagar,Harassment
2023-03-06 07:26:00,17.773234,83.235653,Gopalapatnam,Harassment
2023-10-28 21:54:00,17.697257,83.337105,Gajuwaka,Theft
2023-05-24 22:50:00,17.767103,83.164796,Pedda Waltair,Harassment
2023-01-04 02:52:00,17.842492,83.27776,Dwaraka Nagar,Theft
2023-12-20 21:26:00,17.801971,83.305598,Jagadamba Junction,Vandalism
2023-10-28 21:41:00,17.748913,83.250481,Asilmetta,Harassment
2023-04-27 16:55:00,17.707142,83.242369,Kurmannapalem,Theft
2023-09-26 10:45:00,17.826123,83.32806,Dwaraka Nagar,Vandalism
2023-07-28 08:46:00,17.76325,83.205783,MVP Colony,Drunk Driving
2023-10-19 02:43:00,17.811529,83.32614,Asilmetta,Chain Snatching
2023-02-05 06:19:00,17.755589,83.201875,Pedda Waltair,Burglary
2023-02-28 15:32:00,17.79089,83.206238,Dwaraka Nagar,Assault
2023-03-08 08:15:00,17.713826,83.307223,Jagadamba Junction,Theft
2023-11-08 23:47:00,17.731404,83.283229,Asilmetta,Theft
2023-04-17 14:50:00,17.695149,83.306202,Dwaraka Nagar,Theft
2023-01-27 13:00:00,17.692409,83.346013,Pedda Waltair,Chain Snatching
2023-12-14 14:06:00,17.834184,83.167728,Seethammadhara,Vandalism
2023-07-05 06:14:00,17.831471,83.270379,Beach Road,Drunk Driving
2023-12-03 16:43:00,17.819236,83.350154,Madhurawada,Theft
2023-11-24 07:06:00,17.712024,83.284959,Kancharapalem,Assault
2023-12-10 04:27:00,17.795735,83.178768,Madhurawada,Vandalism
2023-04-24 18:35:00,17.779845,83.244209,Dwaraka Nagar,Burglary
2023-08-09 10:04:00,17.741163,83.305265,Jagadamba Junction,Theft
2023-03-05 20:03:00,17.827896,83.26857,Asilmetta,Harassment
2023-05-15 15:21:00,17.817742,83.251038,Gajuwaka,Drunk Driving
2023-11-21 17:15:00,17.705014,83.321301,Jagadamba Junction,Drunk Driving
2023-12-15 14:17:00,17.807504,83.308821,Pedda Waltair,Theft
2023-07-14 15:39:00,17.7997,83.202544,Asilmetta,Theft
2023-07-22 16:02:00,17.738249,83.19817,Beach Road,Burglary
2023-10-01 19:18:00,17.832215,83.223296,PM Palem,Vandalism
2023-05-25 10:18:00,17.775646,83.353162,MVP Colony,Harassment
2023-11-30 21:52:00,17.807754,83.28281,PM Palem,Harassment
2023-11-19 13:04:00,17.789578,83.20243,Gajuwaka,Theft
2023-04-29 08:59:00,17.75316,83.197268,Gajuwaka,Vandalism
2023-09-11 07:05:00,17.730202,83.197424,MVP Colony,Burglary
2023-12-18 04:43:00,17.716252,83.196818,Gajuwaka,Theft
2023-05-20 18:47:00,17.716384,83.254356,Pedda Waltair,Assault
2023-08-29 17:09:00,17.736025,83.227081,Jagadamba Junction,Harassment
2023-11-10 18:21:00,17.848671,83.278453,Beach Road,Harassment
2023-07-18 07:04:00,17.696817,83.320856,Kancharapalem,Assault
2023-11-21 06:12:00,17.694979,83.349688,Pedda Waltair,Harassment
2023-04-14 17:06:00,17.826672,83.342823,Dwaraka Nagar,Assault
2023-06-03 12:04:00,17.721005,83.344987,Gajuwaka,Theft
2023-03-02 11:10:00,17.799653,83.303349,MVP Colony,Theft
2023-11-27 03:33:00,17.712217,83.183816,Kancharapalem,Drunk Driving
2023-03-07 03:03:00,17.690487,83.321801,KRM Colony,Theft
2023-06-22 23:31:00,17.825379,83.319183,Beach Road,Theft
2023-07-06 22:03:00,17.772221,83.229804,Pedda Waltair,Theft
2023-11-23 12:49:00,17.839955,83.334129,Jagadamba Junction,Theft
2023-03-29 10:54:00,17.813446,83.228124,NAD Junction,Theft
2023-11-06 04:07:00,17.751306,83.222052,Kancharapalem,Drunk Driving
2023-11-13 17:45:00,17.841888,83.246583,Gopalapatnam,Theft
2023-02-06 21:54:00,17.828627,83.251969,MVP Colony,Theft
2023-03-21 06:02:00,17.710964,83.282719,Pedda Waltair,Harassment
2023-01-31 21:44:00,17.796183,83.303834,Beach Road,Harassment
2023-11-13 09:42:00,17.685459,83.240132,Gopalapatnam,Chain Snatching
2023-01-22 13:56:00,17.698887,83.193374,Pedda Waltair,Theft
2023-10-16 14:02:00,17.763863,83.276024,Beach Road,Theft
2023-10-08 02:25:00,17.718231,83.297694,Beach Road,Burglary
2023-03-22 07:06:00,17.78217,83.170973,KRM Colony,Theft
2023-12-31 13:32:00,17.816217,83.1837,Pedda Waltair,Assault
2023-03-18 08:09:00,17.752014,83.323068,Madhurawada,Vandalism
2023-08-11 11:45:00,17.831429,83.228348,Pedda Waltair,Assault
2023-06-27 09:25:00,17.69663,83.329402,Jagadamba Junction,Theft
2023-09-02 16:19:00,17.693036,83.262832,Gopalapatnam,Harassment
2023-02-17 21:25:00,17.707178,83.215429,Gajuwaka,Vandalism
2023-06-07 23:27:00,17.834886,83.325086,Pedda Waltair,Drunk Driving
2023-12-15 21:17:00,17.752436,83.302065,MVP Colony,Theft
2023-01-16 04:15:00,17.844017,83.312893,NAD Junction,Theft
2023-07-08 17:51:00,17.789948,83.291784,Kancharapalem,Burglary
2023-08-13 18:55:00,17.785645,83.220951,Gopalapatnam,Harassment
2023-02-23 01:42:00,17.693439,83.27017,Pedda Waltair,Chain Snatching
2023-09-06 22:46:00,17.785328,83.304182,Asilmetta,Chain Snatching
2023-03-08 08:04:00,17.699758,83.310222,Dwaraka Nagar,Drunk Driving
2023-03-30 01:35:00,17.713444,83.200561,Gajuwaka,Theft
2023-05-14 20:57:00,17.681426,83.295446,NAD Junction,Burglary
2023-03-31 13:23:00,17.828988,83.350822,Kurmannapalem,Drunk Driving
2023-09-03 17:40:00,17.848868,83.270567,Gopalapatnam,Drunk Driving
2023-09-19 11:33:00,17.770913,83.26871,Kurmannapalem,Burglary
2023-12-26 12:49:00,17.753453,83.236179,Beach Road,Chain Snatching
2023-10-27 18:24:00,17.752886,83.329344,Asilmetta,Theft
2023-07-18 18:11:00,17.764897,83.232879,Kurmannapalem,Harassment
2023-07-26 22:20:00,17.704933,83.191395,Pedda Waltair,Harassment
2023-11-02 10:10:00,17.747247,83.321754,Gajuwaka,Theft
2023-05-16 17:38:00,17.819203,83.236956,Madhurawada,Harassment
2023-10-28 00:10:00,17.750403,83.255992,Pedda Waltair,Theft
2023-09-01 11:31:00,17.71686,83.267693,Gopalapatnam,Vandalism
2023-11-07 10:44:00,17.699417,83.243857,Gopalapatnam,Drunk Driving
2023-01-06 05:27:00,17.73307,83.35063,PM Palem,Harassment
2023-05-18 16:21:00,17.838835,83.275431,Gajuwaka,Harassment
2023-12-30 10:38:00,17.749976,83.203597,Madhurawada,Burglary
2023-03-23 06:53:00,17.691786,83.318086,MVP Colony,Vandalism
2023-04-19 18:40:00,17.689954,83.272571,Jagadamba Junction,Burglary
2023-12-02 05:59:00,17.8388,83.309943,PM Palem,Drunk Driving
2023-03-05 15:08:00,17.720134,83.221993,Jagadamba Junction,Harassment
2023-05-31 22:33:00,17.760714,83.316018,Beach Road,Theft
2023-10-20 07:14:00,17.727786,83.161377,Dwaraka Nagar,Chain Snatching
2023-04-03 23:21:00,17.841487,83.209798,Jagadamba Junction,Chain Snatching
2023-12-23 01:55:00,17.808426,83.315391,Dwaraka Nagar,Burglary
2023-06-01 18:13:00,17.822659,83.295707,Seethammadhara,Harassment
2023-03-12 15:51:00,17.817712,83.217627,Kurmannapalem,Assault
2023-10-15 15:59:00,17.797224,83.207524,Gajuwaka,Burglary
2023-08-03 06:17:00,17.846029,83.352951,Dwaraka Nagar,Harassment
2023-04-21 21:02:00,17.849996,83.184021,Pedda Waltair,Harassment
2023-07-25 12:23:00,17.687619,83.238259,Dwaraka Nagar,Harassment
2023-04-24 23:32:00,17.733071,83.337953,MVP Colony,Theft
2023-07-07 01:03:00,17.769528,83.227783,Kancharapalem,Drunk Driving
2023-10-06 19:03:00,17.805651,83.176076,Pedda Waltair,Theft
2023-12-19 07:39:00,17.834612,83.173864,Kurmannapalem,Vandalism
2023-10-02 02:47:00,17.790581,83.254012,Pedda Waltair,Vandalism
2023-03-03 20:53:00,17.768733,83.28385,Kurmannapalem,Drunk Driving
2023-04-21 19:44:00,17.763339,83.160783,Asilmetta,Harassment
2023-05-28 16:37:00,17.720445,83.181687,Madhurawada,Theft
2023-05-14 21:26:00,17.747241,83.246699,KRM Colony,Burglary
2023-04-04 03:29:00,17.817659,83.208978,Madhurawada,Theft
2023-08-31 17:08:00,17.849442,83.193171,Pedda Waltair,Theft
2023-08-18 20:55:00,17.77999,83.209457,NAD Junction,Chain Snatching
2023-12-28 00:03:00,17.821325,83.265712,Gopalapatnam,Chain Snatching
2023-02-07 17:45:00,17.835411,83.339288,Asilmetta,Harassment
2023-02-22 15:58:00,17.845226,83.300963,Jagadamba Junction,Theft
2023-04-26 19:19:00,17.800915,83.246101,KRM Colony,Burglary
2023-10-25 21:10:00,17.69094,83.204076,Madhurawada,Harassment
2023-09-28 16:19:00,17.825323,83.212929,Pedda Waltair,Burglary
2023-01-21 09:56:00,17.733622,83.256229,Kurmannapalem,Harassment
2023-01-19 03:04:00,17.750369,83.211626,MVP Colony,Harassment
2023-04-01 05:07:00,17.759686,83.250752,Dwaraka Nagar,Theft
2023-02-06 19:57:00,17.750044,83.175384,Madhurawada,Assault
2023-02-22 20:50:00,17.758375,83.327309,Jagadamba Junction,Vandalism
2023-10-31 09:07:00,17.74134,83.249319,Gopalapatnam,Vandalism
2023-12-25 18:06:00,17.740416,83.294967,Jagadamba Junction,Theft
2023-03-20 23:17:00,17.709877,83.326575,Kancharapalem,Burglary
2023-07-29 08:26:00,17.681739,83.226904,Dwaraka Nagar,Drunk Driving
2023-11-11 22:53:00,17.740721,83.299452,Pedda Waltair,Theft
2023-06-05 15:50:00,17.803223,83.302979,Gajuwaka,Theft
2023-05-19 10:31:00,17.798827,83.237932,Gajuwaka,Theft
2023-06-29 02:39:00,17.682707,83.162532,MVP Colony,Drunk Driving
2023-08-02 01:43:00,17.822281,83.351354,PM Palem,Chain Snatching
2023-02-17 04:38:00,17.756565,83.320745,Asilmetta,Harassment
2023-08-20 02:17:00,17.798299,83.242333,PM Palem,Theft
2023-02-27 23:52:00,17.825737,83.318943,Beach Road,Harassment
2023-12-04 15:20:00,17.806654,83.313917,Asilmetta,Drunk Driving
2023-10-23 02:42:00,17.849399,83.17823,Asilmetta,Assault
2023-08-31 13:43:00,17.782501,83.181325,Asilmetta,Harassment
2023-08-06 23:00:00,17.748214,83.176432,PM Palem,Theft
2023-12-06 08:29:00,17.7767,83.183269,Jagadamba Junction,Theft
2023-03-25 11:35:00,17.816689,83.268417,KRM Colony,Burglary
2023-10-21 05:05:00,17.715697,83.176997,Jagadamba Junction,Drunk Driving
2023-01-02 21:04:00,17.74891,83.24444,Gajuwaka,Assault
2023-12-19 08:02:00,17.823775,83.306971,Gajuwaka,Chain Snatching
2023-05-16 08:36:00,17.8136,83.255666,Dwaraka Nagar,Theft
2023-02-17 08:04:00,17.728144,83.232415,KRM Colony,Vandalism
2023-08-13 21:47:00,17.748287,83.180454,Asilmetta,Harassment
2023-02-01 15:12:00,17.83012,83.352674,Dwaraka Nagar,Theft
2023-09-16 02:07:00,17.75884,83.234125,Dwaraka Nagar,Assault
2023-12-03 15:00:00,17.813331,83.186339,Gajuwaka,Drunk Driving
2023-05-01 06:34:00,17.702521,83.215628,Pedda Waltair,Chain Snatching
2023-04-15 10:44:00,17.804706,83.333789,Gopalapatnam,Assault
2023-01-04 19:42:00,17.686661,83.323245,Kancharapalem,Harassment
2023-02-06 19:22:00,17.777405,83.170781,Pedda Waltair,Burglary
2023-03-17 10:37:00,17.732409,83.335301,Seethammadhara,Chain Snatching
2023-04-07 15:57:00,17.830764,83.196076,NAD Junction,Theft
2023-11-23 19:44:00,17.762484,83.311766,MVP Colony,Harassment
2023-05-14 13:19:00,17.721077,83.19005,Pedda Waltair,Harassment
2023-12-22 02:19:00,17.682743,83.171637,Kancharapalem,Assault
2023-01-12 20:40:00,17.701831,83.196036,Seethammadhara,Vandalism
2023-10-01 23:27:00,17.75385,83.187608,Madhurawada,Theft
2023-01-24 03:18:00,17.771968,83.243636,KRM Colony,Theft
2023-12-02 13:03:00,17.689662,83.221339,Dwaraka Nagar,Theft
2023-03-07 01:43:00,17.84835,83.194638,Dwaraka Nagar,Theft
2023-07-20 05:36:00,17.8381,83.215663,Madhurawada,Theft
2023-03-29 01:37:00,17.731401,83.171194,Kurmannapalem,Drunk Driving
2023-05-22 04:19:00,17.803648,83.164222,Pedda Waltair,Harassment
2023-04-05 22:43:00,17.732675,83.305287,NAD Junction,Theft
2023-02-07 22:16:00,17.786025,83.20659,Seethammadhara,Vandalism
2023-12-14 17:50:00,17.763404,83.290977,KRM Colony,Drunk Driving
2023-12-24 22:03:00,17.832721,83.359466,Asilmetta,Chain Snatching
2023-11-26 08:06:00,17.812687,83.319389,Madhurawada,Theft
2023-08-18 10:44:00,17.780024,83.288587,MVP Colony,Assault
2023-03-06 23:24:00,17.821225,83.230684,KRM Colony,Chain Snatching
2023-12-15 16:41:00,17.769666,83.205774,Jagadamba Junction,Assault
2023-06-11 05:25:00,17.756723,83.180445,Kancharapalem,Drunk Driving
2023-11-06 15:33:00,17.710551,83.324579,MVP Colony,Drunk Driving
2023-09-26 10:26:00,17.692065,83.203234,Gopalapatnam,Burglary
2023-08-06 13:25:00,17.783222,83.167101,KRM Colony,Theft
2023-07-05 04:31:00,17.775723,83.272011,Gopalapatnam,Theft
2023-11-21 22:57:00,17.722798,83.25818,Gajuwaka,Drunk Driving
2023-12-09 04:17:00,17.812349,83.295349,Pedda Waltair,Theft
2023-05-30 20:27:00,17.740489,83.270329,Kancharapalem,Burglary
2023-04-15 10:06:00,17.763618,83.313632,MVP Colony,Burglary
2023-10-14 15:48:00,17.833808,83.175808,Beach Road,Chain Snatching
2023-10-15 09:57:00,17.820838,83.33257,Jagadamba Junction,Theft
2023-03-18 08:19:00,17.726413,83.304185,PM Palem,Vandalism
2023-12-04 09:53:00,17.796091,83.3145,Kurmannapalem,Harassment
2023-02-07 17:13:00,17.815569,83.178605,Asilmetta,Theft
2023-08-22 05:04:00,17.731594,83.20093,Dwaraka Nagar,Harassment
2023-02-24 16:01:00,17.757612,83.190667,NAD Junction,Drunk Driving
2023-11-06 20:13:00,17.744409,83.352676,Dwaraka Nagar,Theft
2023-03-18 05:49:00,17.68441,83.196372,Beach Road,Vandalism
2023-11-21 02:15:00,17.743602,83.249733,Beach Road,Theft
2023-06-08 05:19:00,17.742671,83.197003,Beach Road,Theft
2023-03-15 06:57:00,17.789544,83.215661,Gajuwaka,Burglary
2023-08-13 03:05:00,17.827729,83.188787,Dwaraka Nagar,Harassment
2023-11-15 21:13:00,17.709508,83.165761,Pedda Waltair,Theft
2023-05-06 06:11:00,17.778893,83.216276,KRM Colony,Burglary
2023-02-25 04:20:00,17.738507,83.162983,Kurmannapalem,Assault
2023-03-22 06:27:00,17.769909,83.303192,NAD Junction,Harassment
2023-01-15 15:40:00,17.808556,83.346137,Gajuwaka,Theft
2023-04-17 03:05:00,17.813721,83.173554,Dwaraka Nagar,Burglary
2023-04-08 00:21:00,17.68649,83.319846,Asilmetta,Theft
2023-08-04 10:11:00,17.848928,83.16446,Beach Road,Burglary
2023-07-21 02:43:00,17.776349,83.277031,NAD Junction,Theft
2023-01-23 05:58:00,17.71646,83.32817,Jagadamba Junction,Harassment
2023-02-14 10:01:00,17.766291,83.350443,Pedda Waltair,Drunk Driving
2023-12-25 07:42:00,17.808295,83.233805,Seethammadhara,Theft
2023-06-08 18:15:00,17.842401,83.190074,Beach Road,Burglary
2023-09-30 11:30:00,17.77029,83.266759,NAD Junction,Harassment
2023-08-08 18:55:00,17.739633,83.239629,KRM Colony,Theft
2023-01-07 22:30:00,17.739132,83.313178,KRM Colony,Assault
2023-02-26 04:30:00,17.692946,83.287275,PM Palem,Burglary
2023-08-21 06:48:00,17.83033,83.205915,Seethammadhara,Harassment
2023-11-07 16:35:00,17.77805,83.338766,Gajuwaka,Harassment
2023-08-13 16:50:00,17.780332,83.18823,Jagadamba Junction,Burglary
2023-09-01 14:29:00,17.766988,83.283541,MVP Colony,Theft
2023-09-11 09:45:00,17.848387,83.245407,KRM Colony,Theft
2023-07-28 10:30:00,17.69949,83.213548,NAD Junction,Assault
2023-04-04 23:16:00,17.792855,83.229994,Pedda Waltair,Theft
2023-07-12 15:03:00,17.727947,83.330286,Kurmannapalem,Theft
2023-06-08 09:29:00,17.749836,83.205934,MVP Colony,Theft
2023-01-13 08:19:00,17.759647,83.285607,Seethammadhara,Harassment
2023-03-13 21:19:00,17.740021,83.203416,Dwaraka Nagar,Theft
2023-12-13 01:28:00,17.692643,83.326415,Beach Road,Harassment
2023-09-07 09:17:00,17.692446,83.287059,KRM Colony,Theft
2023-08-21 20:04:00,17.832938,83.261651,Madhurawada,Harassment
2023-09-18 23:47:00,17.780119,83.28159,KRM Colony,Theft
2023-01-13 22:19:00,17.756877,83.250176,NAD Junction,Harassment
2023-06-21 17:51:00,17.845944,83.320671,Kancharapalem,Drunk Driving
2023-05-01 02:07:00,17.709017,83.238837,Pedda Waltair,Assault
2023-10-24 15:45:00,17.801245,83.294269,Gajuwaka,Theft
2023-03-29 05:24:00,17.788178,83.175336,Kurmannapalem,Assault
2023-06-06 01:14:00,17.767766,83.355624,Beach Road,Chain Snatching
2023-04-23 00:20:00,17.801473,83.253594,Pedda Waltair,Theft
2023-08-28 20:28:00,17.689732,83.248665,Asilmetta,Chain Snatching
2023-04-09 13:38:00,17.734889,83.25038,Asilmetta,Theft
2023-07-15 21:49:00,17.83168,83.357988,Gajuwaka,Vandalism
2023-12-28 10:22:00,17.822445,83.277932,Kurmannapalem,Theft
2023-01-18 01:08:00,17.842989,83.278362,Kancharapalem,Harassment
2023-03-17 07:51:00,17.822112,83.270938,PM Palem,Harassment
2023-11-26 12:03:00,17.721838,83.264738,Kurmannapalem,Theft
2023-05-15 19:06:00,17.846151,83.170642,Asilmetta,Theft
2023-11-25 05:26:00,17.70659,83.179849,KRM Colony,Drunk Driving
2023-09-11 15:42:00,17.80262,83.272275,Kancharapalem,Theft
2023-04-02 18:59:00,17.807879,83.283337,NAD Junction,Theft
2023-12-30 00:51:00,17.695706,83.170415,KRM Colony,Burglary
2023-12-03 21:16:00,17.725898,83.17791,Gopalapatnam,Theft
2023-02-21 23:52:00,17.780582,83.175322,Jagadamba Junction,Theft
2023-02-20 17:03:00,17.731761,83.24303,Gajuwaka,Harassment
2023-03-19 16:47:00,17.753486,83.21968,Kurmannapalem,Harassment
2023-06-05 20:46:00,17.720082,83.354932,Madhurawada,Theft
2023-03-04 04:01:00,17.725362,83.1863,Seethammadhara,Theft
2023-10-22 23:22:00,17.729125,83.20649,Gopalapatnam,Theft
2023-09-11 20:47:00,17.740342,83.192479,NAD Junction,Theft
2023-09-14 01:28:00,17.696952,83.349198,Dwaraka Nagar,Drunk Driving
2023-12-13 21:40:00,17.817646,83.294306,Dwaraka Nagar,Theft
2023-11-29 23:52:00,17.686288,83.276677,Gajuwaka,Theft
2023-01-18 03:30:00,17.745262,83.289901,PM Palem,Harassment
2023-11-27 23:34:00,17.846557,83.278724,Kurmannapalem,Theft
2023-10-24 09:07:00,17.691958,83.352253,Seethammadhara,Theft
2023-12-31 00:38:00,17.828266,83.273138,Dwaraka Nagar,Chain Snatching
2023-08-30 12:13:00,17.683239,83.246187,KRM Colony,Drunk Driving
2023-04-24 20:17:00,17.687358,83.355985,Kurmannapalem,Theft
2023-08-26 09:14:00,17.832874,83.339751,Asilmetta,Theft
2023-11-23 03:47:00,17.780704,83.183437,NAD Junction,Theft
2023-04-10 01:01:00,17.692923,83.344865,Asilmetta,Theft
2023-10-02 09:56:00,17.716241,83.208587,Kancharapalem,Harassment
2023-05-06 14:27:00,17.710115,83.161721,KRM Colony,Theft
2023-05-10 21:36:00,17.779246,83.219099,Asilmetta,Theft
2023-03-14 11:58:00,17.836281,83.303513,Madhurawada,Harassment
2023-08-17 15:20:00,17.829262,83.353948,MVP Colony,Chain Snatching
2023-10-10 13:49:00,17.83745,83.263614,KRM Colony,Harassment
2023-04-21 21:39:00,17.789182,83.208984,Beach Road,Burglary
2023-04-30 00:39:00,17.789425,83.165369,Asilmetta,Theft
2023-11-13 01:05:00,17.696406,83.168671,Kurmannapalem,Chain Snatching
2023-11-02 20:32:00,17.789937,83.190387,Kancharapalem,Chain Snatching
2023-12-22 14:10:00,17.759963,83.300302,Seethammadhara,Drunk Driving
2023-03-04 07:27:00,17.831489,83.34257,Beach Road,Theft
2023-03-14 09:13:00,17.709461,83.18085,Jagadamba Junction,Vandalism
2023-11-27 04:13:00,17.747919,83.210407,MVP Colony,Harassment
2023-01-18 07:39:00,17.780052,83.187945,Kancharapalem,Harassment
2023-09-13 07:54:00,17.794952,83.259257,NAD Junction,Harassment
2023-06-13 14:45:00,17.681605,83.295035,Gopalapatnam,Harassment
2023-08-29 01:25:00,17.741865,83.278358,PM Palem,Theft
2023-06-25 16:13:00,17.70692,83.250867,Kancharapalem,Assault
2023-06-29 02:24:00,17.700754,83.319677,Kurmannapalem,Harassment
2023-11-23 05:20:00,17.805177,83.269036,KRM Colony,Drunk Driving
2023-10-17 02:03:00,17.688764,83.341598,Kurmannapalem,Assault
2023-08-12 22:01:00,17.735336,83.230543,Kurmannapalem,Harassment
2023-08-07 18:21:00,17.849362,83.356651,Beach Road,Drunk Driving
2023-01-13 07:55:00,17.79316,83.285017,Seethammadhara,Harassment
2023-12-27 20:45:00,17.826293,83.297189,Madhurawada,Harassment
2023-08-30 09:04:00,17.804249,83.212104,Gajuwaka,Theft
2023-09-18 03:27:00,17.702939,83.225097,Kancharapalem,Theft
2023-08-11 21:08:00,17.807397,83.260245,Asilmetta,Theft
2023-02-24 07:04:00,17.730849,83.294212,Seethammadhara,Chain Snatching
2023-08-10 15:59:00,17.681824,83.285826,PM Palem,Harassment
2023-06-10 00:21:00,17.771828,83.31815,Asilmetta,Vandalism
2023-08-29 01:31:00,17.747033,83.172925,KRM Colony,Theft
2023-11-25 15:31:00,17.722869,83.182643,Madhurawada,Vandalism
2023-02-24 23:23:00,17.732653,83.3294,NAD Junction,Harassment
2023-08-14 19:48:00,17.8196,83.210567,Jagadamba Junction,Chain Snatching
2023-01-03 09:16:00,17.728746,83.336706,Pedda Waltair,Drunk Driving
2023-06-19 12:28:00,17.818206,83.228686,Asilmetta,Chain Snatching
2023-12-09 15:34:00,17.72476,83.266543,Madhurawada,Assault
2023-01-15 17:03:00,17.706923,83.206598,Kancharapalem,Harassment
2023-11-14 11:09:00,17.738085,83.183058,NAD Junction,Theft
2023-05-12 14:37:00,17.710126,83.179374,Jagadamba Junction,Chain Snatching
2023-11-13 20:07:00,17.711392,83.320782,Gopalapatnam,Assault
2023-06-09 20:25:00,17.779208,83.184898,KRM Colony,Chain Snatching
2023-03-17 05:36:00,17.823991,83.193614,Pedda Waltair,Theft
2023-04-11 04:17:00,17.717528,83.308563,Kurmannapalem,Burglary
2023-06-07 18:49:00,17.686435,83.261154,Dwaraka Nagar,Harassment
2023-11-23 18:30:00,17.724773,83.251788,PM Palem,Theft
2023-01-04 10:33:00,17.691643,83.252439,Kurmannapalem,Theft
2023-12-23 14:32:00,17.707629,83.181672,Seethammadhara,Theft
2023-08-03 18:50:00,17.728931,83.253268,Jagadamba Junction,Burglary
2023-02-21 18:23:00,17.77076,83.18773,Beach Road,Theft
2023-08-22 18:23:00,17.835279,83.164903,PM Palem,Assault
2023-03-15 02:09:00,17.719152,83.33047,Gopalapatnam,Drunk Driving
2023-05-19 15:18:00,17.682612,83.286003,Madhurawada,Drunk Driving
2023-01-24 03:20:00,17.724719,83.276779,Asilmetta,Vandalism
2023-11-25 04:04:00,17.807846,83.181721,PM Palem,Theft
2023-01-15 09:00:00,17.802711,83.18105,Pedda Waltair,Theft
2023-02-22 22:32:00,17.842514,83.282688,Kurmannapalem,Drunk Driving
2023-01-11 06:21:00,17.686434,83.186178,Asilmetta,Vandalism
2023-05-07 08:47:00,17.720973,83.271546,Pedda Waltair,Drunk Driving
2023-01-01 22:00:00,17.727158,83.305548,Gajuwaka,Theft
2023-06-25 19:02:00,17.740824,83.261187,Kancharapalem,Drunk Driving
2023-09-10 08:57:00,17.683813,83.277537,KRM Colony,Chain Snatching
2023-05-19 00:39:00,17.721281,83.172723,PM Palem,Chain Snatching
2023-04-08 08:49:00,17.786277,83.325816,Kancharapalem,Harassment
2023-01-06 13:09:00,17.75517,83.28835,Madhurawada,Theft
2023-01-26 05:40:00,17.72905,83.184524,MVP Colony,Assault
2023-10-21 06:01:00,17.681876,83.182925,KRM Colony,Vandalism
2023-07-06 04:39:00,17.759386,83.229852,Beach Road,Vandalism
2023-01-27 18:22:00,17.761279,83.175254,NAD Junction,Harassment
2023-03-02 16:58:00,17.834365,83.342924,Kurmannapalem,Assault
2023-07-27 10:17:00,17.814491,83.206338,KRM Colony,Theft
2023-04-11 09:51:00,17.826373,83.201544,Seethammadhara,Assault
2023-08-12 12:36:00,17.81094,83.195586,Kurmannapalem,Drunk Driving
2023-08-02 01:02:00,17.833043,83.184601,PM Palem,Theft
2023-09-21 15:55:00,17.756393,83.175449,Jagadamba Junction,Harassment
2023-07-09 18:25:00,17.742996,83.312375,Gajuwaka,Drunk Driving
2023-05-29 20:44:00,17.844488,83.305216,PM Palem,Theft
2023-06-29 18:21:00,17.783218,83.228656,Asilmetta,Theft
2023-01-21 17:59:00,17.837835,83.23027,MVP Colony,Theft
2023-12-22 06:53:00,17.811833,83.162018,Gopalapatnam,Harassment
2023-02-27 01:04:00,17.811358,83.224897,Jagadamba Junction,Assault
2023-04-05 18:13:00,17.725395,83.19065,PM Palem,Harassment
2023-01-04 11:51:00,17.773194,83.197153,Madhurawada,Assault
2023-09-04 18:01:00,17.721367,83.253749,Seethammadhara,Drunk Driving
2023-05-04 01:47:00,17.786818,83.296864,Gajuwaka,Theft
2023-09-01 00:19:00,17.815054,83.265637,Pedda Waltair,Assault
2023-12-15 11:58:00,17.805085,83.279485,Madhurawada,Harassment
2023-01-29 09:17:00,17.83126,83.248032,Seethammadhara,Burglary
2023-04-14 17:42:00,17.76199,83.320498,NAD Junction,Drunk Driving
2023-12-23 15:44:00,17.681177,83.160115,Madhurawada,Chain Snatching
2023-01-08 11:07:00,17.718905,83.17607,Gopalapatnam,Chain Snatching
2023-02-19 16:02:00,17.785616,83.315436,PM Palem,Assault
2023-10-03 10:37:00,17.77279,83.170426,NAD Junction,Vandalism
2023-11-13 01:58:00,17.810952,83.204529,NAD Junction,Theft
2023-05-03 10:37:00,17.776219,83.259135,Seethammadhara,Harassment
2023-04-17 16:04:00,17.846001,83.270973,Madhurawada,Harassment
2023-11-05 22:57:00,17.685784,83.283953,Madhurawada,Chain Snatching
2023-03-06 18:41:00,17.811038,83.319274,Beach Road,Assault
2023-07-05 15:44:00,17.6957,83.306111,MVP Colony,Theft
2023-07-11 17:29:00,17.783775,83.311173,Jagadamba Junction,Vandalism
2023-04-29 01:41:00,17.753728,83.300733,Beach Road,Vandalism
2023-06-07 09:18:00,17.842093,83.350523,KRM Colony,Harassment
2023-08-19 00:32:00,17.798143,83.214171,Seethammadhara,Harassment
2023-11-19 14:50:00,17.765568,83.281963,KRM Colony,Assault
2023-06-29 07:29:00,17.759473,83.279575,PM Palem,Burglary
2023-09-21 05:04:00,17.7331,83.170993,Seethammadhara,Assault
2023-07-12 10:44:00,17.68531,83.324243,KRM Colony,Drunk Driving
2023-11-12 13:15:00,17.775977,83.167573,Jagadamba Junction,Assault
2023-11-17 07:36:00,17.70659,83.347291,KRM Colony,Drunk Driving
2023-09-02 07:41:00,17.741923,83.235063,Jagadamba Junction,Burglary
2023-10-08 16:35:00,17.765756,83.273034,MVP Colony,Burglary
2023-06-30 19:10:00,17.708073,83.212349,Gopalapatnam,Theft
2023-03-06 20:53:00,17.702703,83.259078,Pedda Waltair,Chain Snatching
2023-09-05 00:42:00,17.769146,83.33988,Seethammadhara,Burglary
2023-08-09 07:22:00,17.77412,83.23703,Gopalapatnam,Assault
2023-05-16 04:45:00,17.731696,83.171016,Kancharapalem,Chain Snatching
2023-09-01 06:18:00,17.798598,83.303974,Kurmannapalem,Theft
2023-11-06 11:14:00,17.719684,83.261231,Jagadamba Junction,Harassment
2023-10-31 13:58:00,17.686207,83.160124,Madhurawada,Burglary
2023-04-08 20:51:00,17.812608,83.187597,Jagadamba Junction,Harassment
2023-04-04 09:35:00,17.681131,83.348487,Seethammadhara,Harassment
2023-06-28 16:45:00,17.694625,83.291917,PM Palem,Vandalism
2023-01-22 17:01:00,17.81449,83.313,MVP Colony,Vandalism
2023-12-04 21:18:00,17.763254,83.182401,Kancharapalem,Harassment
2023-10-05 11:38:00,17.708723,83.244212,NAD Junction,Theft
2023-06-10 16:06:00,17.8299,83.3036,NAD Junction,Theft
2023-05-05 16:03:00,17.691099,83.177302,Jagadamba Junction,Drunk Driving
2023-08-17 02:09:00,17.684804,83.351636,Jagadamba Junction,Vandalism
2023-10-26 21:51:00,17.832787,83.261199,Asilmetta,Drunk Driving
2023-10-28 09:52:00,17.704314,83.231522,Beach Road,Vandalism
2023-12-20 09:42:00,17.805371,83.29133,Jagadamba Junction,Vandalism
2023-05-24 03:54:00,17.706119,83.170495,Gopalapatnam,Chain Snatching
2023-08-28 10:30:00,17.754234,83.210316,Dwaraka Nagar,Theft
2023-12-04 21:21:00,17.712278,83.289326,Gopalapatnam,Vandalism
2023-08-31 07:10:00,17.69806,83.305255,Beach Road,Chain Snatching
2023-02-26 23:22:00,17.692453,83.27284,Dwaraka Nagar,Theft
2023-08-06 19:26:00,17.820295,83.286318,Beach Road,Harassment
2023-12-18 10:08:00,17.700665,83.345712,Kancharapalem,Harassment
2023-04-10 22:02:00,17.765514,83.170066,Jagadamba Junction,Theft
2023-04-16 06:49:00,17.818532,83.24372,PM Palem,Harassment
2023-02-15 05:35:00,17.766723,83.247096,Beach Road,Assault
2023-04-18 15:29:00,17.797804,83.27153,Gopalapatnam,Chain Snatching
2023-02-02 15:15:00,17.801968,83.21932,Jagadamba Junction,Drunk Driving
2023-05-14 21:54:00,17.705886,83.17151,PM Palem,Drunk Driving
2023-01-04 21:29:00,17.699449,83.346345,Dwaraka Nagar,Assault
2023-07-10 09:50:00,17.840085,83.26269,MVP Colony,Burglary
2023-02-10 09:01:00,17.728179,83.32975,Seethammadhara,Drunk Driving
2023-04-28 10:45:00,17.717437,83.2259,Kurmannapalem,Harassment
2023-11-23 00:12:00,17.724602,83.354817,Madhurawada,Harassment
2023-09-05 14:36:00,17.762825,83.259868,NAD Junction,Harassment
2023-05-11 20:10:00,17.78203,83.164295,Asilmetta,Assault
2023-05-11 07:15:00,17.816824,83.183768,KRM Colony,Vandalism
2023-09-07 03:17:00,17.760455,83.190956,Kurmannapalem,Assault
2023-03-21 12:26:00,17.760701,83.315782,Dwaraka Nagar,Theft
2023-09-07 22:51:00,17.721539,83.254519,Madhurawada,Burglary
2023-10-30 11:56:00,17.80616,83.275822,NAD Junction,Theft
2023-06-18 01:24:00,17.739963,83.200199,Asilmetta,Burglary
2023-10-26 03:56:00,17.847565,83.273346,Madhurawada,Burglary
2023-07-01 20:38:00,17.84994,83.272862,KRM Colony,Theft
2023-09-07 23:06:00,17.801556,83.252518,Beach Road,Drunk Driving
2023-01-27 01:40:00,17.768988,83.266169,Gopalapatnam,Drunk Driving
2023-12-21 11:38:00,17.811275,83.185052,PM Palem,Burglary
2023-04-09 13:30:00,17.73551,83.176215,NAD Junction,Vandalism
2023-08-08 16:14:00,17.831359,83.179086,Beach Road,Theft
2023-08-27 11:47:00,17.682013,83.232383,Jagadamba Junction,Drunk Driving
2023-11-20 23:56:00,17.701486,83.248605,NAD Junction,Theft
2023-12-22 19:05:00,17.746463,83.320927,Seethammadhara,Burglary
2023-12-08 18:35:00,17.778956,83.317767,Kurmannapalem,Burglary
2023-08-30 15:49:00,17.681397,83.278761,Beach Road,Harassment
2023-04-10 12:52:00,17.718692,83.22751,Kurmannapalem,Theft
2023-08-05 05:13:00,17.765685,83.277206,Pedda Waltair,Theft
2023-05-13 04:41:00,17.79947,83.255035,NAD Junction,Assault
2023-06-30 20:19:00,17.707995,83.317248,Madhurawada,Burglary
2023-02-28 14:16:00,17.846601,83.267954,Pedda Waltair,Drunk Driving
2023-02-28 11:49:00,17.801608,83.235733,Beach Road,Assault
2023-06-27 06:45:00,17.757275,83.191822,PM Palem,Burglary
2023-05-03 03:56:00,17.829608,83.267348,Asilmetta,Chain Snatching
2023-06-06 11:52:00,17.690653,83.186223,Kancharapalem,Chain Snatching
2023-12-02 15:30:00,17.725708,83.294633,Seethammadhara,Drunk Driving
2023-05-30 04:12:00,17.773346,83.266795,Pedda Waltair,Theft
2023-08-04 15:03:00,17.728829,83.190434,KRM Colony,Vandalism
2023-06-15 14:27:00,17.702534,83.194693,PM Palem,Chain Snatching
2023-06-05 06:49:00,17.830372,83.318871,Gajuwaka,Theft
2023-08-07 21:15:00,17.773309,83.167043,Kurmannapalem,Assault
2023-05-04 22:39:00,17.78898,83.313077,Gopalapatnam,Assault
2023-02-03 00:42:00,17.846017,83.170894,Asilmetta,Chain Snatching
2023-05-20 23:33:00,17.750488,83.172076,KRM Colony,Harassment
2023-12-30 18:42:00,17.72894,83.181192,Dwaraka Nagar,Assault
2023-10-03 09:50:00,17.813798,83.348254,PM Palem,Harassment
2023-11-29 08:42:00,17.786481,83.217819,Kurmannapalem,Assault
2023-01-16 02:03:00,17.751025,83.210464,Beach Road,Harassment
2023-10-09 07:29:00,17.708325,83.213148,Seethammadhara,Drunk Driving
2023-06-23 05:08:00,17.695612,83.320631,KRM Colony,Drunk Driving
2023-10-19 23:28:00,17.794697,83.300089,Jagadamba Junction,Vandalism
2023-06-04 16:32:00,17.705775,83.214306,Seethammadhara,Drunk Driving
2023-12-29 18:51:00,17.786871,83.261022,KRM Colony,Burglary
2023-01-13 16:02:00,17.731848,83.319836,Jagadamba Junction,Theft
2023-05-07 03:40:00,17.732157,83.265304,Gajuwaka,Vandalism
2023-07-23 21:28:00,17.744473,83.31756,PM Palem,Theft
2023-02-06 17:26:00,17.84599,83.227644,Dwaraka Nagar,Chain Snatching
2023-07-06 08:43:00,17.760112,83.296899,KRM Colony,Harassment
2023-10-14 22:40:00,17.846343,83.353082,Seethammadhara,Burglary
2023-10-26 18:00:00,17.714986,83.359346,Pedda Waltair,Burglary
2023-02-18 17:52:00,17.761437,83.192056,Gopalapatnam,Drunk Driving
2023-12-19 11:27:00,17.78953,83.247951,NAD Junction,Drunk Driving
2023-08-29 18:39:00,17.824381,83.165628,Kancharapalem,Chain Snatching
2023-03-05 08:56:00,17.690304,83.239981,PM Palem,Theft
2023-10-18 15:43:00,17.695145,83.346606,Pedda Waltair,Theft
2023-08-28 16:21:00,17.800812,83.257361,Seethammadhara,Vandalism
2023-05-30 19:11:00,17.720312,83.301322,Beach Road,Harassment
2023-05-17 17:46:00,17.683956,83.246559,NAD Junction,Theft
2023-10-28 05:33:00,17.799517,83.237849,Gopalapatnam,Harassment
2023-02-28 18:02:00,17.838866,83.326449,KRM Colony,Assault
2023-01-14 23:04:00,17.701996,83.231789,PM Palem,Theft
2023-09-25 22:44:00,17.772631,83.301181,Pedda Waltair,Harassment
2023-03-10 14:12:00,17.683904,83.253566,MVP Colony,Assault
2023-11-05 12:03:00,17.712768,83.319819,Kurmannapalem,Harassment
2023-01-22 21:48:00,17.682036,83.195176,Gajuwaka,Vandalism
2023-12-18 12:43:00,17.694649,83.280077,Kancharapalem,Vandalism
2023-10-27 10:27:00,17.829191,83.329123,NAD Junction,Vandalism
2023-07-28 04:19:00,17.693678,83.321956,Seethammadhara,Burglary
2023-08-24 18:19:00,17.6918,83.24223,Seethammadhara,Burglary
2023-01-03 21:32:00,17.843779,83.304424,Dwaraka Nagar,Harassment
2023-12-09 10:40:00,17.690867,83.32853,Gopalapatnam,Harassment
2023-03-07 22:55:00,17.732757,83.23994,Beach Road,Harassment
2023-11-13 06:16:00,17.771397,83.218741,Seethammadhara,Harassment
2023-06-17 15:11:00,17.845372,83.280752,MVP Colony,Theft
2023-02-25 10:17:00,17.81115,83.17298,Kancharapalem,Chain Snatching
2023-11-13 23:06:00,17.828439,83.161602,Asilmetta,Drunk Driving
2023-09-30 07:27:00,17.794063,83.359193,Beach Road,Harassment
2023-11-08 02:17:00,17.78472,83.23162,KRM Colony,Theft
2023-11-20 15:21:00,17.716708,83.315048,Gajuwaka,Theft
2023-04-29 01:55:00,17.686187,83.340194,KRM Colony,Assault
2023-10-28 19:14:00,17.695556,83.231172,Kancharapalem,Assault
2023-07-30 19:10:00,17.80774,83.187912,Dwaraka Nagar,Drunk Driving
2023-03-29 13:21:00,17.809707,83.344578,Pedda Waltair,Assault
2023-04-23 10:51:00,17.808472,83.228203,Pedda Waltair,Assault
2023-04-28 18:33:00,17.809513,83.22213,Kurmannapalem,Assault
2023-05-16 18:15:00,17.734609,83.315097,Kancharapalem,Drunk Driving
2023-11-04 22:02:00,17.848651,83.189432,NAD Junction,Drunk Driving
2023-07-07 00:37:00,17.819884,83.262402,Kancharapalem,Harassment
2023-09-11 23:28:00,17.81625,83.221803,Dwaraka Nagar,Theft
2023-04-22 22:31:00,17.757358,83.266924,Gajuwaka,Chain Snatching
2023-01-30 08:50:00,17.699669,83.181312,Kancharapalem,Theft
2023-02-27 07:27:00,17.708993,83.2939,Dwaraka Nagar,Chain Snatching
2023-09-13 02:32:00,17.842511,83.278193,Pedda Waltair,Theft
2023-03-11 05:23:00,17.837431,83.293388,Beach Road,Assault
2023-03-18 10:22:00,17.767387,83.191951,Asilmetta,Vandalism
2023-08-07 09:17:00,17.68235,83.315448,Madhurawada,Harassment
2023-02-16 16:39:00,17.719596,83.249985,Kurmannapalem,Theft
2023-05-11 20:19:00,17.768219,83.196774,Madhurawada,Theft
2023-04-18 19:30:00,17.793218,83.333686,Beach Road,Harassment
2023-01-19 09:37:00,17.747163,83.286455,Gopalapatnam,Drunk Driving
2023-01-03 11:58:00,17.704984,83.253005,MVP Colony,Theft
2023-11-13 22:51:00,17.684967,83.242967,Beach Road,Theft
2023-01-25 19:13:00,17.693316,83.34696,Jagadamba Junction,Harassment
2023-06-02 06:47:00,17.809308,83.212977,KRM Colony,Theft
2023-06-21 22:17:00,17.840916,83.200491,Kancharapalem,Theft
2023-01-09 04:13:00,17.783202,83.191149,Seethammadhara,Burglary
2023-05-11 07:55:00,17.832324,83.335904,PM Palem,Harassment
2023-03-01 22:02:00,17.719055,83.188953,Seethammadhara,Theft
2023-04-14 06:25:00,17.728871,83.33009,Kancharapalem,Harassment
2023-03-05 12:02:00,17.84691,83.323793,Seethammadhara,Vandalism
2023-12-23 05:35:00,17.705026,83.261805,MVP Colony,Vandalism
2023-05-02 18:18:00,17.769734,83.281115,Gajuwaka,Assault
2023-07-11 15:06:00,17.76878,83.231911,Gopalapatnam,Harassment
2023-06-01 13:29:00,17.738405,83.289908,NAD Junction,Drunk Driving
2023-08-25 01:17:00,17.734515,83.191041,Beach Road,Drunk Driving
2023-07-20 06:53:00,17.730772,83.249251,Jagadamba Junction,Chain Snatching
2023-06-09 11:43:00,17.82664,83.345714,Dwaraka Nagar,Assault
2023-09-20 00:18:00,17.736315,83.328172,Dwaraka Nagar,Burglary
2023-03-14 16:45:00,17.796168,83.291628,Kancharapalem,Drunk Driving
2023-06-04 05:19:00,17.695249,83.232556,Kurmannapalem,Chain Snatching
2023-09-01 05:58:00,17.746304,83.269052,Pedda Waltair,Theft
2023-11-10 18:46:00,17.687448,83.318709,Madhurawada,Burglary
2023-03-13 04:43:00,17.764999,83.329248,Kancharapalem,Harassment
2023-10-04 00:14:00,17.7223,83.261269,Gajuwaka,Chain Snatching
2023-04-08 01:47:00,17.761701,83.30184,Madhurawada,Assault
2023-02-09 01:34:00,17.690104,83.347691,Madhurawada,Theft
2023-12-28 08:24:00,17.810651,83.334823,PM Palem,Chain Snatching
2023-11-24 13:07:00,17.82345,83.302574,Madhurawada,Burglary
2023-02-04 17:43:00,17.753148,83.335957,Madhurawada,Theft
2023-11-18 22:28:00,17.754729,83.320445,NAD Junction,Theft
2023-05-13 21:32:00,17.83491,83.33199,Gopalapatnam,Harassment
2023-05-07 00:20:00,17.808926,83.245865,Asilmetta,Drunk Driving
2023-07-03 00:16:00,17.696099,83.302224,KRM Colony,Assault
2023-09-13 05:55:00,17.72088,83.236198,Pedda Waltair,Theft
2023-12-31 18:10:00,17.818123,83.349577,KRM Colony,Assault
2023-11-25 08:15:00,17.738028,83.334079,Asilmetta,Theft
2023-08-12 23:12:00,17.826494,83.221345,Jagadamba Junction,Harassment
2023-07-11 04:54:00,17.732597,83.30011,Madhurawada,Theft
2023-09-09 00:00:00,17.83397,83.183273,MVP Colony,Drunk Driving
2023-09-19 19:00:00,17.708245,83.337841,Asilmetta,Harassment
2023-04-26 12:00:00,17.760862,83.325028,Asilmetta,Vandalism
2023-06-29 12:24:00,17.692325,83.178891,Gajuwaka,Chain Snatching
2023-01-15 09:57:00,17.764439,83.255798,NAD Junction,Harassment
2023-09-15 20:11:00,17.78996,83.25259,NAD Junction,Vandalism
2023-10-25 03:05:00,17.750934,83.280987,Madhurawada,Theft
2023-11-10 20:43:00,17.682382,83.315846,Seethammadhara,Assault
2023-12-30 12:48:00,17.774532,83.289259,Kancharapalem,Theft
2023-04-13 10:42:00,17.806235,83.186747,Seethammadhara,Burglary
2023-05-04 22:37:00,17.800515,83.350232,MVP Colony,Harassment
2023-07-09 06:46:00,17.753617,83.296091,Asilmetta,Harassment
2023-12-30 21:19:00,17.700809,83.23624,NAD Junction,Harassment
2023-07-04 06:32:00,17.817686,83.22581,Gajuwaka,Theft
2023-05-12 13:39:00,17.792952,83.216685,Kurmannapalem,Harassment
2023-07-19 19:23:00,17.808208,83.276474,PM Palem,Harassment
2023-01-12 00:40:00,17.819934,83.179794,Pedda Waltair,Chain Snatching
2023-01-16 04:45:00,17.796715,83.323765,Kancharapalem,Chain Snatching
2023-12-09 03:22:00,17.800042,83.241738,Kurmannapalem,Drunk Driving
2023-09-26 04:28:00,17.82555,83.303236,Seethammadhara,Burglary
2023-01-03 04:09:00,17.722976,83.175204,Pedda Waltair,Assault
2023-05-16 20:42:00,17.694271,83.291822,NAD Junction,Harassment
2023-12-14 11:24:00,17.722416,83.339472,Gopalapatnam,Harassment
2023-09-26 13:54:00,17.742831,83.273387,NAD Junction,Theft
2023-04-20 18:07:00,17.821219,83.197152,MVP Colony,Assault
2023-10-21 05:21:00,17.703242,83.21647,KRM Colony,Theft
2023-08-26 09:41:00,17.731958,83.274506,Gajuwaka,Burglary
2023-08-28 11:33:00,17.840323,83.180581,Gajuwaka,Theft
2023-02-14 08:38:00,17.81476,83.189229,KRM Colony,Assault
2023-11-22 22:55:00,17.742767,83.171451,Beach Road,Theft
2023-10-10 22:50:00,17.770819,83.229209,Pedda Waltair,Theft
2023-03-09 18:54:00,17.691113,83.249256,Madhurawada,Theft
2023-10-30 19:41:00,17.788653,83.310996,Kurmannapalem,Harassment
2023-11-08 15:28:00,17.685782,83.219563,Gajuwaka,Harassment
2023-08-18 14:04:00,17.717007,83.178092,Kurmannapalem,Drunk Driving
2023-09-09 08:00:00,17.777248,83.326749,Gajuwaka,Harassment
2023-03-21 20:54:00,17.772841,83.249059,Kancharapalem,Theft
2023-12-02 20:38:00,17.701258,83.292448,Seethammadhara,Chain Snatching
2023-10-29 04:25:00,17.744605,83.199917,PM Palem,Assault
2023-04-01 19:00:00,17.730971,83.235046,PM Palem,Drunk Driving
2023-09-07 11:12:00,17.785694,83.273527,Beach Road,Harassment
2023-12-11 02:59:00,17.792331,83.28835,Asilmetta,Burglary
2023-06-19 20:55:00,17.722569,83.271906,Asilmetta,Burglary
2023-06-21 19:41:00,17.741664,83.186575,Beach Road,Harassment
2023-04-13 17:55:00,17.716696,83.298666,MVP Colony,Theft
2023-09-26 04:46:00,17.777496,83.306347,Beach Road,Harassment
2023-01-03 09:23:00,17.688853,83.270933,NAD Junction,Theft
2023-12-23 13:17:00,17.784834,83.208537,Pedda Waltair,Vandalism
2023-09-14 09:38:00,17.759984,83.21411,Madhurawada,Drunk Driving
2023-03-23 19:17:00,17.693609,83.167626,Dwaraka Nagar,Harassment
2023-01-18 00:16:00,17.75022,83.358746,NAD Junction,Assault
2023-11-06 19:55:00,17.757758,83.171342,Seethammadhara,Harassment
2023-09-25 02:08:00,17.723749,83.174753,Gopalapatnam,Chain Snatching
2023-04-12 02:50:00,17.743998,83.349438,PM Palem,Assault
2023-04-18 20:17:00,17.765799,83.289723,Beach Road,Drunk Driving
2023-05-05 21:29:00,17.6981,83.346893,Beach Road,Chain Snatching
2023-08-14 17:02:00,17.697721,83.193273,Kurmannapalem,Chain Snatching
2023-03-24 10:49:00,17.687924,83.230427,Asilmetta,Vandalism
2023-12-02 03:04:00,17.796506,83.355299,NAD Junction,Theft
2023-04-24 07:26:00,17.696461,83.308386,Kurmannapalem,Drunk Driving
2023-05-03 20:46:00,17.785317,83.32809,Gopalapatnam,Burglary
2023-07-19 01:04:00,17.790526,83.183349,KRM Colony,Assault
2023-08-09 12:27:00,17.819453,83.337824,Beach Road,Assault
2023-01-25 21:45:00,17.767885,83.177772,MVP Colony,Theft
2023-03-13 19:03:00,17.845659,83.298046,Gopalapatnam,Assault
2023-02-16 10:50:00,17.836018,83.311054,Beach Road,Harassment
2023-09-14 18:55:00,17.836737,83.177096,Seethammadhara,Drunk Driving
2023-07-02 13:53:00,17.832369,83.210698,Gopalapatnam,Assault
2023-02-10 00:44:00,17.73603,83.270254,MVP Colony,Harassment
2023-02-15 18:20:00,17.755394,83.358278,Pedda Waltair,Chain Snatching
2023-11-11 08:18:00,17.806647,83.258145,MVP Colony,Burglary
2023-02-19 20:26:00,17.732893,83.287882,Jagadamba Junction,Vandalism
2023-04-25 02:48:00,17.761879,83.184915,Kancharapalem,Harassment
2023-03-03 17:28:00,17.713272,83.354322,Gajuwaka,Theft
2023-01-16 21:44:00,17.750275,83.287207,MVP Colony,Theft
2023-05-17 08:25:00,17.832571,83.187708,Gajuwaka,Assault
2023-02-18 16:25:00,17.705958,83.195998,MVP Colony,Harassment
2023-06-25 14:03:00,17.837443,83.294873,MVP Colony,Theft
2023-07-19 17:23:00,17.750424,83.226476,Madhurawada,Theft
2023-02-03 03:40:00,17.839825,83.168411,KRM Colony,Vandalism
2023-08-06 23:36:00,17.844477,83.172915,Kancharapalem,Harassment
2023-10-03 02:00:00,17.741155,83.261706,Jagadamba Junction,Harassment
2023-03-20 10:48:00,17.842546,83.246313,Gajuwaka,Harassment
2023-08-12 20:37:00,17.764722,83.248698,Beach Road,Drunk Driving
2023-03-17 06:41:00,17.681205,83.20001,NAD Junction,Vandalism
2023-05-24 13:39:00,17.826294,83.188569,Kancharapalem,Theft
2023-11-21 19:15:00,17.792732,83.330358,Jagadamba Junction,Assault
2023-07-24 12:33:00,17.723041,83.17783,Seethammadhara,Theft
2023-05-30 00:38:00,17.793624,83.184825,Asilmetta,Drunk Driving
2023-01-05 01:20:00,17.765564,83.350821,PM Palem,Theft
2023-08-13 05:27:00,17.738035,83.325756,Kancharapalem,Burglary
2023-02-17 02:45:00,17.684143,83.265051,Asilmetta,Burglary
2023-04-28 09:56:00,17.817578,83.177376,Gajuwaka,Assault
2023-07-10 17:00:00,17.700522,83.28013,Pedda Waltair,Theft
2023-04-09 06:05:00,17.738929,83.355613,Dwaraka Nagar,Theft
2023-03-15 18:41:00,17.775242,83.329561,Pedda Waltair,Harassment
2023-10-15 06:51:00,17.708288,83.162119,Pedda Waltair,Assault
2023-03-18 09:03:00,17.760582,83.188874,Pedda Waltair,Burglary
2023-09-26 14:26:00,17.815833,83.20777,PM Palem,Theft
2023-01-26 23:30:00,17.801852,83.170704,KRM Colony,Assault
2023-03-28 03:25:00,17.821948,83.268625,PM Palem,Chain Snatching
2023-02-08 12:21:00,17.825387,83.201317,KRM Colony,Theft
2023-10-16 05:52:00,17.768142,83.197631,KRM Colony,Chain Snatching
2023-11-29 00:12:00,17.680184,83.23503,PM Palem,Assault
2023-07-28 12:12:00,17.71432,83.195247,MVP Colony,Theft
2023-03-05 19:01:00,17.819222,83.208741,Asilmetta,Drunk Driving
2023-04-17 18:21:00,17.680102,83.331515,Gajuwaka,Theft
2023-12-07 00:50:00,17.80649,83.284593,Madhurawada,Assault
2023-01-17 13:10:00,17.817023,83.303559,Seethammadhara,Burglary
2023-12-06 17:07:00,17.746583,83.267916,Jagadamba Junction,Burglary
2023-02-12 16:08:00,17.836703,83.257758,Seethammadhara,Theft
2023-02-25 14:53:00,17.843421,83.323366,Beach Road,Drunk Driving
2023-03-20 19:59:00,17.787921,83.162451,Madhurawada,Burglary
2023-08-05 03:27:00,17.747346,83.2084,Asilmetta,Theft
2023-12-18 22:40:00,17.68854,83.278643,Pedda Waltair,Harassment
2023-06-24 22:53:00,17.710501,83.291016,Pedda Waltair,Harassment
2023-05-30 02:52:00,17.84943,83.275381,Asilmetta,Harassment
2023-06-09 14:13:00,17.841317,83.177291,MVP Colony,Assault
2023-08-07 07:19:00,17.798155,83.201529,Madhurawada,Theft
2023-02-04 01:17:00,17.78076,83.226951,KRM Colony,Drunk Driving
2023-01-24 03:01:00,17.83287,83.178213,Asilmetta,Harassment
2023-01-07 01:49:00,17.763884,83.275544,Asilmetta,Harassment
2023-04-14 06:42:00,17.810222,83.319004,NAD Junction,Chain Snatching
2023-04-02 03:41:00,17.706884,83.318135,Kurmannapalem,Drunk Driving
2023-01-15 09:38:00,17.795518,83.254319,Kurmannapalem,Harassment
2023-06-02 06:57:00,17.806896,83.250787,Beach Road,Theft
2023-02-15 21:37:00,17.730901,83.166541,Asilmetta,Theft
2023-04-12 08:23:00,17.824547,83.336567,Madhurawada,Theft
2023-04-18 14:05:00,17.6808,83.354177,Gajuwaka,Vandalism
2023-02-06 20:52:00,17.749512,83.348879,Asilmetta,Harassment
2023-01-27 12:12:00,17.837063,83.276442,PM Palem,Chain Snatching
2023-12-30 08:47:00,17.689313,83.248672,PM Palem,Assault
2023-08-22 15:09:00,17.825587,83.222649,Gopalapatnam,Assault
2023-03-05 14:05:00,17.763689,83.237952,Asilmetta,Harassment
2023-10-09 07:08:00,17.73657,83.165911,NAD Junction,Assault
2023-05-14 10:35:00,17.783632,83.347548,PM Palem,Harassment
2023-12-11 07:58:00,17.720047,83.246859,Gopalapatnam,Harassment
2023-03-06 12:24:00,17.72314,83.326462,MVP Colony,Drunk Driving
2023-01-02 06:11:00,17.785866,83.300102,Kancharapalem,Burglary
2023-01-04 14:53:00,17.76022,83.23708,Asilmetta,Vandalism
2023-05-31 06:21:00,17.837791,83.177165,Seethammadhara,Assault
2023-05-04 21:05:00,17.844578,83.174213,Beach Road,Drunk Driving
2023-04-26 07:23:00,17.77916,83.239353,Asilmetta,Theft
2023-08-06 01:30:00,17.686534,83.17142,Jagadamba Junction,Assault
2023-11-12 14:37:00,17.759599,83.300534,Beach Road,Vandalism
2023-11-27 05:29:00,17.7087,83.357303,Pedda Waltair,Theft
2023-11-17 21:24:00,17.804467,83.329273,Gopalapatnam,Burglary
2023-08-13 19:15:00,17.710043,83.349525,Pedda Waltair,Harassment
2023-09-29 04:34:00,17.757467,83.18593,NAD Junction,Assault
2023-03-10 17:36:00,17.801023,83.351239,Dwaraka Nagar,Harassment
2023-06-14 03:25:00,17.836652,83.326258,KRM Colony,Harassment
2023-06-19 18:58:00,17.75122,83.312932,Gopalapatnam,Vandalism
2023-12-06 17:11:00,17.742956,83.319338,Gopalapatnam,Assault
2023-10-06 07:01:00,17.818549,83.174687,Kancharapalem,Assault
2023-11-15 07:27:00,17.833329,83.182818,KRM Colony,Drunk Driving
2023-07-03 16:04:00,17.733389,83.219471,Kancharapalem,Theft
2023-11-02 17:49:00,17.77898,83.277588,Seethammadhara,Vandalism
2023-03-10 16:30:00,17.688529,83.25439,Dwaraka Nagar,Burglary
2023-04-13 17:17:00,17.79021,83.34226,Seethammadhara,Vandalism
2023-07-29 22:09:00,17.793519,83.356839,MVP Colony,Harassment
2023-07-05 20:37:00,17.748878,83.328219,Kurmannapalem,Vandalism
2023-07-10 16:41:00,17.848879,83.282498,KRM Colony,Drunk Driving
2023-10-03 09:03:00,17.766873,83.173386,Pedda Waltair,Harassment
2023-02-08 08:23:00,17.704677,83.253319,Pedda Waltair,Harassment
2023-08-17 07:54:00,17.781692,83.161227,Asilmetta,Theft
2023-12-16 02:29:00,17.755022,83.19472,Pedda Waltair,Harassment
2023-09-21 14:40:00,17.848363,83.326386,Seethammadhara,Harassment
2023-08-22 00:41:00,17.698795,83.292035,PM Palem,Assault
2023-07-26 17:23:00,17.743945,83.327832,Kancharapalem,Vandalism
2023-04-16 13:45:00,17.803223,83.3334,Kancharapalem,Assault
2023-11-02 08:52:00,17.811204,83.31648,Madhurawada,Assault
2023-08-05 11:44:00,17.729243,83.317642,Beach Road,Drunk Driving
2023-06-26 08:37:00,17.783957,83.273505,Kurmannapalem,Harassment
2023-09-28 19:38:00,17.728391,83.282851,Gopalapatnam,Harassment
2023-03-05 00:25:00,17.767692,83.301111,Pedda Waltair,Theft
2023-09-09 06:26:00,17.776539,83.168952,NAD Junction,Assault
2023-04-30 07:10:00,17.694214,83.266994,Jagadamba Junction,Assault
2023-09-01 06:02:00,17.838081,83.320125,PM Palem,Drunk Driving
2023-12-16 12:13:00,17.690908,83.173525,Dwaraka Nagar,Harassment
2023-10-25 16:32:00,17.726756,83.252881,Dwaraka Nagar,Vandalism
2023-11-29 03:30:00,17.706046,83.212785,PM Palem,Chain Snatching
2023-06-28 21:01:00,17.751857,83.301816,MVP Colony,Vandalism
2023-02-20 16:52:00,17.712359,83.163137,Seethammadhara,Harassment
2023-06-04 10:45:00,17.721325,83.320862,MVP Colony,Harassment
2023-06-04 13:01:00,17.718112,83.249002,Dwaraka Nagar,Theft
2023-09-06 22:40:00,17.772832,83.168206,KRM Colony,Burglary
2023-04-16 08:21:00,17.745805,83.246588,PM Palem,Harassment
2023-01-17 07:12:00,17.758258,83.290085,Dwaraka Nagar,Drunk Driving
2023-03-16 11:57:00,17.807974,83.27837,Jagadamba Junction,Theft
2023-10-01 20:40:00,17.780113,83.357874,Kancharapalem,Chain Snatching
2023-11-23 07:52:00,17.688594,83.222689,Seethammadhara,Assault
2023-08-13 04:29:00,17.763379,83.27834,Gopalapatnam,Chain Snatching
2023-11-05 13:33:00,17.719984,83.240859,Kancharapalem,Theft
2023-02-11 04:47:00,17.806738,83.236855,Gajuwaka,Harassment
2023-06-19 20:37:00,17.705957,83.348681,Jagadamba Junction,Burglary
2023-04-08 13:23:00,17.740257,83.247393,Madhurawada,Vandalism
2023-11-06 15:18:00,17.712465,83.173227,KRM Colony,Theft
2023-03-23 05:32:00,17.754009,83.268929,Madhurawada,Theft
2023-12-25 03:38:00,17.730279,83.225217,Jagadamba Junction,Drunk Driving
2023-06-30 16:32:00,17.725961,83.294581,Dwaraka Nagar,Theft
2023-02-16 09:30:00,17.760307,83.262761,Dwaraka Nagar,Theft
2023-10-29 22:42:00,17.803981,83.230936,Gajuwaka,Chain Snatching
2023-12-02 06:56:00,17.707178,83.179317,KRM Colony,Vandalism
2023-09-18 02:06:00,17.778468,83.206091,NAD Junction,Vandalism
2023-06-13 16:44:00,17.79227,83.231416,Asilmetta,Drunk Driving
2023-03-04 16:46:00,17.699005,83.270754,Seethammadhara,Harassment
2023-07-13 12:47:00,17.735254,83.330742,PM Palem,Burglary
2023-08-20 16:30:00,17.791478,83.314946,Madhurawada,Harassment
2023-10-25 20:47:00,17.788865,83.187184,PM Palem,Burglary
2023-01-26 20:59:00,17.800655,83.289137,Gopalapatnam,Assault
2023-12-02 08:46:00,17.745046,83.244915,Seethammadhara,Harassment
2023-10-29 00:46:00,17.745601,83.26449,Seethammadhara,Burglary
2023-02-09 04:34:00,17.822996,83.275167,Madhurawada,Assault
2023-02-16 02:10:00,17.775838,83.222534,Madhurawada,Harassment
2023-08-04 03:32:00,17.682746,83.310857,Beach Road,Theft
2023-03-04 07:44:00,17.845399,83.22557,Beach Road,Chain Snatching
2023-01-26 03:24:00,17.743161,83.217215,MVP Colony,Harassment
2023-12-16 14:22:00,17.72795,83.183743,Gajuwaka,Assault
2023-10-24 16:54:00,17.76537,83.300051,Jagadamba Junction,Theft
2023-06-22 20:24:00,17.799728,83.220275,Jagadamba Junction,Assault
2023-04-28 01:19:00,17.698573,83.314732,Kancharapalem,Theft
2023-03-13 03:37:00,17.723066,83.176455,Dwaraka Nagar,Burglary
2023-01-29 05:09:00,17.787706,83.340119,Dwaraka Nagar,Assault
2023-08-14 20:53:00,17.84246,83.329535,Dwaraka Nagar,Theft
2023-05-24 23:35:00,17.807852,83.254148,Madhurawada,Vandalism
2023-02-24 10:59:00,17.770468,83.341064,Dwaraka Nagar,Chain Snatching
2023-06-27 03:07:00,17.737862,83.200301,Madhurawada,Burglary
2023-06-08 14:17:00,17.840161,83.325809,PM Palem,Theft
2023-05-13 16:41:00,17.741482,83.32644,PM Palem,Vandalism
2023-09-10 18:27:00,17.723766,83.294183,Jagadamba Junction,Theft
2023-10-08 00:07:00,17.746741,83.205589,Dwaraka Nagar,Harassment
2023-03-01 20:41:00,17.765539,83.35472,Asilmetta,Harassment
2023-03-06 13:37:00,17.727703,83.245281,Kurmannapalem,Theft
2023-12-21 13:59:00,17.797416,83.290407,Beach Road,Chain Snatching
2023-04-11 20:21:00,17.710797,83.199249,Seethammadhara,Theft
2023-02-15 13:22:00,17.79234,83.284913,Jagadamba Junction,Burglary
2023-12-10 16:29:00,17.784471,83.331693,Kancharapalem,Burglary
2023-02-23 13:54:00,17.798794,83.336708,Kancharapalem,Vandalism
2023-07-19 19:04:00,17.844917,83.33556,Madhurawada,Vandalism
2023-12-08 03:24:00,17.839691,83.174875,PM Palem,Theft
2023-02-02 13:05:00,17.808311,83.241747,Gopalapatnam,Drunk Driving
2023-01-31 22:45:00,17.773903,83.221238,Jagadamba Junction,Drunk Driving
2023-04-16 06:39:00,17.763052,83.299933,Beach Road,Drunk Driving
2023-07-26 04:11:00,17.833539,83.305032,MVP Colony,Theft
2023-07-28 13:35:00,17.710255,83.228645,MVP Colony,Burglary
2023-05-28 05:59:00,17.839294,83.26457,Dwaraka Nagar,Vandalism
2023-12-31 03:15:00,17.803463,83.219232,Pedda Waltair,Drunk Driving
2023-02-25 15:48:00,17.771427,83.216486,PM Palem,Harassment
2023-07-06 19:23:00,17.798784,83.225344,MVP Colony,Chain Snatching
2023-06-28 14:35:00,17.750353,83.35625,Dwaraka Nagar,Theft
2023-04-16 11:26:00,17.688383,83.246539,Seethammadhara,Harassment
2023-04-22 08:15:00,17.733453,83.20993,Madhurawada,Harassment
2023-10-19 08:23:00,17.771226,83.204707,Pedda Waltair,Assault
2023-02-24 21:26:00,17.788312,83.213182,Dwaraka Nagar,Drunk Driving
2023-09-11 03:38:00,17.80593,83.208708,KRM Colony,Theft
2023-06-21 08:07:00,17.769725,83.272619,Kancharapalem,Vandalism
2023-01-14 15:33:00,17.694225,83.268614,Beach Road,Chain Snatching
2023-02-17 11:14:00,17.707593,83.282218,Kancharapalem,Drunk Driving
2023-08-18 02:45:00,17.803694,83.193663,Gopalapatnam,Assault
2023-10-21 14:05:00,17.780574,83.32505,Pedda Waltair,Harassment
2023-11-22 22:16:00,17.793264,83.23809,Beach Road,Assault
2023-05-20 11:51:00,17.70348,83.180861,KRM Colony,Drunk Driving
2023-07-25 06:33:00,17.683228,83.344422,NAD Junction,Vandalism
2023-06-20 20:04:00,17.807067,83.317553,Kancharapalem,Assault
2023-01-25 05:22:00,17.820395,83.34417,Kurmannapalem,Harassment
2023-08-03 23:49:00,17.838887,83.181097,Madhurawada,Vandalism
2023-08-19 20:55:00,17.734318,83.200582,MVP Colony,Harassment
2023-07-01 11:41:00,17.827004,83.209088,NAD Junction,Drunk Driving
2023-04-06 09:08:00,17.739292,83.274414,Gopalapatnam,Theft
2023-09-19 01:46:00,17.741628,83.176932,NAD Junction,Theft
2023-03-31 02:44:00,17.725248,83.285008,PM Palem,Theft
2023-06-08 03:53:00,17.738745,83.259805,Seethammadhara,Assault
2023-12-25 10:39:00,17.744243,83.271699,PM Palem,Burglary
2023-08-02 18:48:00,17.81701,83.344274,Asilmetta,Chain Snatching
2023-05-25 05:55:00,17.804722,83.350167,Dwaraka Nagar,Theft
2023-11-23 19:36:00,17.703216,83.208008,Pedda Waltair,Theft
2023-11-03 17:05:00,17.832672,83.212759,Dwaraka Nagar,Chain Snatching
2023-10-08 05:45:00,17.77619,83.207996,Dwaraka Nagar,Drunk Driving
2023-02-01 13:10:00,17.812403,83.355387,Gopalapatnam,Assault
2023-08-13 18:17:00,17.74293,83.270258,Gajuwaka,Assault
2023-03-18 05:40:00,17.770119,83.263728,Seethammadhara,Harassment
2023-11-11 02:48:00,17.841844,83.300914,PM Palem,Vandalism
2023-05-18 21:22:00,17.718536,83.252583,Beach Road,Theft
2023-12-18 23:08:00,17.837619,83.283338,NAD Junction,Theft
2023-11-01 03:25:00,17.684127,83.352556,NAD Junction,Harassment
2023-12-16 06:20:00,17.689704,83.241493,Beach Road,Harassment
2023-03-23 14:50:00,17.824682,83.245905,PM Palem,Chain Snatching
2023-03-15 13:18:00,17.840155,83.284108,KRM Colony,Theft
2023-02-25 18:39:00,17.72045,83.226421,Gopalapatnam,Harassment
2023-07-31 23:44:00,17.790685,83.253049,Jagadamba Junction,Chain Snatching
2023-04-22 09:46:00,17.692116,83.232964,KRM Colony,Assault
2023-03-27 22:59:00,17.828288,83.313806,NAD Junction,Vandalism
2023-03-17 21:37:00,17.758549,83.165504,NAD Junction,Burglary
2023-08-20 20:41:00,17.827664,83.330221,Kancharapalem,Harassment
2023-05-16 07:49:00,17.728182,83.287806,Gajuwaka,Assault
2023-01-29 19:04:00,17.697232,83.217833,Kurmannapalem,Vandalism
2023-03-10 06:23:00,17.787896,83.21703,Seethammadhara,Assault
2023-06-23 20:58:00,17.791697,83.199127,Kurmannapalem,Theft
2023-03-20 21:49:00,17.717767,83.183322,Asilmetta,Assault
2023-04-05 13:22:00,17.764316,83.239707,Gajuwaka,Vandalism
2023-12-11 06:13:00,17.708689,83.288056,Gajuwaka,Assault
2023-01-21 14:19:00,17.747506,83.301683,Seethammadhara,Harassment
2023-11-08 16:42:00,17.843379,83.209139,Seethammadhara,Chain Snatching
2023-10-25 05:22:00,17.708618,83.261502,Asilmetta,Theft
2023-12-23 10:52:00,17.687755,83.351892,Pedda Waltair,Harassment
2023-01-11 23:57:00,17.765643,83.307668,Dwaraka Nagar,Theft
2023-11-26 02:12:00,17.694861,83.313575,Madhurawada,Assault
2023-08-25 20:46:00,17.774291,83.205619,Kurmannapalem,Harassment
2023-12-13 19:25:00,17.702996,83.184252,Kurmannapalem,Vandalism
2023-03-29 09:51:00,17.747754,83.335611,KRM Colony,Harassment
2023-07-09 12:33:00,17.829174,83.22127,Seethammadhara,Theft
2023-05-23 13:10:00,17.787304,83.26763,Asilmetta,Theft
2023-07-25 12:02:00,17.847151,83.278491,Pedda Waltair,Harassment
2023-02-12 18:31:00,17.756606,83.271288,Seethammadhara,Burglary
2023-12-02 10:27:00,17.82504,83.339153,PM Palem,Chain Snatching
2023-01-21 14:39:00,17.744075,83.207102,Pedda Waltair,Chain Snatching
2023-02-16 01:23:00,17.718513,83.304294,Dwaraka Nagar,Chain Snatching
2023-02-28 05:07:00,17.776322,83.224262,Dwaraka Nagar,Vandalism
2023-12-05 20:31:00,17.743862,83.325236,Seethammadhara,Theft
2023-05-24 03:33:00,17.834835,83.280091,PM Palem,Theft
2023-03-16 12:10:00,17.694699,83.272604,KRM Colony,Assault
2023-07-13 01:49:00,17.765639,83.227777,Gajuwaka,Harassment
2023-11-27 17:47:00,17.824583,83.342747,NAD Junction,Vandalism
2023-03-31 12:04:00,17.835202,83.288277,Pedda Waltair,Harassment
2023-09-06 10:45:00,17.793588,83.272704,NAD Junction,Vandalism
2023-05-10 00:45:00,17.812149,83.169857,Kancharapalem,Chain Snatching
2023-01-12 19:16:00,17.8219,83.33262,Asilmetta,Assault
2023-02-16 16:21:00,17.692044,83.320513,Pedda Waltair,Burglary
2023-12-20 00:32:00,17.726603,83.160922,Kurmannapalem,Vandalism
2023-07-27 02:35:00,17.823148,83.3208,Jagadamba Junction,Theft
2023-08-04 23:40:00,17.694907,83.214586,KRM Colony,Assault
2023-07-10 22:10:00,17.742362,83.288462,Asilmetta,Chain Snatching
2023-04-07 07:18:00,17.687962,83.312772,Jagadamba Junction,Drunk Driving
2023-08-16 22:52:00,17.770933,83.322068,NAD Junction,Assault
2023-06-18 18:14:00,17.732131,83.330915,Beach Road,Assault
2023-12-29 03:09:00,17.834897,83.180123,Gopalapatnam,Theft
2023-09-11 23:28:00,17.687007,83.261287,Gopalapatnam,Drunk Driving
2023-08-06 19:46:00,17.800764,83.21618,PM Palem,Harassment
2023-09-14 02:23:00,17.747125,83.21109,PM Palem,Theft
2023-10-28 07:04:00,17.758776,83.247404,Jagadamba Junction,Assault
2023-02-23 20:53:00,17.68425,83.276195,MVP Colony,Assault
2023-05-09 10:47:00,17.759145,83.277101,Asilmetta,Drunk Driving
2023-09-05 01:54:00,17.825754,83.359269,Gajuwaka,Chain Snatching
2023-02-19 22:08:00,17.690694,83.246999,Jagadamba Junction,Theft
2023-10-26 05:11:00,17.809247,83.186668,Kurmannapalem,Drunk Driving
2023-11-09 16:04:00,17.778134,83.327455,Seethammadhara,Theft
2023-01-06 03:09:00,17.778289,83.165036,MVP Colony,Burglary
2023-04-27 12:39:00,17.844593,83.162206,Seethammadhara,Harassment
2023-07-29 19:52:00,17.725614,83.357585,Kancharapalem,Theft
2023-02-27 04:20:00,17.704558,83.230861,Kurmannapalem,Theft
2023-10-06 17:02:00,17.700701,83.272689,Kancharapalem,Chain Snatching
2023-01-25 20:46:00,17.681676,83.272893,Kancharapalem,Drunk Driving
2023-10-06 14:02:00,17.700162,83.270625,Jagadamba Junction,Harassment
2023-08-06 07:45:00,17.736469,83.172768,Seethammadhara,Harassment
2023-05-03 11:14:00,17.813337,83.266977,Gajuwaka,Harassment
2023-04-16 00:55:00,17.793383,83.207712,KRM Colony,Theft
2023-12-08 12:36:00,17.696605,83.160165,MVP Colony,Assault
2023-05-23 12:04:00,17.695509,83.358501,Beach Road,Vandalism
2023-08-24 21:25:00,17.773558,83.308702,NAD Junction,Burglary
2023-10-08 12:50:00,17.804234,83.283255,Beach Road,Chain Snatching
2023-11-11 08:46:00,17.702119,83.359556,NAD Junction,Chain Snatching
2023-03-01 22:45:00,17.814238,83.197965,KRM Colony,Theft
2023-11-02 17:38:00,17.834206,83.199899,Gajuwaka,Vandalism
2023-04-23 05:52:00,17.843635,83.347174,NAD Junction,Assault
2023-01-30 01:23:00,17.784055,83.170858,Madhurawada,Burglary
2023-06-05 03:39:00,17.843212,83.245812,KRM Colony,Chain Snatching
2023-11-17 23:25:00,17.731142,83.207403,Seethammadhara,Harassment
2023-04-11 16:32:00,17.690753,83.272445,NAD Junction,Theft
2023-03-09 08:11:00,17.684498,83.344587,Jagadamba Junction,Vandalism
2023-10-10 15:04:00,17.838138,83.295673,Kurmannapalem,Chain Snatching
2023-10-06 07:18:00,17.786472,83.35428,Jagadamba Junction,Drunk Driving
2023-04-06 14:03:00,17.77685,83.214391,PM Palem,Harassment
2023-12-09 06:55:00,17.694895,83.340582,Gopalapatnam,Harassment
2023-02-03 03:05:00,17.733367,83.268886,Kurmannapalem,Assault
2023-12-16 17:18:00,17.746514,83.176481,Gopalapatnam,Harassment
2023-03-30 12:34:00,17.704553,83.26906,Gajuwaka,Chain Snatching
2023-10-19 13:51:00,17.734116,83.30669,Seethammadhara,Vandalism
2023-08-26 18:25:00,17.817869,83.166418,Dwaraka Nagar,Theft
2023-06-11 11:58:00,17.704801,83.345459,Seethammadhara,Theft
2023-09-09 19:19:00,17.699509,83.205296,PM Palem,Vandalism
2023-08-19 12:34:00,17.726603,83.21313,Kancharapalem,Harassment
2023-12-26 00:30:00,17.768514,83.284887,MVP Colony,Theft
2023-03-20 00:35:00,17.693071,83.234947,Gajuwaka,Theft
2023-08-22 14:30:00,17.707428,83.284978,Madhurawada,Burglary
2023-04-07 00:16:00,17.719963,83.213406,NAD Junction,Drunk Driving
2023-10-27 21:21:00,17.70545,83.34487,Madhurawada,Theft
2023-10-03 16:50:00,17.782086,83.343623,Asilmetta,Assault
2023-01-28 11:25:00,17.795407,83.169099,Gajuwaka,Assault
2023-08-31 09:06:00,17.776089,83.239835,Dwaraka Nagar,Theft
2023-09-19 05:18:00,17.812015,83.31205,Asilmetta,Theft
2023-03-01 14:15:00,17.680918,83.230221,Pedda Waltair,Theft
2023-01-12 20:13:00,17.693209,83.285562,PM Palem,Assault
2023-04-11 14:37:00,17.732547,83.334289,Kancharapalem,Assault
2023-05-26 03:30:00,17.68059,83.308038,Gajuwaka,Vandalism
2023-07-16 19:45:00,17.71691,83.296662,Gopalapatnam,Harassment
2023-12-15 00:14:00,17.821702,83.290946,Madhurawada,Assault
2023-11-14 21:59:00,17.806035,83.179898,Seethammadhara,Drunk Driving
2023-04-01 04:57:00,17.725203,83.226864,Kurmannapalem,Theft
2023-01-07 02:25:00,17.829564,83.257873,Dwaraka Nagar,Harassment
2023-07-10 11:14:00,17.788007,83.217707,Jagadamba Junction,Theft
2023-09-27 09:21:00,17.803806,83.316721,Jagadamba Junction,Theft
2023-05-04 10:04:00,17.845603,83.333969,Kurmannapalem,Theft
2023-11-25 00:36:00,17.775047,83.20149,PM Palem,Chain Snatching
2023-08-07 09:17:00,17.810843,83.205003,Kurmannapalem,Theft
2023-11-01 16:19:00,17.834209,83.278475,Kancharapalem,Harassment
2023-11-26 22:21:00,17.816331,83.318508,Dwaraka Nagar,Vandalism
2023-08-17 15:49:00,17.830509,83.277034,Kurmannapalem,Burglary
2023-11-12 16:58:00,17.825799,83.182149,NAD Junction,Theft
2023-01-03 02:30:00,17.849303,83.27259,Jagadamba Junction,Assault
2023-03-07 13:10:00,17.796906,83.262849,Beach Road,Drunk Driving
2023-12-30 13:12:00,17.693221,83.163802,Kurmannapalem,Theft
2023-01-27 05:09:00,17.683909,83.359164,Madhurawada,Vandalism
2023-10-08 04:55:00,17.83895,83.164524,Jagadamba Junction,Burglary
2023-09-06 21:44:00,17.791159,83.30192,MVP Colony,Harassment
2023-12-01 06:57:00,17.708009,83.211601,Asilmetta,Theft
2023-10-31 17:50:00,17.709225,83.33102,KRM Colony,Theft
2023-12-31 06:29:00,17.760546,83.266305,Gopalapatnam,Drunk Driving
2023-09-23 04:17:00,17.788465,83.172188,Kancharapalem,Chain Snatching
2023-11-29 06:50:00,17.791569,83.334418,Madhurawada,Assault
2023-08-21 14:56:00,17.83319,83.195634,PM Palem,Theft
2023-06-13 02:22:00,17.780029,83.186068,MVP Colony,Harassment
2023-11-22 20:02:00,17.734908,83.168366,Beach Road,Drunk Driving
2023-12-15 02:09:00,17.801518,83.236078,Gajuwaka,Assault
2023-06-05 22:41:00,17.701656,83.28606,Seethammadhara,Theft
2023-08-18 00:29:00,17.798542,83.19131,PM Palem,Theft
2023-02-26 06:56:00,17.711587,83.331136,NAD Junction,Theft
2023-03-02 11:09:00,17.781301,83.297693,Jagadamba Junction,Vandalism
2023-11-23 08:15:00,17.83515,83.350565,Madhurawada,Theft
2023-03-14 10:01:00,17.8122,83.170441,Madhurawada,Burglary
2023-05-21 02:45:00,17.849936,83.308298,Kancharapalem,Harassment
2023-06-21 14:41:00,17.736147,83.253996,Beach Road,Theft
2023-06-29 13:51:00,17.812464,83.317822,Gajuwaka,Theft
2023-04-09 12:13:00,17.741995,83.308449,Dwaraka Nagar,Harassment
2023-11-07 07:57:00,17.788521,83.210541,NAD Junction,Vandalism
2023-01-18 15:57:00,17.839615,83.22339,Kurmannapalem,Theft
2023-08-03 23:36:00,17.815952,83.309463,Beach Road,Harassment
2023-08-24 03:03:00,17.790422,83.339152,Kancharapalem,Theft
2023-06-24 14:40:00,17.793697,83.234234,Pedda Waltair,Drunk Driving
2023-07-18 22:01:00,17.820506,83.248865,Kurmannapalem,Chain Snatching
2023-06-08 22:27:00,17.773276,83.327872,PM Palem,Vandalism
2023-06-25 19:42:00,17.839108,83.309885,Gopalapatnam,Drunk Driving
2023-06-06 22:03:00,17.686734,83.211541,Madhurawada,Harassment
2023-06-08 21:19:00,17.845088,83.334084,Asilmetta,Theft
2023-11-04 18:52:00,17.702021,83.174261,Jagadamba Junction,Chain Snatching
2023-03-13 15:02:00,17.68097,83.278345,Beach Road,Theft
2023-05-14 08:51:00,17.763823,83.313932,KRM Colony,Chain Snatching
2023-11-26 19:43:00,17.709157,83.349286,Gopalapatnam,Chain Snatching
2023-03-02 14:53:00,17.793834,83.194073,Gopalapatnam,Theft
2023-07-18 12:14:00,17.730945,83.247633,Gopalapatnam,Harassment
2023-05-02 04:35:00,17.819644,83.207953,Madhurawada,Burglary
2023-07-27 08:12:00,17.738581,83.207838,Gajuwaka,Chain Snatching
2023-01-06 12:41:00,17.695677,83.188953,NAD Junction,Theft
2023-07-22 21:44:00,17.699183,83.288878,MVP Colony,Assault
2023-09-15 03:57:00,17.80289,83.252813,Gopalapatnam,Harassment
2023-09-29 23:21:00,17.776928,83.243226,Pedda Waltair,Drunk Driving
2023-06-18 02:25:00,17.792913,83.314596,Kancharapalem,Harassment
2023-05-18 21:18:00,17.736379,83.325641,Gajuwaka,Assault
2023-05-01 19:07:00,17.849108,83.262225,Madhurawada,Chain Snatching
2023-01-29 10:32:00,17.805372,83.34425,NAD Junction,Vandalism
2023-10-20 14:51:00,17.709702,83.178865,Asilmetta,Drunk Driving
2023-12-13 08:37:00,17.717366,83.257827,Asilmetta,Theft
2023-10-29 19:37:00,17.719486,83.331465,MVP Colony,Harassment
2023-02-10 13:54:00,17.809901,83.255198,Kurmannapalem,Theft
2023-03-12 12:16:00,17.843349,83.216808,MVP Colony,Theft
2023-06-08 13:38:00,17.683672,83.161008,Seethammadhara,Vandalism
2023-05-27 06:06:00,17.794548,83.294432,Asilmetta,Chain Snatching
2023-07-23 04:43:00,17.752525,83.271566,Seethammadhara,Assault
2023-06-17 11:28:00,17.795734,83.258473,Gopalapatnam,Harassment
2023-12-04 15:34:00,17.803906,83.191587,Kurmannapalem,Drunk Driving
2023-11-05 22:14:00,17.749602,83.278401,PM Palem,Drunk Driving
2023-01-26 00:41:00,17.769369,83.340628,Dwaraka Nagar,Chain Snatching
2023-02-16 02:44:00,17.811961,83.182881,Kancharapalem,Drunk Driving
2023-04-15 16:07:00,17.747186,83.224273,MVP Colony,Vandalism
2023-01-10 19:16:00,17.780957,83.173081,Kurmannapalem,Burglary
2023-07-19 11:57:00,17.741093,83.293165,Pedda Waltair,Theft
2023-03-10 01:15:00,17.848071,83.341779,Dwaraka Nagar,Burglary
2023-07-14 08:24:00,17.764351,83.253269,Seethammadhara,Harassment
2023-02-14 17:32:00,17.790904,83.32258,Jagadamba Junction,Assault
2023-10-03 03:58:00,17.773373,83.251675,MVP Colony,Theft
2023-08-07 20:11:00,17.813293,83.207371,NAD Junction,Drunk Driving
2023-12-26 03:25:00,17.726986,83.16188,Gopalapatnam,Burglary
2023-08-06 22:15:00,17.742074,83.30014,Asilmetta,Assault
2023-02-08 04:56:00,17.751925,83.179323,Kancharapalem,Burglary
2023-02-20 20:02:00,17.816114,83.277483,Gopalapatnam,Drunk Driving
2023-11-10 17:42:00,17.826061,83.306726,Beach Road,Theft
2023-05-19 19:22:00,17.692603,83.168249,Pedda Waltair,Vandalism
2023-07-25 18:20:00,17.830873,83.339486,MVP Colony,Harassment
2023-08-25 08:32:00,17.812587,83.255763,Dwaraka Nagar,Harassment
2023-07-21 13:12:00,17.705369,83.253134,PM Palem,Theft
2023-11-24 18:20:00,17.817676,83.284038,KRM Colony,Drunk Driving
2023-11-03 07:12:00,17.708242,83.285778,Gopalapatnam,Theft
2023-12-30 19:40:00,17.806389,83.20895,Kurmannapalem,Harassment
2023-06-02 17:54:00,17.689805,83.272013,MVP Colony,Theft
2023-07-22 04:10:00,17.706198,83.190967,Jagadamba Junction,Chain Snatching
2023-05-05 00:37:00,17.746106,83.164639,MVP Colony,Assault
2023-09-28 06:11:00,17.767737,83.247044,Kancharapalem,Harassment
2023-11-28 11:22:00,17.806214,83.346793,Seethammadhara,Assault
2023-01-23 05:42:00,17.753924,83.290243,Asilmetta,Drunk Driving
2023-04-20 20:03:00,17.770292,83.334021,Asilmetta,Theft
2023-07-31 11:39:00,17.800364,83.197583,KRM Colony,Vandalism
2023-09-14 13:38:00,17.835908,83.213004,Madhurawada,Assault
2023-10-16 19:53:00,17.741656,83.262001,Kancharapalem,Theft
2023-12-14 22:44:00,17.747693,83.324242,Pedda Waltair,Chain Snatching
2023-01-10 06:39:00,17.745433,83.349834,Kancharapalem,Burglary
2023-03-15 16:49:00,17.814612,83.343495,Beach Road,Burglary
2023-01-23 10:14:00,17.711856,83.204493,Gajuwaka,Harassment
2023-02-12 03:45:00,17.760182,83.289786,Pedda Waltair,Drunk Driving
2023-05-04 07:09:00,17.720279,83.343467,KRM Colony,Chain Snatching
2023-08-04 19:54:00,17.747445,83.245036,Dwaraka Nagar,Drunk Driving
2023-11-10 18:57:00,17.782882,83.172564,Beach Road,Theft
2023-12-08 08:23:00,17.849212,83.258978,Dwaraka Nagar,Assault
2023-05-15 09:30:00,17.743836,83.251643,KRM Colony,Theft
2023-10-13 09:15:00,17.846205,83.213676,MVP Colony,Theft
2023-04-13 02:07:00,17.787272,83.279433,Gopalapatnam,Harassment
2023-12-30 05:17:00,17.830261,83.29875,NAD Junction,Chain Snatching
2023-03-05 10:46:00,17.849163,83.359964,Madhurawada,Harassment
2023-05-12 16:59:00,17.75459,83.286675,Dwaraka Nagar,Harassment
2023-05-03 11:37:00,17.737688,83.231875,KRM Colony,Harassment
2023-08-31 16:38:00,17.825517,83.207095,Gopalapatnam,Vandalism
2023-09-09 18:59:00,17.773332,83.280977,PM Palem,Theft
2023-04-10 23:39:00,17.786097,83.255442,NAD Junction,Assault
2023-08-28 22:58:00,17.833799,83.335537,Jagadamba Junction,Drunk Driving
2023-11-30 13:42:00,17.842652,83.348098,Kurmannapalem,Assault
2023-05-01 01:12:00,17.797996,83.172131,Pedda Waltair,Chain Snatching
2023-03-04 20:47:00,17.685517,83.286813,KRM Colony,Theft
2023-07-21 02:49:00,17.819236,83.267946,PM Palem,Drunk Driving
2023-04-25 08:55:00,17.780262,83.199361,Jagadamba Junction,Harassment
2023-12-16 11:19:00,17.835454,83.333714,Dwaraka Nagar,Chain Snatching
2023-01-02 20:45:00,17.835715,83.208603,Kancharapalem,Assault
2023-09-05 18:41:00,17.843747,83.309637,Beach Road,Burglary
2023-09-10 21:44:00,17.806796,83.345767,Kurmannapalem,Assault
2023-02-24 13:31:00,17.83654,83.329472,Seethammadhara,Burglary
2023-11-24 04:15:00,17.794095,83.351127,Asilmetta,Theft
2023-08-22 19:21:00,17.843238,83.179417,Madhurawada,Chain Snatching
2023-08-14 08:25:00,17.741069,83.279229,Gopalapatnam,Drunk Driving
2023-06-30 04:14:00,17.733654,83.295532,Dwaraka Nagar,Chain Snatching
2023-02-19 16:04:00,17.799784,83.295769,KRM Colony,Drunk Driving
2023-02-11 06:16:00,17.813222,83.163874,Gopalapatnam,Assault
2023-05-30 03:47:00,17.722948,83.350248,Gajuwaka,Theft
2023-07-11 23:12:00,17.771587,83.219423,Madhurawada,Harassment
2023-05-22 06:46:00,17.689585,83.306702,Kancharapalem,Assault
2023-09-09 14:04:00,17.848819,83.30887,Beach Road,Burglary
2023-05-23 17:21:00,17.717869,83.35115,NAD Junction,Theft
2023-08-20 09:41:00,17.759387,83.189492,Beach Road,Vandalism
2023-07-25 11:25:00,17.809416,83.173678,Madhurawada,Assault
2023-07-29 16:50:00,17.726705,83.252526,Pedda Waltair,Harassment
2023-05-07 13:13:00,17.688222,83.199908,Madhurawada,Harassment
2023-01-30 15:48:00,17.719354,83.160481,Pedda Waltair,Theft
2023-10-02 10:02:00,17.7867,83.328505,Gajuwaka,Theft
2023-07-28 21:24:00,17.84596,83.195925,PM Palem,Theft
2023-11-07 02:11:00,17.806115,83.275511,MVP Colony,Theft
2023-10-05 23:32:00,17.695663,83.285314,NAD Junction,Harassment
2023-12-07 04:03:00,17.721351,83.238164,Jagadamba Junction,Burglary
2023-02-15 01:55:00,17.686079,83.312136,Kurmannapalem,Theft
2023-12-28 16:26:00,17.696076,83.243278,Madhurawada,Drunk Driving
2023-04-30 18:21:00,17.732821,83.330572,Asilmetta,Harassment
2023-07-03 05:24:00,17.843569,83.268658,Gajuwaka,Vandalism
2023-09-19 22:55:00,17.792096,83.216552,Gopalapatnam,Burglary
2023-04-14 18:33:00,17.716547,83.308407,Asilmetta,Vandalism
2023-09-26 12:15:00,17.791451,83.198463,Gopalapatnam,Burglary
2023-07-20 01:49:00,17.810923,83.2519,Pedda Waltair,Theft
2023-06-30 20:02:00,17.710064,83.255697,Beach Road,Theft
2023-05-17 13:36:00,17.835595,83.214482,Beach Road,Harassment
2023-08-07 20:51:00,17.733794,83.207514,Asilmetta,Drunk Driving
2023-07-08 15:39:00,17.721232,83.281124,PM Palem,Drunk Driving
2023-12-10 17:14:00,17.738135,83.281339,Jagadamba Junction,Harassment
2023-09-22 06:20:00,17.733819,83.176834,Madhurawada,Harassment
2023-03-03 08:46:00,17.763437,83.290896,Jagadamba Junction,Theft
2023-05-19 11:06:00,17.797941,83.197678,MVP Colony,Theft
2023-10-16 09:22:00,17.773751,83.34782,NAD Junction,Chain Snatching
2023-11-30 19:22:00,17.685942,83.286192,Kancharapalem,Theft
2023-11-09 13:01:00,17.800297,83.282162,MVP Colony,Vandalism
2023-03-12 21:29:00,17.711589,83.346086,KRM Colony,Assault
2023-10-28 22:36:00,17.811588,83.179863,Gopalapatnam,Burglary
2023-01-28 03:59:00,17.767929,83.183098,Pedda Waltair,Chain Snatching
2023-03-08 20:06:00,17.77109,83.169989,Kurmannapalem,Vandalism
2023-12-29 00:59:00,17.806202,83.277255,Kancharapalem,Drunk Driving
2023-06-04 23:38:00,17.733845,83.287736,NAD Junction,Burglary
2023-01-30 06:22:00,17.81154,83.250389,Jagadamba Junction,Harassment
2023-10-12 20:31:00,17.786025,83.160612,Asilmetta,Theft
2023-03-26 14:41:00,17.709414,83.225713,Kancharapalem,Burglary
2023-05-24 17:25:00,17.849528,83.355545,Gopalapatnam,Assault
2023-07-28 05:30:00,17.753538,83.245642,Madhurawada,Theft
2023-05-20 19:08:00,17.809642,83.225645,NAD Junction,Theft
2023-09-10 05:50:00,17.688582,83.336283,Gajuwaka,Theft
2023-09-07 06:11:00,17.810899,83.171589,Jagadamba Junction,Theft
2023-05-23 16:09:00,17.837815,83.199178,Beach Road,Harassment
2023-03-08 07:54:00,17.726973,83.21839,Madhurawada,Burglary
2023-11-12 02:18:00,17.791406,83.260149,Gajuwaka,Harassment
2023-04-22 13:39:00,17.80581,83.269301,Kancharapalem,Harassment
2023-12-09 09:56:00,17.739692,83.263538,Kurmannapalem,Assault
2023-01-06 16:29:00,17.821753,83.266153,Seethammadhara,Theft
2023-01-13 09:39:00,17.750119,83.275437,KRM Colony,Vandalism
2023-11-11 09:59:00,17.693046,83.317624,Pedda Waltair,Assault
2023-12-09 01:26:00,17.835139,83.182786,Gajuwaka,Theft
2023-03-05 11:40:00,17.838094,83.220258,Gajuwaka,Assault
2023-02-11 06:54:00,17.681547,83.349447,MVP Colony,Chain Snatching
2023-07-11 11:20:00,17.843603,83.160477,NAD Junction,Harassment
2023-06-03 10:18:00,17.833893,83.358644,Gajuwaka,Theft
2023-02-15 14:39:00,17.760455,83.258244,Asilmetta,Theft
2023-07-17 07:59:00,17.773258,83.202036,Gajuwaka,Vandalism
2023-06-06 11:47:00,17.698279,83.289637,Madhurawada,Drunk Driving
2023-03-01 05:54:00,17.710946,83.221831,NAD Junction,Harassment
2023-11-23 04:50:00,17.735529,83.164832,Gopalapatnam,Drunk Driving
2023-07-21 11:28:00,17.73963,83.211301,Madhurawada,Chain Snatching
2023-08-30 10:50:00,17.715292,83.17618,Asilmetta,Harassment
2023-11-23 06:19:00,17.707262,83.350599,Gajuwaka,Theft
2023-03-04 03:56:00,17.774473,83.283731,KRM Colony,Assault
2023-10-17 12:12:00,17.76979,83.194169,Asilmetta,Drunk Driving
2023-01-26 05:08:00,17.793224,83.173878,Beach Road,Harassment
2023-05-27 03:47:00,17.745804,83.229765,Pedda Waltair,Drunk Driving
2023-02-05 08:46:00,17.740184,83.25556,Pedda Waltair,Harassment
2023-05-21 09:28:00,17.702735,83.200621,Madhurawada,Harassment
2023-08-28 08:16:00,17.811877,83.213449,Pedda Waltair,Chain Snatching
2023-07-31 03:23:00,17.765065,83.236704,Kancharapalem,Vandalism
2023-03-07 09:34:00,17.772276,83.349435,Gajuwaka,Chain Snatching
2023-11-11 15:50:00,17.690358,83.285987,Dwaraka Nagar,Assault
2023-06-18 16:06:00,17.687917,83.342496,Asilmetta,Vandalism
2023-03-19 18:27:00,17.767806,83.176763,KRM Colony,Drunk Driving
2023-11-23 16:20:00,17.814264,83.193539,Beach Road,Theft
2023-12-13 06:01:00,17.778144,83.213421,Pedda Waltair,Theft
2023-11-04 14:00:00,17.724233,83.188439,Jagadamba Junction,Assault
2023-05-16 18:31:00,17.767656,83.186132,PM Palem,Harassment
2023-08-27 03:39:00,17.826988,83.242517,Beach Road,Assault
2023-03-28 16:29:00,17.844609,83.307206,NAD Junction,Assault
2023-05-15 19:16:00,17.765642,83.213877,Beach Road,Vandalism
2023-11-28 12:31:00,17.710496,83.176831,Kancharapalem,Drunk Driving
2023-01-06 02:12:00,17.841498,83.18349,PM Palem,Theft
2023-05-15 19:07:00,17.721506,83.181993,Pedda Waltair,Burglary
2023-06-07 17:56:00,17.800585,83.259275,Dwaraka Nagar,Theft
2023-07-30 02:59:00,17.819737,83.28006,Dwaraka Nagar,Theft
2023-09-08 20:01:00,17.710591,83.339353,PM Palem,Drunk Driving
2023-10-31 09:46:00,17.784403,83.301607,PM Palem,Harassment
2023-09-12 22:23:00,17.815835,83.196176,Kurmannapalem,Vandalism
2023-05-05 09:21:00,17.754588,83.298175,Madhurawada,Drunk Driving
2023-10-06 01:13:00,17.681194,83.314746,Asilmetta,Burglary
2023-07-16 04:04:00,17.682376,83.212623,Gajuwaka,Theft
2023-08-26 08:50:00,17.696971,83.168143,Gopalapatnam,Assault
2023-06-06 08:52:00,17.793567,83.228074,PM Palem,Chain Snatching
2023-03-21 15:06:00,17.813507,83.188119,KRM Colony,Theft
2023-08-18 00:29:00,17.732965,83.207367,NAD Junction,Theft
2023-10-26 03:02:00,17.728533,83.30034,Dwaraka Nagar,Drunk Driving
2023-11-05 11:02:00,17.77374,83.210111,Madhurawada,Harassment
2023-06-05 22:28:00,17.817823,83.221887,Kurmannapalem,Vandalism
2023-07-27 06:16:00,17.809144,83.215297,Pedda Waltair,Vandalism
2023-09-11 22:13:00,17.848906,83.229225,NAD Junction,Theft
2023-01-04 12:23:00,17.736549,83.287442,Asilmetta,Assault
2023-01-04 13:20:00,17.719665,83.220828,Kancharapalem,Assault
2023-05-16 13:48:00,17.713656,83.348825,Dwaraka Nagar,Chain Snatching
2023-11-11 17:15:00,17.72544,83.229113,Madhurawada,Theft
2023-01-06 00:07:00,17.742477,83.315768,Kurmannapalem,Theft
2023-06-11 15:59:00,17.802871,83.305973,MVP Colony,Vandalism
2023-11-22 06:26:00,17.740692,83.268521,Dwaraka Nagar,Theft
2023-10-03 20:46:00,17.731834,83.296434,Kurmannapalem,Burglary
2023-12-17 11:19:00,17.79386,83.24981,Dwaraka Nagar,Harassment
2023-02-06 15:04:00,17.789635,83.329648,Madhurawada,Harassment
2023-06-20 02:35:00,17.724248,83.259548,Beach Road,Assault
2023-06-15 06:34:00,17.827606,83.311719,Beach Road,Drunk Driving
2023-11-06 11:56:00,17.789152,83.311501,Kancharapalem,Harassment
2023-03-30 07:50:00,17.830622,83.27922,Asilmetta,Theft
2023-12-31 10:45:00,17.688708,83.245759,Dwaraka Nagar,Burglary
2023-08-04 04:45:00,17.803239,83.285095,Beach Road,Assault
2023-06-05 16:48:00,17.78082,83.347842,Madhurawada,Theft
2023-06-14 20:19:00,17.846519,83.243964,Jagadamba Junction,Drunk Driving
2023-03-31 15:57:00,17.797719,83.237084,Asilmetta,Vandalism
2023-11-23 04:06:00,17.812104,83.183623,MVP Colony,Harassment
2023-05-16 21:34:00,17.746112,83.195211,Kancharapalem,Harassment
2023-01-21 14:08:00,17.746129,83.354688,Kancharapalem,Burglary
2023-02-21 06:25:00,17.786866,83.211138,Seethammadhara,Theft
2023-10-15 19:16:00,17.774144,83.350628,PM Palem,Harassment
2023-07-27 05:55:00,17.806185,83.202214,Seethammadhara,Harassment
2023-02-22 21:08:00,17.740846,83.179984,Dwaraka Nagar,Assault
2023-12-07 06:40:00,17.688942,83.251539,Gopalapatnam,Harassment
2023-03-27 20:50:00,17.849587,83.305499,Beach Road,Theft
2023-06-04 20:49:00,17.718097,83.318695,Dwaraka Nagar,Harassment
2023-05-18 17:33:00,17.755925,83.229698,Beach Road,Chain Snatching
2023-06-06 11:29:00,17.707592,83.222856,PM Palem,Drunk Driving
2023-10-21 14:53:00,17.737012,83.189584,Pedda Waltair,Burglary
2023-12-28 22:50:00,17.770374,83.301319,Gajuwaka,Vandalism
2023-09-17 23:31:00,17.826015,83.335415,NAD Junction,Drunk Driving
2023-04-26 17:46:00,17.79555,83.217054,Asilmetta,Vandalism
2023-05-18 10:08:00,17.734952,83.272403,Beach Road,Theft
2023-02-24 07:47:00,17.681766,83.335488,Jagadamba Junction,Theft
2023-01-11 07:05:00,17.817079,83.174932,Seethammadhara,Theft
2023-01-07 19:53:00,17.729021,83.221781,Pedda Waltair,Harassment
2023-03-12 10:47:00,17.712469,83.303217,Kurmannapalem,Theft
2023-01-21 01:19:00,17.809224,83.289989,PM Palem,Theft
2023-06-12 15:57:00,17.761029,83.210379,Dwaraka Nagar,Assault
2023-06-18 10:53:00,17.702478,83.186203,PM Palem,Burglary
2023-04-08 18:10:00,17.762637,83.252698,Kurmannapalem,Harassment
2023-03-13 22:38:00,17.748079,83.176695,Dwaraka Nagar,Assault
2023-11-17 19:29:00,17.830961,83.353768,Jagadamba Junction,Burglary
2023-11-20 06:55:00,17.726984,83.266377,Gopalapatnam,Theft
2023-10-23 04:00:00,17.743115,83.220828,Jagadamba Junction,Harassment
2023-07-11 11:22:00,17.814249,83.29229,Seethammadhara,Assault
2023-10-02 02:51:00,17.754209,83.270442,Dwaraka Nagar,Assault
2023-11-27 21:20:00,17.785036,83.168399,Seethammadhara,Assault
2023-05-15 00:36:00,17.716702,83.160027,Seethammadhara,Assault
2023-03-13 04:41:00,17.800364,83.326764,Dwaraka Nagar,Chain Snatching
2023-03-02 03:03:00,17.712427,83.241369,Jagadamba Junction,Theft
2023-07-22 22:31:00,17.813477,83.197948,Gajuwaka,Theft
2023-01-19 00:46:00,17.844095,83.326523,Beach Road,Theft
2023-07-01 05:40:00,17.835884,83.179493,Seethammadhara,Harassment
2023-03-07 19:31:00,17.736001,83.315666,Madhurawada,Drunk Driving
2023-11-17 12:25:00,17.776697,83.304058,Dwaraka Nagar,Vandalism
2023-04-22 21:06:00,17.687916,83.3107,Seethammadhara,Theft
2023-01-05 12:49:00,17.74224,83.222248,Kancharapalem,Drunk Driving
2023-10-18 11:20:00,17.777226,83.264431,Pedda Waltair,Vandalism
2023-06-29 04:03:00,17.702019,83.320427,Kurmannapalem,Theft
2023-10-25 15:10:00,17.822842,83.244647,Beach Road,Chain Snatching
2023-05-01 07:10:00,17.711771,83.291039,NAD Junction,Vandalism
2023-08-23 08:54:00,17.774512,83.25596,Dwaraka Nagar,Assault
2023-12-26 08:22:00,17.680911,83.341405,NAD Junction,Drunk Driving
2023-11-12 06:37:00,17.755453,83.359332,Pedda Waltair,Drunk Driving
2023-09-30 15:58:00,17.718863,83.205041,Pedda Waltair,Harassment
2023-11-02 22:40:00,17.816815,83.301027,Beach Road,Drunk Driving
2023-04-05 13:14:00,17.831572,83.346137,PM Palem,Harassment
2023-07-22 04:35:00,17.750621,83.18086,Dwaraka Nagar,Drunk Driving
2023-09-09 08:30:00,17.75435,83.197094,NAD Junction,Theft
2023-09-20 02:33:00,17.810471,83.289173,Dwaraka Nagar,Vandalism
2023-05-25 00:56:00,17.846052,83.306476,Pedda Waltair,Chain Snatching
2023-06-24 21:26:00,17.758773,83.222431,Kurmannapalem,Vandalism
2023-02-26 23:26:00,17.787189,83.310546,Kancharapalem,Harassment
2023-12-16 02:01:00,17.741122,83.282366,NAD Junction,Vandalism
2023-06-27 09:39:00,17.687182,83.297121,MVP Colony,Assault
2023-02-13 11:15:00,17.819078,83.216112,NAD Junction,Harassment
2023-03-17 09:40:00,17.846673,83.200973,NAD Junction,Drunk Driving
2023-07-05 08:59:00,17.779006,83.292244,Seethammadhara,Drunk Driving
2023-07-10 04:24:00,17.721588,83.323385,Kancharapalem,Vandalism
2023-11-17 07:04:00,17.692648,83.195292,Kancharapalem,Harassment
2023-09-09 04:36:00,17.822587,83.275258,Kurmannapalem,Theft
2023-08-07 05:27:00,17.688841,83.20072,Dwaraka Nagar,Burglary
2023-07-22 13:49:00,17.711243,83.281712,PM Palem,Assault
2023-06-28 14:07:00,17.791546,83.332961,Dwaraka Nagar,Assault
2023-08-20 16:12:00,17.829346,83.190862,KRM Colony,Harassment
2023-07-18 22:17:00,17.832811,83.331437,Gopalapatnam,Burglary
2023-04-18 19:20:00,17.814379,83.195863,NAD Junction,Theft
2023-12-25 15:17:00,17.849036,83.213876,Dwaraka Nagar,Assault
2023-05-03 20:53:00,17.821668,83.303323,Dwaraka Nagar,Harassment
2023-05-31 06:43:00,17.694403,83.356592,NAD Junction,Assault
2023-02-03 16:58:00,17.725094,83.276784,KRM Colony,Theft
2023-12-28 16:37:00,17.83913,83.219776,Kurmannapalem,Harassment
2023-04-09 01:36:00,17.703807,83.304387,MVP Colony,Theft
2023-07-29 21:31:00,17.795766,83.194343,Kurmannapalem,Theft
2023-02-07 13:28:00,17.822221,83.221463,Seethammadhara,Harassment
2023-11-05 22:21:00,17.712414,83.34201,Beach Road,Assault
2023-02-05 19:47:00,17.764434,83.226179,Gopalapatnam,Harassment
2023-08-31 01:05:00,17.810599,83.288105,Beach Road,Harassment
2023-04-08 19:16:00,17.767991,83.271799,Kancharapalem,Theft
2023-02-13 17:01:00,17.752255,83.347754,Pedda Waltair,Vandalism
2023-10-12 01:53:00,17.719349,83.281026,NAD Junction,Burglary
2023-03-02 18:33:00,17.699665,83.27179,Gajuwaka,Assault
2023-10-09 19:21:00,17.79623,83.351664,Kancharapalem,Assault
2023-10-12 09:03:00,17.746545,83.358306,Kurmannapalem,Drunk Driving
2023-01-25 19:02:00,17.818147,83.328298,Madhurawada,Assault
2023-11-26 09:55:00,17.766712,83.337082,Gopalapatnam,Vandalism
2023-06-14 15:10:00,17.832227,83.312195,Seethammadhara,Assault
2023-09-03 16:45:00,17.820553,83.26496,Madhurawada,Theft
2023-01-18 23:08:00,17.798065,83.160834,Asilmetta,Assault
2023-10-17 04:47:00,17.825106,83.167408,PM Palem,Drunk Driving
2023-05-22 19:59:00,17.816276,83.267846,Kurmannapalem,Harassment
2023-11-15 10:49:00,17.820303,83.178401,Gopalapatnam,Harassment
2023-12-24 05:41:00,17.702439,83.296515,Seethammadhara,Vandalism
2023-10-17 13:19:00,17.733396,83.275895,NAD Junction,Theft
2023-08-19 01:23:00,17.804743,83.248065,Jagadamba Junction,Burglary
2023-09-11 17:26:00,17.767564,83.185922,Gajuwaka,Harassment
2023-12-17 19:02:00,17.720153,83.253501,Kurmannapalem,Harassment
2023-10-02 00:26:00,17.772602,83.190151,MVP Colony,Theft
2023-07-17 01:30:00,17.741712,83.276322,NAD Junction,Theft
2023-11-27 15:52:00,17.779773,83.202996,MVP Colony,Theft
2023-03-14 06:25:00,17.70131,83.164717,Dwaraka Nagar,Harassment
2023-02-01 21:47:00,17.8312,83.209344,Pedda Waltair,Burglary
2023-10-01 08:56:00,17.785013,83.203344,Kancharapalem,Theft
2023-08-19 20:40:00,17.784699,83.336322,Gajuwaka,Chain Snatching
2023-08-17 11:25:00,17.837433,83.339177,KRM Colony,Theft
2023-05-05 11:35:00,17.82912,83.329355,KRM Colony,Harassment
2023-02-07 23:06:00,17.760239,83.219628,Gajuwaka,Theft
2023-10-20 15:39:00,17.806228,83.203705,Gajuwaka,Burglary
2023-08-13 10:06:00,17.785978,83.278782,KRM Colony,Chain Snatching
2023-04-18 20:31:00,17.762617,83.282314,Gajuwaka,Assault
2023-05-27 03:53:00,17.846695,83.352852,MVP Colony,Theft
2023-08-26 20:08:00,17.708712,83.229409,Kurmannapalem,Harassment
2023-12-20 16:34:00,17.791968,83.319921,PM Palem,Theft
2023-05-10 10:21:00,17.790045,83.315323,Jagadamba Junction,Drunk Driving
2023-05-26 19:49:00,17.729398,83.222186,NAD Junction,Chain Snatching
2023-10-30 22:04:00,17.69177,83.217222,Kancharapalem,Harassment
2023-04-28 17:22:00,17.746456,83.317837,Gajuwaka,Burglary
2023-12-08 21:43:00,17.767136,83.18733,KRM Colony,Assault
2023-12-29 08:32:00,17.816474,83.168832,KRM Colony,Chain Snatching
2023-04-22 13:40:00,17.768541,83.34155,Dwaraka Nagar,Theft
2023-03-10 07:35:00,17.843617,83.333679,Kancharapalem,Vandalism
2023-05-02 05:19:00,17.768361,83.312574,Kancharapalem,Drunk Driving
2023-09-07 07:11:00,17.804678,83.292127,Beach Road,Harassment
2023-08-04 08:29:00,17.700595,83.352494,Dwaraka Nagar,Assault
2023-10-31 20:02:00,17.83434,83.192681,KRM Colony,Burglary
2023-05-30 18:54:00,17.780103,83.192602,Pedda Waltair,Assault
2023-02-14 23:29:00,17.719132,83.180804,Gajuwaka,Theft
2023-11-10 02:22:00,17.756452,83.165156,Pedda Waltair,Vandalism
2023-06-17 14:54:00,17.680965,83.351452,MVP Colony,Drunk Driving
2023-11-20 02:28:00,17.713465,83.251365,Kurmannapalem,Drunk Driving
2023-05-07 03:58:00,17.758776,83.228956,Jagadamba Junction,Harassment
2023-09-26 21:00:00,17.747389,83.323857,KRM Colony,Theft
2023-08-19 20:09:00,17.696074,83.225244,PM Palem,Assault
2023-10-01 12:44:00,17.707669,83.267642,Asilmetta,Burglary
2023-05-30 19:18:00,17.751413,83.205793,Asilmetta,Theft
2023-02-14 14:09:00,17.712063,83.286533,Madhurawada,Theft
2023-01-21 02:37:00,17.706715,83.310436,Gopalapatnam,Theft
2023-02-02 15:04:00,17.68221,83.276702,NAD Junction,Burglary
2023-05-09 21:37:00,17.799617,83.216537,Jagadamba Junction,Harassment
2023-03-08 10:35:00,17.80813,83.320292,Gopalapatnam,Harassment
2023-07-09 04:52:00,17.71828,83.256014,Kurmannapalem,Burglary
2023-10-10 04:19:00,17.72749,83.353729,Jagadamba Junction,Chain Snatching
2023-04-21 18:00:00,17.816014,83.273398,Jagadamba Junction,Harassment
2023-02-27 05:29:00,17.796472,83.186863,Gopalapatnam,Theft
2023-12-30 08:41:00,17.745427,83.172612,Gajuwaka,Harassment
2023-10-04 12:06:00,17.708185,83.358182,Jagadamba Junction,Burglary
2023-11-18 04:34:00,17.764536,83.255115,Dwaraka Nagar,Harassment
2023-03-03 01:50:00,17.837217,83.161126,Gopalapatnam,Harassment
2023-07-16 07:43:00,17.710025,83.162593,Kancharapalem,Theft
2023-02-09 19:09:00,17.824128,83.199094,Kancharapalem,Vandalism
2023-05-20 03:55:00,17.742355,83.177435,Beach Road,Theft
2023-12-07 23:32:00,17.695588,83.182289,Kurmannapalem,Theft
2023-02-17 07:29:00,17.840149,83.179529,Pedda Waltair,Drunk Driving
2023-02-04 08:23:00,17.798238,83.174511,Gajuwaka,Burglary
2023-06-06 10:21:00,17.825209,83.354092,Gajuwaka,Harassment
2023-05-03 13:52:00,17.75491,83.222823,Kancharapalem,Assault
2023-11-04 18:33:00,17.84648,83.190318,Gajuwaka,Vandalism
2023-03-12 18:17:00,17.781685,83.341779,Dwaraka Nagar,Theft
2023-07-07 22:50:00,17.694146,83.340752,PM Palem,Theft
2023-04-24 19:23:00,17.834851,83.187556,Seethammadhara,Assault
2023-03-13 17:36:00,17.768514,83.294729,Dwaraka Nagar,Drunk Driving
2023-02-15 07:42:00,17.752046,83.354895,NAD Junction,Theft
2023-12-28 10:43:00,17.759358,83.266853,Kancharapalem,Drunk Driving
2023-07-21 05:47:00,17.820655,83.183738,Asilmetta,Harassment
2023-09-25 03:20:00,17.837282,83.225295,KRM Colony,Harassment
2023-12-14 03:15:00,17.715632,83.343741,Kurmannapalem,Harassment
2023-07-26 21:17:00,17.767398,83.211252,NAD Junction,Assault
2023-08-29 19:34:00,17.72485,83.239895,Kurmannapalem,Drunk Driving
2023-03-07 04:55:00,17.768278,83.352836,Seethammadhara,Burglary
2023-04-24 19:55:00,17.752708,83.24724,Gajuwaka,Theft
2023-08-26 16:33:00,17.784448,83.258097,Gajuwaka,Harassment
2023-12-10 06:19:00,17.729955,83.164748,PM Palem,Burglary
2023-07-22 18:31:00,17.849323,83.274562,Gopalapatnam,Theft
2023-04-09 19:05:00,17.809034,83.160683,Kurmannapalem,Burglary
2023-11-18 21:03:00,17.752554,83.172292,Asilmetta,Theft
2023-11-23 18:25:00,17.703928,83.292944,Pedda Waltair,Assault
2023-04-03 11:27:00,17.837551,83.29104,Beach Road,Vandalism
2023-01-04 18:18:00,17.81514,83.161127,Pedda Waltair,Theft
2023-02-25 13:46:00,17.797486,83.299895,Kurmannapalem,Drunk Driving
2023-09-18 19:03:00,17.801152,83.281796,NAD Junction,Assault
2023-07-20 20:53:00,17.745993,83.204248,Kancharapalem,Theft
2023-04-01 18:16:00,17.807689,83.316934,Gopalapatnam,Drunk Driving
2023-07-12 08:23:00,17.816693,83.306258,Gopalapatnam,Chain Snatching
2023-04-15 14:47:00,17.797937,83.226841,MVP Colony,Chain Snatching
2023-03-06 11:53:00,17.840273,83.24464,Gopalapatnam,Burglary
2023-05-20 10:56:00,17.839674,83.347928,Kurmannapalem,Assault
2023-12-12 16:02:00,17.719871,83.263027,Asilmetta,Theft
2023-04-26 12:06:00,17.719402,83.247735,Jagadamba Junction,Theft
2023-09-17 18:03:00,17.717056,83.225397,Kancharapalem,Harassment
2023-02-24 22:00:00,17.806381,83.21751,Asilmetta,Harassment
2023-01-09 10:35:00,17.714277,83.317364,Gajuwaka,Assault
2023-01-10 17:47:00,17.715455,83.336519,Gajuwaka,Drunk Driving
2023-09-07 10:00:00,17.702073,83.329287,PM Palem,Drunk Driving
2023-06-15 02:48:00,17.809548,83.344813,Beach Road,Theft
2023-09-14 02:13:00,17.737532,83.194903,Gajuwaka,Theft
2023-08-04 04:06:00,17.779587,83.240944,KRM Colony,Vandalism
2023-11-21 23:29:00,17.684137,83.21342,Madhurawada,Vandalism
2023-04-22 14:54:00,17.824702,83.305833,Beach Road,Drunk Driving
2023-06-19 01:25:00,17.754434,83.199604,Gopalapatnam,Theft
2023-10-17 03:21:00,17.794738,83.271699,Kancharapalem,Theft
2023-07-20 08:29:00,17.781521,83.203815,Gajuwaka,Assault
2023-07-30 16:16:00,17.694393,83.179233,Kancharapalem,Harassment
2023-06-18 12:34:00,17.74091,83.351486,Dwaraka Nagar,Drunk Driving
2023-12-12 14:24:00,17.78463,83.359128,Dwaraka Nagar,Harassment
2023-02-24 02:13:00,17.79283,83.262627,Kurmannapalem,Harassment
2023-09-08 17:08:00,17.750461,83.307788,Kancharapalem,Chain Snatching
2023-06-09 01:03:00,17.813331,83.291674,Gajuwaka,Assault
2023-12-24 06:38:00,17.788648,83.174859,Dwaraka Nagar,Theft
2023-08-02 03:45:00,17.760051,83.290197,Seethammadhara,Assault
2023-08-01 07:29:00,17.748335,83.276905,Gajuwaka,Assault
2023-11-21 03:05:00,17.717137,83.183532,Kurmannapalem,Chain Snatching
2023-06-24 03:29:00,17.799412,83.294474,Jagadamba Junction,Drunk Driving
2023-10-24 02:54:00,17.796318,83.284961,Pedda Waltair,Chain Snatching
2023-01-21 00:09:00,17.71546,83.207545,KRM Colony,Assault
2023-05-03 05:05:00,17.778985,83.227576,MVP Colony,Drunk Driving
2023-10-17 01:32:00,17.72012,83.277607,Gajuwaka,Harassment
2023-12-06 09:41:00,17.814296,83.239733,MVP Colony,Chain Snatching
2023-08-03 09:27:00,17.78843,83.218499,Pedda Waltair,Assault
2023-09-23 03:20:00,17.700421,83.280103,Asilmetta,Harassment
2023-02-12 09:45:00,17.697268,83.179712,Jagadamba Junction,Burglary
2023-02-21 13:28:00,17.754451,83.228622,Seethammadhara,Assault
2023-03-08 20:36:00,17.843654,83.3357,Asilmetta,Vandalism
2023-04-29 05:55:00,17.796202,83.317414,KRM Colony,Theft
2023-05-02 17:29:00,17.723002,83.283535,Pedda Waltair,Drunk Driving
2023-12-24 01:40:00,17.819211,83.185225,Asilmetta,Theft
2023-08-03 21:33:00,17.747494,83.200449,Pedda Waltair,Theft
2023-01-21 17:24:00,17.739067,83.304671,Gopalapatnam,Theft
2023-05-19 05:33:00,17.719588,83.351441,Pedda Waltair,Theft
2023-02-05 17:15:00,17.811462,83.212207,Asilmetta,Assault
2023-05-30 03:09:00,17.752994,83.252596,Kurmannapalem,Harassment
2023-06-10 05:05:00,17.682152,83.318458,Kurmannapalem,Harassment
2023-07-10 17:10:00,17.733624,83.322441,Gajuwaka,Assault
2023-07-17 02:18:00,17.796067,83.323419,Kancharapalem,Assault
2023-10-26 10:26:00,17.836001,83.239219,Madhurawada,Theft
2023-08-02 20:42:00,17.691315,83.221239,Beach Road,Burglary
2023-12-06 01:32:00,17.790541,83.337269,NAD Junction,Theft
2023-10-03 11:23:00,17.837794,83.289418,Gopalapatnam,Theft
2023-04-28 13:39:00,17.683942,83.250845,Dwaraka Nagar,Assault
2023-11-06 12:29:00,17.800992,83.23837,PM Palem,Harassment
2023-07-15 20:04:00,17.737619,83.163451,KRM Colony,Chain Snatching
2023-11-25 19:01:00,17.757447,83.277076,Asilmetta,Theft
2023-10-21 18:37:00,17.702917,83.264363,Asilmetta,Vandalism
2023-02-08 14:55:00,17.746279,83.289669,Seethammadhara,Harassment
2023-08-28 03:39:00,17.823069,83.200446,Gopalapatnam,Assault
2023-06-28 08:23:00,17.811053,83.229732,Kurmannapalem,Chain Snatching
2023-02-18 13:45:00,17.727444,83.211171,Madhurawada,Assault
2023-11-28 16:09:00,17.810662,83.242074,NAD Junction,Vandalism
2023-11-07 14:35:00,17.841196,83.283146,Beach Road,Assault
2023-11-23 20:49:00,17.793981,83.220466,Pedda Waltair,Theft
2023-04-06 10:58:00,17.729939,83.315494,Kancharapalem,Burglary
2023-05-31 06:54:00,17.731369,83.287953,KRM Colony,Theft
2023-06-29 22:40:00,17.70396,83.292329,Kancharapalem,Chain Snatching
2023-07-13 11:38:00,17.708937,83.329642,Pedda Waltair,Theft
2023-03-05 15:22:00,17.837412,83.266235,Gajuwaka,Theft
2023-01-05 17:35:00,17.805898,83.273783,Gajuwaka,Theft
2023-04-21 04:48:00,17.819562,83.303937,Seethammadhara,Harassment
2023-08-01 06:02:00,17.788039,83.32934,Kurmannapalem,Vandalism
2023-01-04 11:50:00,17.683474,83.17366,PM Palem,Vandalism
